Month,Day,Hour,Hour_simulation,Unnamed: 4,"Day_type(0,1)","Building_opening_hours(0,1)","Building_use_intensity(0,1)",External temperture (ºC),Indoor_temperature.FF_θair(ºC) ,Unnamed: 10,Heating_thermal_load(kW),Cooling_thermal_load(kW),Indoor_temperature.Set-point_θair(ºC) ,Unnamed: 14,Energy_Heating(kW),Energy_Cooling(kW),Energy_Ventilation(kW),Hot_water(kW),Lighting(kW),Building_background/standby(kW),Others(kW)
Jan,1,1,1,,1,1,0.77,-18.0,14.96,,86.25,0.0,22.0,,43.87,0.0,0.0,0.61,6.04,6.53,3.76
Jan,1,2,2,,1,1,0.77,-16.6,14.57,,80.96,0.0,22.0,,39.82,0.0,0.0,0.61,6.04,6.53,3.76
Jan,1,3,3,,1,1,0.77,-15.3,14.2,,76.17,0.0,22.0,,36.35,0.0,0.0,0.61,6.04,6.53,3.76
Jan,1,4,4,,1,1,0.77,-14.4,13.83,,72.13,0.0,22.0,,33.63,0.0,0.0,0.61,6.04,6.53,3.76
Jan,1,5,5,,1,1,0.77,-13.0,13.53,,67.93,0.0,22.0,,30.52,0.0,0.0,0.61,6.04,6.53,3.76
Jan,1,6,6,,1,1,0.77,-11.1,13.3,,63.47,0.0,22.0,,27.17,0.0,0.0,0.61,6.04,6.53,3.76
Jan,1,7,7,,1,1,1.0,-9.7,11.94,,455.69,0.0,22.0,,171.75,0.0,14.7,0.8,7.88,6.53,4.91
Jan,1,8,8,,1,1,1.0,-7.7,11.98,,409.62,0.0,22.0,,157.72,0.0,14.7,0.8,7.88,6.53,4.91
Jan,1,9,9,,1,1,1.0,-5.9,11.96,,373.5,0.0,22.0,,145.05,0.0,14.7,0.8,7.88,6.53,4.91
Jan,1,10,10,,1,1,1.0,-2.2,12.46,,303.77,0.0,22.0,,141.14,0.0,14.7,0.8,7.88,6.53,4.91
Jan,1,11,11,,1,1,1.0,1.4,13.04,,237.75,0.0,22.0,,89.15,0.0,14.7,0.8,7.88,6.53,4.91
Jan,1,12,12,,1,1,1.0,2.8,13.41,,194.02,0.0,22.0,,70.46,0.0,14.7,0.8,7.88,6.53,4.91
Jan,1,13,13,,1,1,1.0,4.4,13.74,,159.31,0.0,22.0,,55.84,0.0,14.7,0.8,7.88,6.53,4.91
Jan,1,14,14,,1,1,1.0,3.3,13.78,,149.7,0.0,22.0,,53.76,0.0,14.7,0.8,7.88,6.53,4.91
Jan,1,15,15,,1,1,1.0,3.9,13.9,,135.32,0.0,22.0,,47.96,0.0,14.7,0.8,7.88,6.53,4.91
Jan,1,16,16,,1,1,1.0,2.2,13.69,,146.84,0.0,22.0,,54.06,0.0,14.7,0.8,7.88,6.53,4.91
Jan,1,17,17,,1,1,1.0,-0.6,13.15,,181.41,0.0,22.0,,71.71,0.0,14.7,0.8,7.88,6.53,4.91
Jan,1,18,18,,1,1,1.0,-2.2,12.76,,201.68,0.0,22.0,,84.2,0.0,14.7,0.8,7.88,6.53,4.91
Jan,1,19,19,,1,1,1.0,-5.0,12.18,,233.36,0.0,22.0,,108.04,0.0,14.7,0.8,7.88,6.53,4.91
Jan,1,20,20,,1,1,1.0,-5.6,11.83,,245.06,0.0,22.0,,101.89,0.0,14.7,0.8,7.88,6.53,4.91
Jan,1,21,21,,1,1,1.0,-6.1,11.49,,255.31,0.0,22.0,,107.44,0.0,14.7,0.8,7.88,6.53,4.91
Jan,1,22,22,,1,1,0.77,-6.1,11.9,,30.26,0.0,22.0,,12.73,0.0,0.0,0.61,6.04,6.53,3.76
Jan,1,23,23,,1,1,0.77,-6.1,11.67,,31.25,0.0,22.0,,13.15,0.0,0.0,0.61,6.04,6.53,3.76
Jan,1,24,24,,1,1,0.77,-5.0,11.54,,31.0,0.0,22.0,,14.35,0.0,0.0,0.61,6.04,6.53,3.76
Jan,2,1,25,,1,1,0.77,-5.0,11.34,,31.64,0.0,22.0,,14.65,0.0,0.0,0.61,6.04,6.53,3.76
Jan,2,2,26,,1,1,0.77,-5.6,11.09,,32.8,0.0,22.0,,13.64,0.0,0.0,0.61,6.04,6.53,3.76
Jan,2,3,27,,1,1,0.77,-5.0,10.94,,32.72,0.0,22.0,,15.15,0.0,0.0,0.61,6.04,6.53,3.76
Jan,2,4,28,,1,1,0.77,-6.7,10.61,,34.85,0.0,22.0,,14.88,0.0,0.0,0.61,6.04,6.53,3.76
Jan,2,5,29,,1,1,0.77,-5.6,10.49,,34.24,0.0,22.0,,14.24,0.0,0.0,0.61,6.04,6.53,3.76
Jan,2,6,30,,1,1,0.77,-6.1,10.25,,35.09,0.0,22.0,,14.77,0.0,0.0,0.61,6.04,6.53,3.76
Jan,2,7,31,,1,1,1.0,-4.4,9.48,,288.22,0.0,22.0,,138.95,0.0,14.7,0.8,7.88,6.53,4.91
Jan,2,8,32,,1,1,1.0,-2.8,9.67,,257.69,0.0,22.0,,109.9,0.0,14.7,0.8,7.88,6.53,4.91
Jan,2,9,33,,1,1,1.0,-1.7,9.74,,239.63,0.0,22.0,,98.32,0.0,14.7,0.8,7.88,6.53,4.91
Jan,2,10,34,,1,1,1.0,2.2,10.37,,182.95,0.0,22.0,,67.35,0.0,14.7,0.8,7.88,6.53,4.91
Jan,2,11,35,,1,1,1.0,5.6,11.15,,121.68,0.0,22.0,,41.53,0.0,14.7,0.8,7.88,6.53,4.91
Jan,2,12,36,,1,1,1.0,8.9,11.82,,75.7,0.0,22.0,,24.05,0.0,14.7,0.8,7.88,6.53,4.91
Jan,2,13,37,,1,1,1.0,9.4,12.2,,55.29,0.0,22.0,,17.38,0.0,14.7,0.8,7.88,6.53,4.91
Jan,2,14,38,,1,1,1.0,9.4,12.44,,47.54,0.0,22.0,,14.95,0.0,14.7,0.8,7.88,6.53,4.91
Jan,2,15,39,,1,1,1.0,10.0,12.8,,32.14,0.0,22.0,,9.98,0.0,14.7,0.8,7.88,6.53,4.91
Jan,2,16,40,,1,1,1.0,7.8,12.66,,54.95,0.0,22.0,,17.87,0.0,14.7,0.8,7.88,6.53,4.91
Jan,2,17,41,,1,1,1.0,6.7,12.51,,75.08,0.0,22.0,,25.01,0.0,14.7,0.8,7.88,6.53,4.91
Jan,2,18,42,,1,1,1.0,5.0,12.29,,97.61,0.0,22.0,,33.78,0.0,14.7,0.8,7.88,6.53,4.91
Jan,2,19,43,,1,1,1.0,1.1,11.76,,140.81,0.0,22.0,,53.17,0.0,14.7,0.8,7.88,6.53,4.91
Jan,2,20,44,,1,1,1.0,0.0,11.51,,158.8,0.0,22.0,,61.55,0.0,14.7,0.8,7.88,6.53,4.91
Jan,2,21,45,,1,1,1.0,-1.7,11.16,,181.98,0.0,22.0,,74.67,0.0,14.7,0.8,7.88,6.53,4.91
Jan,2,22,46,,1,1,0.77,-1.1,11.49,,19.96,0.0,22.0,,8.02,0.0,0.0,0.61,6.04,6.53,3.76
Jan,2,23,47,,1,1,0.77,0.6,11.51,,19.48,0.0,22.0,,7.44,0.0,0.0,0.61,6.04,6.53,3.76
Jan,2,24,48,,1,1,0.77,0.0,11.36,,21.01,0.0,22.0,,8.14,0.0,0.0,0.61,6.04,6.53,3.76
Jan,3,1,49,,1,1,0.77,-0.6,11.21,,22.47,0.0,22.0,,8.88,0.0,0.0,0.61,6.04,6.53,3.76
Jan,3,2,50,,1,1,0.77,-0.6,11.1,,23.26,0.0,22.0,,9.2,0.0,0.0,0.61,6.04,6.53,3.76
Jan,3,3,51,,1,1,0.77,-1.1,10.95,,24.45,0.0,22.0,,9.83,0.0,0.0,0.61,6.04,6.53,3.76
Jan,3,4,52,,1,1,0.77,-1.7,10.78,,25.69,0.0,22.0,,10.54,0.0,0.0,0.61,6.04,6.53,3.76
Jan,3,5,53,,1,1,0.77,-1.7,10.66,,26.3,0.0,22.0,,10.79,0.0,0.0,0.61,6.04,6.53,3.76
Jan,3,6,54,,1,1,0.77,-1.1,10.58,,26.22,0.0,22.0,,10.54,0.0,0.0,0.61,6.04,6.53,3.76
Jan,3,7,55,,1,1,1.0,-1.1,9.9,,235.78,0.0,22.0,,94.78,0.0,14.7,0.8,7.88,6.53,4.91
Jan,3,8,56,,1,1,1.0,-0.6,10.01,,217.59,0.0,22.0,,86.02,0.0,14.7,0.8,7.88,6.53,4.91
Jan,3,9,57,,1,1,1.0,3.3,10.49,,174.24,0.0,22.0,,62.57,0.0,14.7,0.8,7.88,6.53,4.91
Jan,3,10,58,,1,1,1.0,5.6,10.94,,138.06,0.0,22.0,,47.13,0.0,14.7,0.8,7.88,6.53,4.91
Jan,3,11,59,,1,1,1.0,6.1,11.37,,107.72,0.0,22.0,,36.36,0.0,14.7,0.8,7.88,6.53,4.91
Jan,3,12,60,,1,1,1.0,6.7,11.85,,77.27,0.0,22.0,,25.74,0.0,14.7,0.8,7.88,6.53,4.91
Jan,3,13,61,,1,1,1.0,5.6,12.05,,70.51,0.0,22.0,,24.07,0.0,14.7,0.8,7.88,6.53,4.91
Jan,3,14,62,,1,1,1.0,4.6,12.17,,69.47,0.0,22.0,,24.25,0.0,14.7,0.8,7.88,6.53,4.91
Jan,3,15,63,,1,1,1.0,2.3,12.01,,89.44,0.0,22.0,,32.85,0.0,14.7,0.8,7.88,6.53,4.91
Jan,3,16,64,,1,1,1.0,-0.3,11.63,,123.17,0.0,22.0,,48.21,0.0,14.7,0.8,7.88,6.53,4.91
Jan,3,17,65,,1,1,1.0,-3.0,11.11,,163.45,0.0,22.0,,70.21,0.0,14.7,0.8,7.88,6.53,4.91
Jan,3,18,66,,1,1,1.0,-5.8,10.55,,201.74,0.0,22.0,,84.28,0.0,14.7,0.8,7.88,6.53,4.91
Jan,3,19,67,,1,1,1.0,-5.6,10.33,,211.62,0.0,22.0,,87.98,0.0,14.7,0.8,7.88,6.53,4.91
Jan,3,20,68,,1,1,1.0,-7.2,9.88,,236.75,0.0,22.0,,102.38,0.0,14.7,0.8,7.88,6.53,4.91
Jan,3,21,69,,1,1,1.0,-8.8,9.4,,261.35,0.0,22.0,,121.79,0.0,14.7,0.8,7.88,6.53,4.91
Jan,3,22,70,,1,1,0.77,-9.9,9.74,,31.42,0.0,22.0,,14.57,0.0,0.0,0.61,6.04,6.53,3.76
Jan,3,23,71,,1,1,0.77,-11.4,9.36,,34.64,0.0,22.0,,14.94,0.0,0.0,0.61,6.04,6.53,3.76
Jan,3,24,72,,1,1,0.77,-12.4,9.0,,37.26,0.0,22.0,,16.48,0.0,0.0,0.61,6.04,6.53,3.76
Jan,4,1,73,,1,1,0.77,-13.5,8.62,,39.85,0.0,22.0,,18.14,0.0,0.0,0.61,6.04,6.53,3.76
Jan,4,2,74,,1,1,0.77,-16.2,8.09,,43.97,0.0,22.0,,21.42,0.0,0.0,0.61,6.04,6.53,3.76
Jan,4,3,75,,1,1,0.77,-16.2,7.75,,45.41,0.0,22.0,,22.13,0.0,0.0,0.61,6.04,6.53,3.76
Jan,4,4,76,,1,1,0.77,-14.7,7.53,,45.13,0.0,22.0,,21.21,0.0,0.0,0.61,6.04,6.53,3.76
Jan,4,5,77,,1,1,0.77,-14.2,7.27,,45.57,0.0,22.0,,21.13,0.0,0.0,0.61,6.04,6.53,3.76
Jan,4,6,78,,1,1,0.77,-13.3,7.05,,45.42,0.0,22.0,,20.57,0.0,0.0,0.61,6.04,6.53,3.76
Jan,4,7,79,,1,1,1.0,-11.8,5.98,,376.61,0.0,22.0,,169.05,0.0,14.7,0.8,7.88,6.53,4.91
Jan,4,8,80,,1,1,1.0,-9.1,6.24,,335.15,0.0,22.0,,167.55,0.0,14.7,0.8,7.88,6.53,4.91
Jan,4,9,81,,1,1,1.0,-5.9,6.49,,299.31,0.0,22.0,,139.36,0.0,14.7,0.8,7.88,6.53,4.91
Jan,4,10,82,,1,1,1.0,-0.5,7.14,,238.83,0.0,22.0,,94.1,0.0,14.7,0.8,7.88,6.53,4.91
Jan,4,11,83,,1,1,1.0,3.3,7.68,,193.81,0.0,22.0,,69.6,0.0,14.7,0.8,7.88,6.53,4.91
Jan,4,12,84,,1,1,1.0,3.8,7.9,,176.96,0.0,22.0,,62.85,0.0,14.7,0.8,7.88,6.53,4.91
Jan,4,13,85,,1,1,1.0,8.0,8.56,,130.12,0.0,22.0,,42.14,0.0,14.7,0.8,7.88,6.53,4.91
Jan,4,14,86,,1,1,1.0,9.6,8.96,,106.95,0.0,22.0,,33.49,0.0,14.7,0.8,7.88,6.53,4.91
Jan,4,15,87,,1,1,1.0,11.1,9.37,,85.46,0.0,22.0,,25.92,0.0,14.7,0.8,7.88,6.53,4.91
Jan,4,16,88,,1,1,1.0,10.0,9.44,,91.73,0.0,22.0,,28.49,0.0,14.7,0.8,7.88,6.53,4.91
Jan,4,17,89,,1,1,1.0,7.2,9.23,,117.17,0.0,22.0,,38.6,0.0,14.7,0.8,7.88,6.53,4.91
Jan,4,18,90,,1,1,1.0,7.2,9.33,,117.09,0.0,22.0,,38.58,0.0,14.7,0.8,7.88,6.53,4.91
Jan,4,19,91,,1,1,1.0,6.1,9.28,,127.36,0.0,22.0,,42.99,0.0,14.7,0.8,7.88,6.53,4.91
Jan,4,20,92,,1,1,1.0,7.2,9.49,,117.5,0.0,22.0,,38.71,0.0,14.7,0.8,7.88,6.53,4.91
Jan,4,21,93,,1,1,1.0,6.1,9.44,,127.71,0.0,22.0,,43.11,0.0,14.7,0.8,7.88,6.53,4.91
Jan,4,22,94,,1,1,0.77,5.6,9.44,,15.37,0.0,22.0,,5.25,0.0,0.0,0.61,6.04,6.53,3.76
Jan,4,23,95,,1,1,0.77,5.0,9.42,,16.31,0.0,22.0,,5.64,0.0,0.0,0.61,6.04,6.53,3.76
Jan,4,24,96,,1,1,0.77,10.0,9.86,,11.6,0.0,22.0,,3.6,0.0,0.0,0.61,6.04,6.53,3.76
Jan,5,1,97,,1,1,0.77,5.0,9.56,,16.5,0.0,22.0,,5.71,0.0,0.0,0.61,6.04,6.53,3.76
Jan,5,2,98,,1,1,0.77,10.6,10.05,,11.15,0.0,22.0,,3.42,0.0,0.0,0.61,6.04,6.53,3.76
Jan,5,3,99,,1,1,0.77,11.1,10.21,,10.41,0.0,22.0,,3.16,0.0,0.0,0.61,6.04,6.53,3.76
Jan,5,4,100,,1,1,0.77,9.4,10.19,,11.89,0.0,22.0,,3.74,0.0,0.0,0.61,6.04,6.53,3.76
Jan,5,5,101,,1,1,0.77,9.4,10.28,,11.83,0.0,22.0,,3.72,0.0,0.0,0.61,6.04,6.53,3.76
Jan,5,6,102,,1,1,0.77,9.4,10.38,,11.78,0.0,22.0,,3.7,0.0,0.0,0.61,6.04,6.53,3.76
Jan,5,7,103,,1,1,1.0,5.0,9.85,,154.17,0.0,22.0,,53.35,0.0,14.7,0.8,7.88,6.53,4.91
Jan,5,8,104,,1,1,1.0,10.0,10.73,,90.07,0.0,22.0,,27.97,0.0,14.7,0.8,7.88,6.53,4.91
Jan,5,9,105,,1,1,1.0,8.9,11.0,,78.75,0.0,22.0,,25.02,0.0,14.7,0.8,7.88,6.53,4.91
Jan,5,10,106,,1,1,1.0,12.8,11.94,,18.41,0.0,22.0,,5.39,0.0,14.7,0.8,7.88,6.53,4.91
Jan,5,11,107,,1,1,1.0,12.8,12.46,,0.0,3.91,22.05,,0.0,0.63,14.7,0.8,7.88,6.53,4.91
Jan,5,12,108,,1,1,1.0,15.0,13.29,,0.0,48.18,22.66,,0.0,8.21,14.7,0.8,7.88,6.53,4.91
Jan,5,13,109,,1,1,1.0,14.4,13.76,,0.0,65.46,22.89,,0.0,10.99,14.7,0.8,7.88,6.53,4.91
Jan,5,14,110,,1,1,1.0,12.8,14.03,,0.0,69.41,22.94,,0.0,11.2,14.7,0.8,7.88,6.53,4.91
Jan,5,15,111,,1,1,1.0,10.0,13.96,,0.0,47.62,22.65,,0.0,7.2,14.7,0.8,7.88,6.53,4.91
Jan,5,16,112,,1,1,1.0,8.3,13.9,,0.0,28.05,22.38,,0.0,4.09,14.7,0.8,7.88,6.53,4.91
Jan,5,17,113,,1,1,1.0,5.6,13.52,,15.47,0.0,22.0,,5.28,0.0,14.7,0.8,7.88,6.53,4.91
Jan,5,18,114,,1,1,1.0,5.6,13.47,,32.04,0.0,22.0,,10.94,0.0,14.7,0.8,7.88,6.53,4.91
Jan,5,19,115,,1,1,1.0,3.9,13.21,,62.34,0.0,22.0,,22.09,0.0,14.7,0.8,7.88,6.53,4.91
Jan,5,20,116,,1,1,1.0,3.3,13.05,,81.23,0.0,22.0,,29.17,0.0,14.7,0.8,7.88,6.53,4.91
Jan,5,21,117,,1,1,1.0,1.7,12.75,,108.05,0.0,22.0,,40.24,0.0,14.7,0.8,7.88,6.53,4.91
Jan,5,22,118,,1,1,0.77,0.0,12.85,,12.18,0.0,22.0,,4.72,0.0,0.0,0.61,6.04,6.53,3.76
Jan,5,23,119,,1,1,0.77,0.6,12.77,,13.62,0.0,22.0,,5.2,0.0,0.0,0.61,6.04,6.53,3.76
Jan,5,24,120,,1,1,0.77,0.0,12.6,,15.94,0.0,22.0,,6.18,0.0,0.0,0.61,6.04,6.53,3.76
Jan,6,1,121,,1,1,0.77,0.0,12.47,,17.48,0.0,22.0,,6.78,0.0,0.0,0.61,6.04,6.53,3.76
Jan,6,2,122,,1,1,0.77,1.1,12.44,,17.69,0.0,22.0,,6.68,0.0,0.0,0.61,6.04,6.53,3.76
Jan,6,3,123,,1,1,0.77,0.6,12.3,,19.25,0.0,22.0,,7.36,0.0,0.0,0.61,6.04,6.53,3.76
Jan,6,4,124,,1,1,0.77,0.0,12.14,,20.81,0.0,22.0,,8.07,0.0,0.0,0.61,6.04,6.53,3.76
Jan,6,5,125,,1,1,0.77,-0.6,11.97,,22.29,0.0,22.0,,8.81,0.0,0.0,0.61,6.04,6.53,3.76
Jan,6,6,126,,1,1,0.77,0.0,11.89,,22.5,0.0,22.0,,8.72,0.0,0.0,0.61,6.04,6.53,3.76
Jan,6,7,127,,1,1,1.0,-0.6,11.12,,217.69,0.0,22.0,,86.06,0.0,14.7,0.8,7.88,6.53,4.91
Jan,6,8,128,,1,1,1.0,-0.6,11.15,,205.63,0.0,22.0,,81.29,0.0,14.7,0.8,7.88,6.53,4.91
Jan,6,9,129,,1,1,1.0,-0.6,11.22,,192.13,0.0,22.0,,75.95,0.0,14.7,0.8,7.88,6.53,4.91
Jan,6,10,130,,1,1,1.0,0.0,11.43,,170.0,0.0,22.0,,65.89,0.0,14.7,0.8,7.88,6.53,4.91
Jan,6,11,131,,1,1,1.0,0.0,11.74,,143.37,0.0,22.0,,55.57,0.0,14.7,0.8,7.88,6.53,4.91
Jan,6,12,132,,1,1,1.0,1.1,12.12,,113.98,0.0,22.0,,43.04,0.0,14.7,0.8,7.88,6.53,4.91
Jan,6,13,133,,1,1,1.0,1.7,12.45,,92.33,0.0,22.0,,34.38,0.0,14.7,0.8,7.88,6.53,4.91
Jan,6,14,134,,1,1,1.0,1.1,12.58,,86.96,0.0,22.0,,32.84,0.0,14.7,0.8,7.88,6.53,4.91
Jan,6,15,135,,1,1,1.0,1.7,12.78,,77.59,0.0,22.0,,28.89,0.0,14.7,0.8,7.88,6.53,4.91
Jan,6,16,136,,1,1,1.0,0.6,12.67,,92.13,0.0,22.0,,35.2,0.0,14.7,0.8,7.88,6.53,4.91
Jan,6,17,137,,1,1,1.0,-0.6,12.3,,123.37,0.0,22.0,,48.77,0.0,14.7,0.8,7.88,6.53,4.91
Jan,6,18,138,,1,1,1.0,-1.7,11.99,,146.81,0.0,22.0,,60.24,0.0,14.7,0.8,7.88,6.53,4.91
Jan,6,19,139,,1,1,1.0,-3.3,11.6,,173.72,0.0,22.0,,75.44,0.0,14.7,0.8,7.88,6.53,4.91
Jan,6,20,140,,1,1,1.0,-4.4,11.24,,195.16,0.0,22.0,,88.29,0.0,14.7,0.8,7.88,6.53,4.91
Jan,6,21,141,,1,1,1.0,-6.1,10.79,,221.3,0.0,22.0,,93.13,0.0,14.7,0.8,7.88,6.53,4.91
Jan,6,22,142,,1,1,0.77,-7.8,11.04,,26.83,0.0,22.0,,11.78,0.0,0.0,0.61,6.04,6.53,3.76
Jan,6,23,143,,1,1,0.77,-7.8,10.8,,28.67,0.0,22.0,,12.59,0.0,0.0,0.61,6.04,6.53,3.76
Jan,6,24,144,,1,1,0.77,-8.9,10.47,,31.38,0.0,22.0,,14.17,0.0,0.0,0.61,6.04,6.53,3.76
Jan,7,1,145,,1,1,0.77,-8.9,10.21,,32.86,0.0,22.0,,14.84,0.0,0.0,0.61,6.04,6.53,3.76
Jan,7,2,146,,1,1,0.77,-8.3,10.02,,33.53,0.0,22.0,,14.91,0.0,0.0,0.61,6.04,6.53,3.76
Jan,7,3,147,,1,1,0.77,-10.6,9.59,,36.91,0.0,22.0,,15.61,0.0,0.0,0.61,6.04,6.53,3.76
Jan,7,4,148,,1,1,0.77,-12.2,9.19,,39.64,0.0,22.0,,17.44,0.0,0.0,0.61,6.04,6.53,3.76
Jan,7,5,149,,1,1,0.77,-13.9,8.76,,42.48,0.0,22.0,,19.54,0.0,0.0,0.61,6.04,6.53,3.76
Jan,7,6,150,,1,1,0.77,-12.8,8.54,,42.48,0.0,22.0,,18.98,0.0,0.0,0.61,6.04,6.53,3.76
Jan,7,7,151,,1,1,1.0,-12.8,7.21,,373.76,0.0,22.0,,175.55,0.0,14.7,0.8,7.88,6.53,4.91
Jan,7,8,152,,1,1,1.0,-2.8,8.3,,269.44,0.0,22.0,,114.91,0.0,14.7,0.8,7.88,6.53,4.91
Jan,7,9,153,,1,1,1.0,-0.6,8.48,,244.25,0.0,22.0,,96.56,0.0,14.7,0.8,7.88,6.53,4.91
Jan,7,10,154,,1,1,1.0,1.1,8.66,,221.91,0.0,22.0,,83.8,0.0,14.7,0.8,7.88,6.53,4.91
Jan,7,11,155,,1,1,1.0,2.8,8.9,,198.23,0.0,22.0,,71.99,0.0,14.7,0.8,7.88,6.53,4.91
Jan,7,12,156,,1,1,1.0,5.0,9.25,,169.64,0.0,22.0,,58.7,0.0,14.7,0.8,7.88,6.53,4.91
Jan,7,13,157,,1,1,1.0,5.6,9.43,,156.26,0.0,22.0,,53.34,0.0,14.7,0.8,7.88,6.53,4.91
Jan,7,14,158,,1,1,1.0,5.0,9.45,,155.82,0.0,22.0,,53.92,0.0,14.7,0.8,7.88,6.53,4.91
Jan,7,15,159,,1,1,1.0,5.0,9.52,,152.16,0.0,22.0,,52.65,0.0,14.7,0.8,7.88,6.53,4.91
Jan,7,16,160,,1,1,1.0,4.4,9.49,,156.1,0.0,22.0,,54.72,0.0,14.7,0.8,7.88,6.53,4.91
Jan,7,17,161,,1,1,1.0,5.0,9.58,,150.6,0.0,22.0,,52.11,0.0,14.7,0.8,7.88,6.53,4.91
Jan,7,18,162,,1,1,1.0,5.6,9.7,,144.28,0.0,22.0,,49.25,0.0,14.7,0.8,7.88,6.53,4.91
Jan,7,19,163,,1,1,1.0,5.0,9.67,,149.03,0.0,22.0,,51.57,0.0,14.7,0.8,7.88,6.53,4.91
Jan,7,20,164,,1,1,1.0,4.4,9.62,,154.21,0.0,22.0,,54.06,0.0,14.7,0.8,7.88,6.53,4.91
Jan,7,21,165,,1,1,1.0,2.2,9.36,,174.83,0.0,22.0,,64.36,0.0,14.7,0.8,7.88,6.53,4.91
Jan,7,22,166,,1,1,0.77,-0.6,9.26,,23.58,0.0,22.0,,9.32,0.0,0.0,0.61,6.04,6.53,3.76
Jan,7,23,167,,1,1,0.77,0.0,9.24,,23.61,0.0,22.0,,9.15,0.0,0.0,0.61,6.04,6.53,3.76
Jan,7,24,168,,1,1,0.77,1.7,9.32,,22.39,0.0,22.0,,8.34,0.0,0.0,0.61,6.04,6.53,3.76
Jan,8,1,169,,1,1,0.77,1.7,9.28,,22.67,0.0,22.0,,8.44,0.0,0.0,0.61,6.04,6.53,3.76
Jan,8,2,170,,1,1,0.77,1.1,9.2,,23.51,0.0,22.0,,8.88,0.0,0.0,0.61,6.04,6.53,3.76
Jan,8,3,171,,1,1,0.77,-0.6,9.02,,25.5,0.0,22.0,,10.08,0.0,0.0,0.61,6.04,6.53,3.76
Jan,8,4,172,,1,1,0.77,-1.7,8.85,,26.99,0.0,22.0,,11.07,0.0,0.0,0.61,6.04,6.53,3.76
Jan,8,5,173,,1,1,0.77,-3.3,8.63,,29.04,0.0,22.0,,12.61,0.0,0.0,0.61,6.04,6.53,3.76
Jan,8,6,174,,1,1,0.77,-3.3,8.52,,29.56,0.0,22.0,,12.84,0.0,0.0,0.61,6.04,6.53,3.76
Jan,8,7,175,,1,1,1.0,-4.4,7.69,,273.48,0.0,22.0,,124.21,0.0,14.7,0.8,7.88,6.53,4.91
Jan,8,8,176,,1,1,1.0,-2.8,7.93,,244.34,0.0,22.0,,104.21,0.0,14.7,0.8,7.88,6.53,4.91
Jan,8,9,177,,1,1,1.0,2.2,8.71,,179.06,0.0,22.0,,65.92,0.0,14.7,0.8,7.88,6.53,4.91
Jan,8,10,178,,1,1,1.0,5.0,9.41,,127.59,0.0,22.0,,44.15,0.0,14.7,0.8,7.88,6.53,4.91
Jan,8,11,179,,1,1,1.0,7.2,10.01,,88.17,0.0,22.0,,29.05,0.0,14.7,0.8,7.88,6.53,4.91
Jan,8,12,180,,1,1,1.0,7.8,10.52,,60.88,0.0,22.0,,19.8,0.0,14.7,0.8,7.88,6.53,4.91
Jan,8,13,181,,1,1,1.0,10.6,11.32,,14.5,0.0,22.0,,4.45,0.0,14.7,0.8,7.88,6.53,4.91
Jan,8,14,182,,1,1,1.0,10.6,11.82,,0.0,5.03,22.07,,0.0,0.77,14.7,0.8,7.88,6.53,4.91
Jan,8,15,183,,1,1,1.0,7.8,11.85,,10.45,0.0,22.0,,3.4,0.0,14.7,0.8,7.88,6.53,4.91
Jan,8,16,184,,1,1,1.0,6.7,11.95,,20.41,0.0,22.0,,6.8,0.0,14.7,0.8,7.88,6.53,4.91
Jan,8,17,185,,1,1,1.0,4.4,11.6,,61.57,0.0,22.0,,21.58,0.0,14.7,0.8,7.88,6.53,4.91
Jan,8,18,186,,1,1,1.0,0.6,11.08,,109.86,0.0,22.0,,41.98,0.0,14.7,0.8,7.88,6.53,4.91
Jan,8,19,187,,1,1,1.0,-0.6,10.82,,133.89,0.0,22.0,,52.93,0.0,14.7,0.8,7.88,6.53,4.91
Jan,8,20,188,,1,1,1.0,-1.7,10.54,,155.87,0.0,22.0,,63.95,0.0,14.7,0.8,7.88,6.53,4.91
Jan,8,21,189,,1,1,1.0,-1.1,10.47,,160.85,0.0,22.0,,64.66,0.0,14.7,0.8,7.88,6.53,4.91
Jan,8,22,190,,1,1,0.77,-2.2,10.63,,18.67,0.0,22.0,,7.79,0.0,0.0,0.61,6.04,6.53,3.76
Jan,8,23,191,,1,1,0.77,-1.7,10.54,,19.83,0.0,22.0,,8.14,0.0,0.0,0.61,6.04,6.53,3.76
Jan,8,24,192,,1,1,0.77,-2.8,10.33,,22.35,0.0,22.0,,9.53,0.0,0.0,0.61,6.04,6.53,3.76
Jan,9,1,193,,1,1,0.77,-3.3,10.15,,24.16,0.0,22.0,,10.49,0.0,0.0,0.61,6.04,6.53,3.76
Jan,9,2,194,,1,1,0.77,-3.3,10.01,,25.34,0.0,22.0,,11.0,0.0,0.0,0.61,6.04,6.53,3.76
Jan,9,3,195,,1,1,0.77,-3.3,9.87,,26.36,0.0,22.0,,11.45,0.0,0.0,0.61,6.04,6.53,3.76
Jan,9,4,196,,1,1,0.77,-3.3,9.73,,27.24,0.0,22.0,,11.83,0.0,0.0,0.61,6.04,6.53,3.76
Jan,9,5,197,,1,1,0.77,-3.9,9.55,,28.61,0.0,22.0,,12.7,0.0,0.0,0.61,6.04,6.53,3.76
Jan,9,6,198,,1,1,0.77,-3.3,9.45,,28.71,0.0,22.0,,12.47,0.0,0.0,0.61,6.04,6.53,3.76
Jan,9,7,199,,1,1,1.0,-5.0,8.48,,274.95,0.0,22.0,,129.52,0.0,14.7,0.8,7.88,6.53,4.91
Jan,9,8,200,,1,1,1.0,-1.1,8.99,,224.6,0.0,22.0,,90.29,0.0,14.7,0.8,7.88,6.53,4.91
Jan,9,9,201,,1,1,1.0,0.6,9.36,,190.22,0.0,22.0,,72.68,0.0,14.7,0.8,7.88,6.53,4.91
Jan,9,10,202,,1,1,1.0,2.8,9.91,,146.9,0.0,22.0,,53.35,0.0,14.7,0.8,7.88,6.53,4.91
Jan,9,11,203,,1,1,1.0,3.9,10.4,,112.56,0.0,22.0,,39.89,0.0,14.7,0.8,7.88,6.53,4.91
Jan,9,12,204,,1,1,1.0,3.3,10.7,,96.16,0.0,22.0,,34.53,0.0,14.7,0.8,7.88,6.53,4.91
Jan,9,13,205,,1,1,1.0,3.3,11.03,,78.95,0.0,22.0,,28.35,0.0,14.7,0.8,7.88,6.53,4.91
Jan,9,14,206,,1,1,1.0,3.9,11.39,,61.58,0.0,22.0,,21.82,0.0,14.7,0.8,7.88,6.53,4.91
Jan,9,15,207,,1,1,1.0,4.4,11.68,,51.45,0.0,22.0,,18.03,0.0,14.7,0.8,7.88,6.53,4.91
Jan,9,16,208,,1,1,1.0,3.9,11.73,,59.28,0.0,22.0,,21.01,0.0,14.7,0.8,7.88,6.53,4.91
Jan,9,17,209,,1,1,1.0,2.8,11.48,,88.0,0.0,22.0,,31.96,0.0,14.7,0.8,7.88,6.53,4.91
Jan,9,18,210,,1,1,1.0,1.1,11.19,,115.79,0.0,22.0,,43.72,0.0,14.7,0.8,7.88,6.53,4.91
Jan,9,19,211,,1,1,1.0,0.0,10.95,,137.18,0.0,22.0,,53.17,0.0,14.7,0.8,7.88,6.53,4.91
Jan,9,20,212,,1,1,1.0,0.6,10.91,,141.64,0.0,22.0,,54.12,0.0,14.7,0.8,7.88,6.53,4.91
Jan,9,21,213,,1,1,1.0,-1.7,10.51,,171.71,0.0,22.0,,70.45,0.0,14.7,0.8,7.88,6.53,4.91
Jan,9,22,214,,1,1,0.77,-1.7,10.78,,19.01,0.0,22.0,,7.8,0.0,0.0,0.61,6.04,6.53,3.76
Jan,9,23,215,,1,1,0.77,-2.8,10.56,,21.63,0.0,22.0,,9.22,0.0,0.0,0.61,6.04,6.53,3.76
Jan,9,24,216,,1,1,0.77,-4.4,10.29,,24.66,0.0,22.0,,11.16,0.0,0.0,0.61,6.04,6.53,3.76
Jan,10,1,217,,1,1,0.77,-4.4,10.13,,26.02,0.0,22.0,,11.77,0.0,0.0,0.61,6.04,6.53,3.76
Jan,10,2,218,,1,1,0.77,-5.0,9.91,,27.8,0.0,22.0,,12.87,0.0,0.0,0.61,6.04,6.53,3.76
Jan,10,3,219,,1,1,0.77,-5.0,9.74,,28.88,0.0,22.0,,13.37,0.0,0.0,0.61,6.04,6.53,3.76
Jan,10,4,220,,1,1,0.77,-5.6,9.53,,30.41,0.0,22.0,,12.64,0.0,0.0,0.61,6.04,6.53,3.76
Jan,10,5,221,,1,1,0.77,-6.1,9.31,,31.77,0.0,22.0,,13.37,0.0,0.0,0.61,6.04,6.53,3.76
Jan,10,6,222,,1,1,0.77,-6.7,9.08,,33.17,0.0,22.0,,14.17,0.0,0.0,0.61,6.04,6.53,3.76
Jan,10,7,223,,1,1,1.0,-5.6,8.27,,287.36,0.0,22.0,,125.29,0.0,14.7,0.8,7.88,6.53,4.91
Jan,10,8,224,,1,1,1.0,-5.0,8.39,,264.17,0.0,22.0,,122.3,0.0,14.7,0.8,7.88,6.53,4.91
Jan,10,9,225,,1,1,1.0,-1.7,8.92,,213.69,0.0,22.0,,87.68,0.0,14.7,0.8,7.88,6.53,4.91
Jan,10,10,226,,1,1,1.0,1.7,9.6,,158.3,0.0,22.0,,58.95,0.0,14.7,0.8,7.88,6.53,4.91
Jan,10,11,227,,1,1,1.0,4.4,10.3,,107.98,0.0,22.0,,37.85,0.0,14.7,0.8,7.88,6.53,4.91
Jan,10,12,228,,1,1,1.0,6.1,10.92,,68.47,0.0,22.0,,23.11,0.0,14.7,0.8,7.88,6.53,4.91
Jan,10,13,229,,1,1,1.0,7.2,11.52,,34.87,0.0,22.0,,11.49,0.0,14.7,0.8,7.88,6.53,4.91
Jan,10,14,230,,1,1,1.0,7.2,11.92,,19.64,0.0,22.0,,6.47,0.0,14.7,0.8,7.88,6.53,4.91
Jan,10,15,231,,1,1,1.0,6.7,12.19,,15.25,0.0,22.0,,5.08,0.0,14.7,0.8,7.88,6.53,4.91
Jan,10,16,232,,1,1,1.0,6.1,12.3,,22.64,0.0,22.0,,7.64,0.0,14.7,0.8,7.88,6.53,4.91
Jan,10,17,233,,1,1,1.0,3.3,11.87,,68.88,0.0,22.0,,24.74,0.0,14.7,0.8,7.88,6.53,4.91
Jan,10,18,234,,1,1,1.0,0.6,11.46,,107.88,0.0,22.0,,41.22,0.0,14.7,0.8,7.88,6.53,4.91
Jan,10,19,235,,1,1,1.0,-1.1,11.12,,136.88,0.0,22.0,,55.02,0.0,14.7,0.8,7.88,6.53,4.91
Jan,10,20,236,,1,1,1.0,-2.2,10.83,,159.35,0.0,22.0,,66.53,0.0,14.7,0.8,7.88,6.53,4.91
Jan,10,21,237,,1,1,1.0,-1.1,10.8,,160.05,0.0,22.0,,64.34,0.0,14.7,0.8,7.88,6.53,4.91
Jan,10,22,238,,1,1,0.77,-3.3,10.88,,19.66,0.0,22.0,,8.54,0.0,0.0,0.61,6.04,6.53,3.76
Jan,10,23,239,,1,1,0.77,-4.4,10.63,,22.56,0.0,22.0,,10.21,0.0,0.0,0.61,6.04,6.53,3.76
Jan,10,24,240,,1,1,0.77,-5.0,10.41,,24.82,0.0,22.0,,11.49,0.0,0.0,0.61,6.04,6.53,3.76
Jan,11,1,241,,1,1,0.77,-5.6,10.18,,26.9,0.0,22.0,,11.18,0.0,0.0,0.61,6.04,6.53,3.76
Jan,11,2,242,,1,1,0.77,-6.1,9.95,,28.74,0.0,22.0,,12.09,0.0,0.0,0.61,6.04,6.53,3.76
Jan,11,3,243,,1,1,0.77,-6.1,9.76,,29.93,0.0,22.0,,12.6,0.0,0.0,0.61,6.04,6.53,3.76
Jan,11,4,244,,1,1,0.77,-5.6,9.62,,30.46,0.0,22.0,,12.66,0.0,0.0,0.61,6.04,6.53,3.76
Jan,11,5,245,,1,1,0.77,-5.0,9.49,,30.71,0.0,22.0,,14.22,0.0,0.0,0.61,6.04,6.53,3.76
Jan,11,6,246,,1,1,0.77,-3.9,9.42,,30.27,0.0,22.0,,13.44,0.0,0.0,0.61,6.04,6.53,3.76
Jan,11,7,247,,1,1,1.0,-3.9,8.63,,269.61,0.0,22.0,,119.7,0.0,14.7,0.8,7.88,6.53,4.91
Jan,11,8,248,,1,1,1.0,-3.3,8.73,,249.48,0.0,22.0,,108.34,0.0,14.7,0.8,7.88,6.53,4.91
Jan,11,9,249,,1,1,1.0,-1.7,8.94,,223.86,0.0,22.0,,91.85,0.0,14.7,0.8,7.88,6.53,4.91
Jan,11,10,250,,1,1,1.0,1.1,9.52,,174.44,0.0,22.0,,65.87,0.0,14.7,0.8,7.88,6.53,4.91
Jan,11,11,251,,1,1,1.0,7.2,10.51,,100.41,0.0,22.0,,33.08,0.0,14.7,0.8,7.88,6.53,4.91
Jan,11,12,252,,1,1,1.0,7.8,11.06,,67.39,0.0,22.0,,21.92,0.0,14.7,0.8,7.88,6.53,4.91
Jan,11,13,253,,1,1,1.0,10.6,11.82,,22.08,0.0,22.0,,6.77,0.0,14.7,0.8,7.88,6.53,4.91
Jan,11,14,254,,1,1,1.0,11.7,12.39,,0.0,4.68,22.06,,0.0,0.74,14.7,0.8,7.88,6.53,4.91
Jan,11,15,255,,1,1,1.0,12.2,12.65,,0.0,6.27,22.09,,0.0,1.0,14.7,0.8,7.88,6.53,4.91
Jan,11,16,256,,1,1,1.0,10.0,12.54,,18.34,0.0,22.0,,5.7,0.0,14.7,0.8,7.88,6.53,4.91
Jan,11,17,257,,1,1,1.0,8.3,12.39,,44.34,0.0,22.0,,14.27,0.0,14.7,0.8,7.88,6.53,4.91
Jan,11,18,258,,1,1,1.0,7.8,12.37,,56.85,0.0,22.0,,18.49,0.0,14.7,0.8,7.88,6.53,4.91
Jan,11,19,259,,1,1,1.0,7.2,12.33,,69.49,0.0,22.0,,22.89,0.0,14.7,0.8,7.88,6.53,4.91
Jan,11,20,260,,1,1,1.0,5.6,12.14,,90.91,0.0,22.0,,31.03,0.0,14.7,0.8,7.88,6.53,4.91
Jan,11,21,261,,1,1,1.0,4.4,11.98,,108.53,0.0,22.0,,38.04,0.0,14.7,0.8,7.88,6.53,4.91
Jan,11,22,262,,1,1,0.77,6.1,12.27,,9.68,0.0,22.0,,3.27,0.0,0.0,0.61,6.04,6.53,3.76
Jan,11,23,263,,1,1,0.77,4.4,12.12,,12.4,0.0,22.0,,4.35,0.0,0.0,0.61,6.04,6.53,3.76
Jan,11,24,264,,1,1,0.77,3.9,12.04,,13.91,0.0,22.0,,4.93,0.0,0.0,0.61,6.04,6.53,3.76
Jan,12,1,265,,1,1,0.77,2.8,11.91,,15.95,0.0,22.0,,5.79,0.0,0.0,0.61,6.04,6.53,3.76
Jan,12,2,266,,1,1,0.77,0.0,11.61,,19.68,0.0,22.0,,7.63,0.0,0.0,0.61,6.04,6.53,3.76
Jan,12,3,267,,1,1,0.77,-1.1,11.41,,21.83,0.0,22.0,,8.78,0.0,0.0,0.61,6.04,6.53,3.76
Jan,12,4,268,,1,1,0.77,-3.3,11.11,,25.05,0.0,22.0,,10.88,0.0,0.0,0.61,6.04,6.53,3.76
Jan,12,5,269,,1,1,0.77,-5.0,10.81,,27.83,0.0,22.0,,12.88,0.0,0.0,0.61,6.04,6.53,3.76
Jan,12,6,270,,1,1,0.77,-5.6,10.57,,29.5,0.0,22.0,,12.27,0.0,0.0,0.61,6.04,6.53,3.76
Jan,12,7,271,,1,1,1.0,-6.1,9.52,,278.92,0.0,22.0,,120.38,0.0,14.7,0.8,7.88,6.53,4.91
Jan,12,8,272,,1,1,1.0,-4.4,9.66,,253.59,0.0,22.0,,114.73,0.0,14.7,0.8,7.88,6.53,4.91
Jan,12,9,273,,1,1,1.0,-0.6,9.97,,218.35,0.0,22.0,,86.32,0.0,14.7,0.8,7.88,6.53,4.91
Jan,12,10,274,,1,1,1.0,2.2,10.27,,188.66,0.0,22.0,,69.45,0.0,14.7,0.8,7.88,6.53,4.91
Jan,12,11,275,,1,1,1.0,6.1,10.78,,146.3,0.0,22.0,,49.38,0.0,14.7,0.8,7.88,6.53,4.91
Jan,12,12,276,,1,1,1.0,7.8,11.09,,124.01,0.0,22.0,,40.33,0.0,14.7,0.8,7.88,6.53,4.91
Jan,12,13,277,,1,1,1.0,7.8,11.23,,116.44,0.0,22.0,,37.87,0.0,14.7,0.8,7.88,6.53,4.91
Jan,12,14,278,,1,1,1.0,8.9,11.48,,101.98,0.0,22.0,,32.4,0.0,14.7,0.8,7.88,6.53,4.91
Jan,12,15,279,,1,1,1.0,8.3,11.52,,103.66,0.0,22.0,,33.35,0.0,14.7,0.8,7.88,6.53,4.91
Jan,12,16,280,,1,1,1.0,8.3,11.6,,102.5,0.0,22.0,,32.98,0.0,14.7,0.8,7.88,6.53,4.91
Jan,12,17,281,,1,1,1.0,4.4,11.16,,139.68,0.0,22.0,,48.96,0.0,14.7,0.8,7.88,6.53,4.91
Jan,12,18,282,,1,1,1.0,2.2,10.86,,162.26,0.0,22.0,,59.73,0.0,14.7,0.8,7.88,6.53,4.91
Jan,12,19,283,,1,1,1.0,2.2,10.8,,165.03,0.0,22.0,,60.75,0.0,14.7,0.8,7.88,6.53,4.91
Jan,12,20,284,,1,1,1.0,2.2,10.73,,167.42,0.0,22.0,,61.63,0.0,14.7,0.8,7.88,6.53,4.91
Jan,12,21,285,,1,1,1.0,-1.1,10.25,,200.55,0.0,22.0,,80.62,0.0,14.7,0.8,7.88,6.53,4.91
Jan,12,22,286,,1,1,0.77,-2.2,10.41,,24.69,0.0,22.0,,10.31,0.0,0.0,0.61,6.04,6.53,3.76
Jan,12,23,287,,1,1,0.77,-1.7,10.32,,25.04,0.0,22.0,,10.27,0.0,0.0,0.61,6.04,6.53,3.76
Jan,12,24,288,,1,1,0.77,-1.7,10.2,,25.73,0.0,22.0,,10.56,0.0,0.0,0.61,6.04,6.53,3.76
Jan,13,1,289,,1,1,0.77,0.6,10.28,,24.0,0.0,22.0,,9.17,0.0,0.0,0.61,6.04,6.53,3.76
Jan,13,2,290,,1,1,0.77,3.3,10.43,,21.58,0.0,22.0,,7.75,0.0,0.0,0.61,6.04,6.53,3.76
Jan,13,3,291,,1,1,0.77,2.8,10.37,,22.11,0.0,22.0,,8.03,0.0,0.0,0.61,6.04,6.53,3.76
Jan,13,4,292,,1,1,0.77,2.8,10.33,,22.17,0.0,22.0,,8.05,0.0,0.0,0.61,6.04,6.53,3.76
Jan,13,5,293,,1,1,0.77,3.3,10.34,,21.72,0.0,22.0,,7.8,0.0,0.0,0.61,6.04,6.53,3.76
Jan,13,6,294,,1,1,0.77,2.8,10.28,,22.23,0.0,22.0,,8.07,0.0,0.0,0.61,6.04,6.53,3.76
Jan,13,7,295,,1,1,1.0,2.2,9.8,,202.51,0.0,22.0,,74.55,0.0,14.7,0.8,7.88,6.53,4.91
Jan,13,8,296,,1,1,1.0,3.3,10.16,,170.71,0.0,22.0,,61.31,0.0,14.7,0.8,7.88,6.53,4.91
Jan,13,9,297,,1,1,1.0,5.6,10.74,,126.23,0.0,22.0,,43.09,0.0,14.7,0.8,7.88,6.53,4.91
Jan,13,10,298,,1,1,1.0,7.8,11.41,,79.98,0.0,22.0,,26.01,0.0,14.7,0.8,7.88,6.53,4.91
Jan,13,11,299,,1,1,1.0,9.4,12.08,,38.87,0.0,22.0,,12.22,0.0,14.7,0.8,7.88,6.53,4.91
Jan,13,12,300,,1,1,1.0,9.4,12.59,,14.2,0.0,22.0,,4.46,0.0,14.7,0.8,7.88,6.53,4.91
Jan,13,13,301,,1,1,1.0,10.0,13.14,,0.0,11.22,22.15,,0.0,1.7,14.7,0.8,7.88,6.53,4.91
Jan,13,14,302,,1,1,1.0,9.4,13.52,,0.0,23.26,22.32,,0.0,3.47,14.7,0.8,7.88,6.53,4.91
Jan,13,15,303,,1,1,1.0,9.4,13.84,,0.0,30.96,22.42,,0.0,4.62,14.7,0.8,7.88,6.53,4.91
Jan,13,16,304,,1,1,1.0,9.4,14.04,,0.0,30.42,22.41,,0.0,4.54,14.7,0.8,7.88,6.53,4.91
Jan,13,17,305,,1,1,1.0,8.3,13.87,,0.0,2.38,22.03,,0.0,0.35,14.7,0.8,7.88,6.53,4.91
Jan,13,18,306,,1,1,1.0,7.2,13.73,,21.92,0.0,22.0,,7.22,0.0,14.7,0.8,7.88,6.53,4.91
Jan,13,19,307,,1,1,1.0,6.7,13.66,,39.42,0.0,22.0,,13.13,0.0,14.7,0.8,7.88,6.53,4.91
Jan,13,20,308,,1,1,1.0,6.7,13.63,,50.74,0.0,22.0,,16.9,0.0,14.7,0.8,7.88,6.53,4.91
Jan,13,21,309,,1,1,1.0,6.1,13.53,,66.18,0.0,22.0,,22.34,0.0,14.7,0.8,7.88,6.53,4.91
Jan,13,22,310,,1,1,0.77,3.3,13.45,,8.37,0.0,22.0,,3.01,0.0,0.0,0.61,6.04,6.53,3.76
Jan,13,23,311,,1,1,0.77,1.7,13.23,,11.8,0.0,22.0,,4.39,0.0,0.0,0.61,6.04,6.53,3.76
Jan,13,24,312,,1,1,0.77,2.8,13.22,,12.39,0.0,22.0,,4.5,0.0,0.0,0.61,6.04,6.53,3.76
Jan,14,1,313,,1,1,0.77,5.6,13.36,,10.94,0.0,22.0,,3.73,0.0,0.0,0.61,6.04,6.53,3.76
Jan,14,2,314,,1,1,0.77,6.7,13.42,,10.76,0.0,22.0,,3.58,0.0,0.0,0.61,6.04,6.53,3.76
Jan,14,3,315,,1,1,0.77,7.2,13.44,,10.96,0.0,22.0,,3.61,0.0,0.0,0.61,6.04,6.53,3.76
Jan,14,4,316,,1,1,0.77,6.7,13.39,,12.04,0.0,22.0,,4.01,0.0,0.0,0.61,6.04,6.53,3.76
Jan,14,5,317,,1,1,0.77,6.7,13.38,,12.58,0.0,22.0,,4.19,0.0,0.0,0.61,6.04,6.53,3.76
Jan,14,6,318,,1,1,0.77,6.7,13.36,,13.04,0.0,22.0,,4.34,0.0,0.0,0.61,6.04,6.53,3.76
Jan,14,7,319,,1,1,1.0,6.7,13.02,,132.31,0.0,22.0,,44.07,0.0,14.7,0.8,7.88,6.53,4.91
Jan,14,8,320,,1,1,1.0,6.7,13.18,,118.5,0.0,22.0,,39.47,0.0,14.7,0.8,7.88,6.53,4.91
Jan,14,9,321,,1,1,1.0,8.3,13.53,,92.69,0.0,22.0,,29.82,0.0,14.7,0.8,7.88,6.53,4.91
Jan,14,10,322,,1,1,1.0,10.0,14.0,,60.92,0.0,22.0,,18.92,0.0,14.7,0.8,7.88,6.53,4.91
Jan,14,11,323,,1,1,1.0,12.2,14.62,,21.38,0.0,22.0,,6.34,0.0,14.7,0.8,7.88,6.53,4.91
Jan,14,12,324,,1,1,1.0,12.8,15.24,,0.0,13.78,22.19,,0.0,2.22,14.7,0.8,7.88,6.53,4.91
Jan,14,13,325,,1,1,1.0,13.3,15.54,,0.0,23.39,22.32,,0.0,3.82,14.7,0.8,7.88,6.53,4.91
Jan,14,14,326,,1,1,1.0,13.3,15.79,,0.0,29.91,22.41,,0.0,4.89,14.7,0.8,7.88,6.53,4.91
Jan,14,15,327,,1,1,1.0,12.8,15.97,,0.0,30.96,22.42,,0.0,5.0,14.7,0.8,7.88,6.53,4.91
Jan,14,16,328,,1,1,1.0,12.2,15.96,,0.0,19.05,22.26,,0.0,3.03,14.7,0.8,7.88,6.53,4.91
Jan,14,17,329,,1,1,1.0,10.0,15.72,,10.14,0.0,22.0,,3.15,0.0,14.7,0.8,7.88,6.53,4.91
Jan,14,18,330,,1,1,1.0,8.9,15.59,,29.86,0.0,22.0,,9.49,0.0,14.7,0.8,7.88,6.53,4.91
Jan,14,19,331,,1,1,1.0,7.2,15.35,,54.54,0.0,22.0,,17.97,0.0,14.7,0.8,7.88,6.53,4.91
Jan,14,20,332,,1,1,1.0,5.6,15.09,,77.98,0.0,22.0,,26.62,0.0,14.7,0.8,7.88,6.53,4.91
Jan,14,21,333,,1,1,1.0,2.8,14.65,,112.41,0.0,22.0,,40.82,0.0,14.7,0.8,7.88,6.53,4.91
Jan,14,22,334,,1,1,0.77,1.1,14.77,,13.19,0.0,22.0,,4.98,0.0,0.0,0.61,6.04,6.53,3.76
Jan,14,23,335,,1,1,0.77,0.6,14.58,,15.36,0.0,22.0,,5.87,0.0,0.0,0.61,6.04,6.53,3.76
Jan,14,24,336,,1,1,0.77,-1.1,14.29,,18.56,0.0,22.0,,7.46,0.0,0.0,0.61,6.04,6.53,3.76
Jan,15,1,337,,1,1,0.77,-1.1,14.11,,19.99,0.0,22.0,,8.04,0.0,0.0,0.61,6.04,6.53,3.76
Jan,15,2,338,,1,1,0.77,-1.7,13.89,,21.84,0.0,22.0,,8.96,0.0,0.0,0.61,6.04,6.53,3.76
Jan,15,3,339,,1,1,0.77,-1.7,13.7,,22.97,0.0,22.0,,9.42,0.0,0.0,0.61,6.04,6.53,3.76
Jan,15,4,340,,1,1,0.77,-2.2,13.48,,24.45,0.0,22.0,,10.21,0.0,0.0,0.61,6.04,6.53,3.76
Jan,15,5,341,,1,1,0.77,-1.7,13.34,,24.83,0.0,22.0,,10.19,0.0,0.0,0.61,6.04,6.53,3.76
Jan,15,6,342,,1,1,0.77,-1.1,13.22,,24.94,0.0,22.0,,10.03,0.0,0.0,0.61,6.04,6.53,3.76
Jan,15,7,343,,1,1,1.0,-2.8,12.14,,245.52,0.0,22.0,,104.71,0.0,14.7,0.8,7.88,6.53,4.91
Jan,15,8,344,,1,1,1.0,-2.2,12.24,,222.7,0.0,22.0,,92.98,0.0,14.7,0.8,7.88,6.53,4.91
Jan,15,9,345,,1,1,1.0,3.3,13.03,,152.06,0.0,22.0,,54.61,0.0,14.7,0.8,7.88,6.53,4.91
Jan,15,10,346,,1,1,1.0,7.2,13.8,,91.24,0.0,22.0,,30.06,0.0,14.7,0.8,7.88,6.53,4.91
Jan,15,11,347,,1,1,1.0,10.0,14.55,,38.41,0.0,22.0,,11.93,0.0,14.7,0.8,7.88,6.53,4.91
Jan,15,12,348,,1,1,1.0,12.2,15.31,,0.0,9.33,22.13,,0.0,1.48,14.7,0.8,7.88,6.53,4.91
Jan,15,13,349,,1,1,1.0,12.8,15.85,,0.0,36.9,22.5,,0.0,5.96,14.7,0.8,7.88,6.53,4.91
Jan,15,14,350,,1,1,1.0,13.3,16.37,,0.0,63.04,22.86,,0.0,10.3,14.7,0.8,7.88,6.53,4.91
Jan,15,15,351,,1,1,1.0,12.8,16.68,,0.0,74.01,23.01,,0.0,11.95,14.7,0.8,7.88,6.53,4.91
Jan,15,16,352,,1,1,1.0,10.6,16.63,,0.0,59.09,22.8,,0.0,9.06,14.7,0.8,7.88,6.53,4.91
Jan,15,17,353,,1,1,1.0,8.9,16.34,,0.0,26.63,22.36,,0.0,3.93,14.7,0.8,7.88,6.53,4.91
Jan,15,18,354,,1,1,1.0,7.8,16.16,,0.0,2.75,22.04,,0.0,0.4,14.7,0.8,7.88,6.53,4.91
Jan,15,19,355,,1,1,1.0,4.4,15.67,,44.0,0.0,22.0,,15.42,0.0,14.7,0.8,7.88,6.53,4.91
Jan,15,20,356,,1,1,1.0,3.9,15.47,,63.54,0.0,22.0,,22.52,0.0,14.7,0.8,7.88,6.53,4.91
Jan,15,21,357,,1,1,1.0,2.2,15.12,,92.62,0.0,22.0,,34.1,0.0,14.7,0.8,7.88,6.53,4.91
Jan,15,22,358,,1,1,0.77,2.2,15.41,,8.28,0.0,22.0,,3.05,0.0,0.0,0.61,6.04,6.53,3.76
Jan,15,23,359,,1,1,0.77,-0.6,15.04,,13.19,0.0,22.0,,5.21,0.0,0.0,0.61,6.04,6.53,3.76
Jan,15,24,360,,1,1,0.77,0.0,14.91,,14.62,0.0,22.0,,5.67,0.0,0.0,0.61,6.04,6.53,3.76
Jan,16,1,361,,1,1,0.77,2.8,14.97,,13.51,0.0,22.0,,4.91,0.0,0.0,0.61,6.04,6.53,3.76
Jan,16,2,362,,1,1,0.77,3.3,14.89,,14.23,0.0,22.0,,5.11,0.0,0.0,0.61,6.04,6.53,3.76
Jan,16,3,363,,1,1,0.77,6.7,15.06,,11.8,0.0,22.0,,3.93,0.0,0.0,0.61,6.04,6.53,3.76
Jan,16,4,364,,1,1,0.77,0.6,14.51,,18.55,0.0,22.0,,7.09,0.0,0.0,0.61,6.04,6.53,3.76
Jan,16,5,365,,1,1,0.77,-1.1,14.22,,21.32,0.0,22.0,,8.57,0.0,0.0,0.61,6.04,6.53,3.76
Jan,16,6,366,,1,1,0.77,-1.1,14.04,,22.38,0.0,22.0,,9.0,0.0,0.0,0.61,6.04,6.53,3.76
Jan,16,7,367,,1,1,1.0,-1.1,13.13,,216.86,0.0,22.0,,87.18,0.0,14.7,0.8,7.88,6.53,4.91
Jan,16,8,368,,1,1,1.0,0.0,13.23,,195.74,0.0,22.0,,75.87,0.0,14.7,0.8,7.88,6.53,4.91
Jan,16,9,369,,1,1,1.0,0.0,13.15,,190.8,0.0,22.0,,73.95,0.0,14.7,0.8,7.88,6.53,4.91
Jan,16,10,370,,1,1,1.0,-1.1,13.02,,190.34,0.0,22.0,,76.52,0.0,14.7,0.8,7.88,6.53,4.91
Jan,16,11,371,,1,1,1.0,0.0,13.17,,169.61,0.0,22.0,,65.74,0.0,14.7,0.8,7.88,6.53,4.91
Jan,16,12,372,,1,1,1.0,1.1,13.41,,145.23,0.0,22.0,,54.84,0.0,14.7,0.8,7.88,6.53,4.91
Jan,16,13,373,,1,1,1.0,2.2,13.7,,119.54,0.0,22.0,,44.01,0.0,14.7,0.8,7.88,6.53,4.91
Jan,16,14,374,,1,1,1.0,2.2,13.83,,108.89,0.0,22.0,,40.09,0.0,14.7,0.8,7.88,6.53,4.91
Jan,16,15,375,,1,1,1.0,1.7,13.82,,109.22,0.0,22.0,,40.67,0.0,14.7,0.8,7.88,6.53,4.91
Jan,16,16,376,,1,1,1.0,1.7,13.8,,110.5,0.0,22.0,,41.15,0.0,14.7,0.8,7.88,6.53,4.91
Jan,16,17,377,,1,1,1.0,1.7,13.6,,125.19,0.0,22.0,,46.62,0.0,14.7,0.8,7.88,6.53,4.91
Jan,16,18,378,,1,1,1.0,0.0,13.24,,149.91,0.0,22.0,,58.1,0.0,14.7,0.8,7.88,6.53,4.91
Jan,16,19,379,,1,1,1.0,0.6,13.14,,152.64,0.0,22.0,,58.32,0.0,14.7,0.8,7.88,6.53,4.91
Jan,16,20,380,,1,1,1.0,1.1,13.04,,154.88,0.0,22.0,,58.49,0.0,14.7,0.8,7.88,6.53,4.91
Jan,16,21,381,,1,1,1.0,-0.6,12.68,,176.61,0.0,22.0,,69.82,0.0,14.7,0.8,7.88,6.53,4.91
Jan,16,22,382,,1,1,0.77,-1.1,12.94,,20.61,0.0,22.0,,8.29,0.0,0.0,0.61,6.04,6.53,3.76
Jan,16,23,383,,1,1,0.77,-1.7,12.73,,22.38,0.0,22.0,,9.18,0.0,0.0,0.61,6.04,6.53,3.76
Jan,16,24,384,,1,1,0.77,-2.2,12.53,,23.94,0.0,22.0,,9.99,0.0,0.0,0.61,6.04,6.53,3.76
Jan,17,1,385,,1,1,0.77,-2.2,12.37,,24.9,0.0,22.0,,10.4,0.0,0.0,0.61,6.04,6.53,3.76
Jan,17,2,386,,1,1,0.77,-1.7,12.24,,25.22,0.0,22.0,,10.35,0.0,0.0,0.61,6.04,6.53,3.76
Jan,17,3,387,,1,1,0.77,-1.7,12.09,,25.89,0.0,22.0,,10.62,0.0,0.0,0.61,6.04,6.53,3.76
Jan,17,4,388,,1,1,0.77,1.7,12.22,,23.02,0.0,22.0,,8.57,0.0,0.0,0.61,6.04,6.53,3.76
Jan,17,5,389,,1,1,0.77,-0.6,11.95,,25.54,0.0,22.0,,10.1,0.0,0.0,0.61,6.04,6.53,3.76
Jan,17,6,390,,1,1,0.77,-0.6,11.82,,25.92,0.0,22.0,,10.25,0.0,0.0,0.61,6.04,6.53,3.76
Jan,17,7,391,,1,1,1.0,0.0,11.17,,226.2,0.0,22.0,,87.67,0.0,14.7,0.8,7.88,6.53,4.91
Jan,17,8,392,,1,1,1.0,-5.0,10.55,,260.04,0.0,22.0,,120.39,0.0,14.7,0.8,7.88,6.53,4.91
Jan,17,9,393,,1,1,1.0,-2.2,10.71,,233.76,0.0,22.0,,97.6,0.0,14.7,0.8,7.88,6.53,4.91
Jan,17,10,394,,1,1,1.0,0.0,11.0,,200.93,0.0,22.0,,77.88,0.0,14.7,0.8,7.88,6.53,4.91
Jan,17,11,395,,1,1,1.0,0.0,11.12,,184.84,0.0,22.0,,71.64,0.0,14.7,0.8,7.88,6.53,4.91
Jan,17,12,396,,1,1,1.0,-1.1,11.14,,177.64,0.0,22.0,,71.41,0.0,14.7,0.8,7.88,6.53,4.91
Jan,17,13,397,,1,1,1.0,-2.2,11.19,,169.74,0.0,22.0,,70.87,0.0,14.7,0.8,7.88,6.53,4.91
Jan,17,14,398,,1,1,1.0,-2.8,11.24,,162.14,0.0,22.0,,69.15,0.0,14.7,0.8,7.88,6.53,4.91
Jan,17,15,399,,1,1,1.0,-4.4,11.1,,170.09,0.0,22.0,,76.95,0.0,14.7,0.8,7.88,6.53,4.91
Jan,17,16,400,,1,1,1.0,-5.6,10.77,,190.67,0.0,22.0,,79.27,0.0,14.7,0.8,7.88,6.53,4.91
Jan,17,17,401,,1,1,1.0,-6.7,10.33,,216.99,0.0,22.0,,92.68,0.0,14.7,0.8,7.88,6.53,4.91
Jan,17,18,402,,1,1,1.0,-8.3,9.86,,243.38,0.0,22.0,,108.24,0.0,14.7,0.8,7.88,6.53,4.91
Jan,17,19,403,,1,1,1.0,-9.4,9.42,,264.35,0.0,22.0,,129.0,0.0,14.7,0.8,7.88,6.53,4.91
Jan,17,20,404,,1,1,1.0,-9.4,9.11,,274.1,0.0,22.0,,138.75,0.0,14.7,0.8,7.88,6.53,4.91
Jan,17,21,405,,1,1,1.0,-10.0,8.73,,288.18,0.0,22.0,,157.03,0.0,14.7,0.8,7.88,6.53,4.91
Jan,17,22,406,,1,1,0.77,-10.6,9.12,,34.59,0.0,22.0,,14.62,0.0,0.0,0.61,6.04,6.53,3.76
Jan,17,23,407,,1,1,0.77,-11.1,8.82,,36.53,0.0,22.0,,15.64,0.0,0.0,0.61,6.04,6.53,3.76
Jan,17,24,408,,1,1,0.77,-11.7,8.51,,38.42,0.0,22.0,,16.69,0.0,0.0,0.61,6.04,6.53,3.76
Jan,18,1,409,,1,1,0.77,-11.7,8.24,,39.58,0.0,22.0,,17.2,0.0,0.0,0.61,6.04,6.53,3.76
Jan,18,2,410,,1,1,0.77,-11.7,7.98,,40.59,0.0,22.0,,17.64,0.0,0.0,0.61,6.04,6.53,3.76
Jan,18,3,411,,1,1,0.77,-11.7,7.72,,41.46,0.0,22.0,,18.02,0.0,0.0,0.61,6.04,6.53,3.76
Jan,18,4,412,,1,1,0.77,-12.2,7.42,,42.72,0.0,22.0,,18.8,0.0,0.0,0.61,6.04,6.53,3.76
Jan,18,5,413,,1,1,0.77,-11.7,7.21,,42.91,0.0,22.0,,18.65,0.0,0.0,0.61,6.04,6.53,3.76
Jan,18,6,414,,1,1,0.77,-11.7,6.96,,43.46,0.0,22.0,,18.88,0.0,0.0,0.61,6.04,6.53,3.76
Jan,18,7,415,,1,1,1.0,-11.7,5.81,,373.18,0.0,22.0,,168.4,0.0,14.7,0.8,7.88,6.53,4.91
Jan,18,8,416,,1,1,1.0,-9.4,6.09,,331.33,0.0,22.0,,169.65,0.0,14.7,0.8,7.88,6.53,4.91
Jan,18,9,417,,1,1,1.0,-8.3,6.31,,298.81,0.0,22.0,,155.75,0.0,14.7,0.8,7.88,6.53,4.91
Jan,18,10,418,,1,1,1.0,-3.9,7.05,,232.37,0.0,22.0,,103.17,0.0,14.7,0.8,7.88,6.53,4.91
Jan,18,11,419,,1,1,1.0,1.1,7.99,,158.42,0.0,22.0,,59.82,0.0,14.7,0.8,7.88,6.53,4.91
Jan,18,12,420,,1,1,1.0,3.9,8.78,,104.13,0.0,22.0,,36.9,0.0,14.7,0.8,7.88,6.53,4.91
Jan,18,13,421,,1,1,1.0,7.2,9.65,,50.03,0.0,22.0,,16.48,0.0,14.7,0.8,7.88,6.53,4.91
Jan,18,14,422,,1,1,1.0,13.3,10.89,,0.0,26.29,22.36,,0.0,4.29,14.7,0.8,7.88,6.53,4.91
Jan,18,15,423,,1,1,1.0,12.8,11.34,,0.0,38.65,22.53,,0.0,6.24,14.7,0.8,7.88,6.53,4.91
Jan,18,16,424,,1,1,1.0,11.7,11.6,,0.0,37.59,22.51,,0.0,5.91,14.7,0.8,7.88,6.53,4.91
Jan,18,17,425,,1,1,1.0,11.7,11.67,,0.0,23.05,22.31,,0.0,3.63,14.7,0.8,7.88,6.53,4.91
Jan,18,18,426,,1,1,1.0,10.0,11.6,,1.42,0.0,22.0,,0.44,0.0,14.7,0.8,7.88,6.53,4.91
Jan,18,19,427,,1,1,1.0,11.1,11.84,,1.61,0.0,22.0,,0.49,0.0,14.7,0.8,7.88,6.53,4.91
Jan,18,20,428,,1,1,1.0,10.6,11.91,,14.87,0.0,22.0,,4.56,0.0,14.7,0.8,7.88,6.53,4.91
Jan,18,21,429,,1,1,1.0,11.1,12.09,,17.82,0.0,22.0,,5.4,0.0,14.7,0.8,7.88,6.53,4.91
Jan,18,22,430,,1,1,0.77,10.6,12.02,,0.32,0.0,22.0,,0.1,0.0,0.0,0.61,6.04,6.53,3.76
Jan,18,23,431,,1,1,0.77,10.6,12.1,,1.55,0.0,22.0,,0.48,0.0,0.0,0.61,6.04,6.53,3.76
Jan,18,24,432,,1,1,0.77,9.4,12.08,,3.84,0.0,22.0,,1.21,0.0,0.0,0.61,6.04,6.53,3.76
Jan,19,1,433,,1,1,0.77,11.1,12.28,,3.15,0.0,22.0,,0.96,0.0,0.0,0.61,6.04,6.53,3.76
Jan,19,2,434,,1,1,0.77,10.6,12.33,,4.39,0.0,22.0,,1.35,0.0,0.0,0.61,6.04,6.53,3.76
Jan,19,3,435,,1,1,0.77,8.9,12.26,,6.79,0.0,22.0,,2.16,0.0,0.0,0.61,6.04,6.53,3.76
Jan,19,4,436,,1,1,0.77,7.8,12.22,,8.65,0.0,22.0,,2.81,0.0,0.0,0.61,6.04,6.53,3.76
Jan,19,5,437,,1,1,0.77,4.4,11.96,,12.84,0.0,22.0,,4.5,0.0,0.0,0.61,6.04,6.53,3.76
Jan,19,6,438,,1,1,0.77,7.2,12.16,,10.96,0.0,22.0,,3.61,0.0,0.0,0.61,6.04,6.53,3.76
Jan,19,7,439,,1,1,1.0,10.6,12.36,,87.57,0.0,22.0,,26.85,0.0,14.7,0.8,7.88,6.53,4.91
Jan,19,8,440,,1,1,1.0,9.4,12.55,,79.31,0.0,22.0,,24.94,0.0,14.7,0.8,7.88,6.53,4.91
Jan,19,9,441,,1,1,1.0,12.2,13.25,,33.85,0.0,22.0,,10.03,0.0,14.7,0.8,7.88,6.53,4.91
Jan,19,10,442,,1,1,1.0,12.8,13.81,,4.02,0.0,22.0,,1.18,0.0,14.7,0.8,7.88,6.53,4.91
Jan,19,11,443,,1,1,1.0,15.0,14.62,,0.0,41.48,22.56,,0.0,7.07,14.7,0.8,7.88,6.53,4.91
Jan,19,12,444,,1,1,1.0,15.0,15.19,,0.0,69.09,22.94,,0.0,11.77,14.7,0.8,7.88,6.53,4.91
Jan,19,13,445,,1,1,1.0,15.6,15.78,,0.0,97.96,23.33,,0.0,16.95,14.7,0.8,7.88,6.53,4.91
Jan,19,14,446,,1,1,1.0,15.6,16.24,,0.0,118.33,23.61,,0.0,20.47,14.7,0.8,7.88,6.53,4.91
Jan,19,15,447,,1,1,1.0,15.0,16.56,,0.0,129.0,23.76,,0.0,21.98,14.7,0.8,7.88,6.53,4.91
Jan,19,16,448,,1,1,1.0,12.2,16.48,,0.0,109.82,23.5,,0.0,17.48,14.7,0.8,7.88,6.53,4.91
Jan,19,17,449,,1,1,1.0,11.7,16.39,,0.0,90.9,23.24,,0.0,14.3,14.7,0.8,7.88,6.53,4.91
Jan,19,18,450,,1,1,1.0,10.6,16.28,,0.0,70.47,22.96,,0.0,10.81,14.7,0.8,7.88,6.53,4.91
Jan,19,19,451,,1,1,1.0,9.4,16.13,,0.0,47.79,22.65,,0.0,7.13,14.7,0.8,7.88,6.53,4.91
Jan,19,20,452,,1,1,1.0,0.6,14.99,,48.02,0.0,22.0,,18.35,0.0,14.7,0.8,7.88,6.53,4.91
Jan,19,21,453,,1,1,1.0,-2.2,14.43,,95.47,0.0,22.0,,39.86,0.0,14.7,0.8,7.88,6.53,4.91
Jan,19,22,454,,1,1,0.77,-3.3,14.72,,8.4,0.0,22.0,,3.65,0.0,0.0,0.61,6.04,6.53,3.76
Jan,19,23,455,,1,1,0.77,-5.0,14.35,,13.43,0.0,22.0,,6.22,0.0,0.0,0.61,6.04,6.53,3.76
Jan,19,24,456,,1,1,0.77,-5.6,14.05,,17.06,0.0,22.0,,7.09,0.0,0.0,0.61,6.04,6.53,3.76
Jan,20,1,457,,1,1,0.77,-5.6,13.79,,19.72,0.0,22.0,,8.2,0.0,0.0,0.61,6.04,6.53,3.76
Jan,20,2,458,,1,1,0.77,-5.6,13.54,,22.02,0.0,22.0,,9.16,0.0,0.0,0.61,6.04,6.53,3.76
Jan,20,3,459,,1,1,0.77,-5.0,13.34,,23.41,0.0,22.0,,10.84,0.0,0.0,0.61,6.04,6.53,3.76
Jan,20,4,460,,1,1,0.77,-5.0,13.11,,25.08,0.0,22.0,,11.61,0.0,0.0,0.61,6.04,6.53,3.76
Jan,20,5,461,,1,1,0.77,-5.0,12.88,,26.52,0.0,22.0,,12.28,0.0,0.0,0.61,6.04,6.53,3.76
Jan,20,6,462,,1,1,0.77,-5.0,12.65,,27.76,0.0,22.0,,12.85,0.0,0.0,0.61,6.04,6.53,3.76
Jan,20,7,463,,1,1,1.0,-4.4,11.65,,257.03,0.0,22.0,,116.28,0.0,14.7,0.8,7.88,6.53,4.91
Jan,20,8,464,,1,1,1.0,-4.4,11.63,,241.93,0.0,22.0,,109.45,0.0,14.7,0.8,7.88,6.53,4.91
Jan,20,9,465,,1,1,1.0,-4.4,11.67,,224.85,0.0,22.0,,101.72,0.0,14.7,0.8,7.88,6.53,4.91
Jan,20,10,466,,1,1,1.0,-1.7,12.15,,178.01,0.0,22.0,,73.04,0.0,14.7,0.8,7.88,6.53,4.91
Jan,20,11,467,,1,1,1.0,1.1,12.71,,130.41,0.0,22.0,,49.24,0.0,14.7,0.8,7.88,6.53,4.91
Jan,20,12,468,,1,1,1.0,1.7,13.06,,103.7,0.0,22.0,,38.62,0.0,14.7,0.8,7.88,6.53,4.91
Jan,20,13,469,,1,1,1.0,3.3,13.54,,70.15,0.0,22.0,,25.19,0.0,14.7,0.8,7.88,6.53,4.91
Jan,20,14,470,,1,1,1.0,5.6,14.08,,36.41,0.0,22.0,,12.43,0.0,14.7,0.8,7.88,6.53,4.91
Jan,20,15,471,,1,1,1.0,6.7,14.45,,18.66,0.0,22.0,,6.22,0.0,14.7,0.8,7.88,6.53,4.91
Jan,20,16,472,,1,1,1.0,7.2,14.65,,14.58,0.0,22.0,,4.8,0.0,14.7,0.8,7.88,6.53,4.91
Jan,20,17,473,,1,1,1.0,5.6,14.34,,48.59,0.0,22.0,,16.59,0.0,14.7,0.8,7.88,6.53,4.91
Jan,20,18,474,,1,1,1.0,3.9,14.05,,76.84,0.0,22.0,,27.23,0.0,14.7,0.8,7.88,6.53,4.91
Jan,20,19,475,,1,1,1.0,0.6,13.53,,119.18,0.0,22.0,,45.54,0.0,14.7,0.8,7.88,6.53,4.91
Jan,20,20,476,,1,1,1.0,0.0,13.28,,136.29,0.0,22.0,,52.83,0.0,14.7,0.8,7.88,6.53,4.91
Jan,20,21,477,,1,1,1.0,-1.7,12.89,,162.52,0.0,22.0,,66.68,0.0,14.7,0.8,7.88,6.53,4.91
Jan,20,22,478,,1,1,0.77,-1.7,13.22,,17.62,0.0,22.0,,7.23,0.0,0.0,0.61,6.04,6.53,3.76
Jan,20,23,479,,1,1,0.77,-2.8,12.96,,20.43,0.0,22.0,,8.71,0.0,0.0,0.61,6.04,6.53,3.76
Jan,20,24,480,,1,1,0.77,-3.3,12.73,,22.5,0.0,22.0,,9.77,0.0,0.0,0.61,6.04,6.53,3.76
Jan,21,1,481,,1,1,0.77,-5.0,12.4,,25.63,0.0,22.0,,11.87,0.0,0.0,0.61,6.04,6.53,3.76
Jan,21,2,482,,1,1,0.77,-5.6,12.14,,27.6,0.0,22.0,,11.48,0.0,0.0,0.61,6.04,6.53,3.76
Jan,21,3,483,,1,1,0.77,-6.1,11.87,,29.34,0.0,22.0,,12.35,0.0,0.0,0.61,6.04,6.53,3.76
Jan,21,4,484,,1,1,0.77,-6.1,11.65,,30.46,0.0,22.0,,12.82,0.0,0.0,0.61,6.04,6.53,3.76
Jan,21,5,485,,1,1,0.77,-6.7,11.37,,32.03,0.0,22.0,,13.68,0.0,0.0,0.61,6.04,6.53,3.76
Jan,21,6,486,,1,1,0.77,-6.7,11.15,,32.92,0.0,22.0,,14.06,0.0,0.0,0.61,6.04,6.53,3.76
Jan,21,7,487,,1,1,1.0,-5.6,10.19,,286.14,0.0,22.0,,124.07,0.0,14.7,0.8,7.88,6.53,4.91
Jan,21,8,488,,1,1,1.0,-1.7,10.68,,232.61,0.0,22.0,,95.44,0.0,14.7,0.8,7.88,6.53,4.91
Jan,21,9,489,,1,1,1.0,2.8,11.38,,170.1,0.0,22.0,,61.77,0.0,14.7,0.8,7.88,6.53,4.91
Jan,21,10,490,,1,1,1.0,6.7,12.17,,108.13,0.0,22.0,,36.02,0.0,14.7,0.8,7.88,6.53,4.91
Jan,21,11,491,,1,1,1.0,10.6,13.08,,44.36,0.0,22.0,,13.6,0.0,14.7,0.8,7.88,6.53,4.91
Jan,21,12,492,,1,1,1.0,12.8,13.86,,0.0,3.23,22.04,,0.0,0.52,14.7,0.8,7.88,6.53,4.91
Jan,21,13,493,,1,1,1.0,14.4,14.59,,0.0,42.0,22.57,,0.0,7.05,14.7,0.8,7.88,6.53,4.91
Jan,21,14,494,,1,1,1.0,15.6,15.17,,0.0,70.74,22.96,,0.0,12.24,14.7,0.8,7.88,6.53,4.91
Jan,21,15,495,,1,1,1.0,15.6,15.61,,0.0,88.76,23.21,,0.0,15.35,14.7,0.8,7.88,6.53,4.91
Jan,21,16,496,,1,1,1.0,15.0,15.84,,0.0,91.9,23.25,,0.0,15.66,14.7,0.8,7.88,6.53,4.91
Jan,21,17,497,,1,1,1.0,11.1,15.39,,0.0,45.99,22.63,,0.0,7.13,14.7,0.8,7.88,6.53,4.91
Jan,21,18,498,,1,1,1.0,8.3,15.08,,0.0,9.73,22.13,,0.0,1.42,14.7,0.8,7.88,6.53,4.91
Jan,21,19,499,,1,1,1.0,3.3,14.42,,51.36,0.0,22.0,,18.44,0.0,14.7,0.8,7.88,6.53,4.91
Jan,21,20,500,,1,1,1.0,3.9,14.37,,61.52,0.0,22.0,,21.8,0.0,14.7,0.8,7.88,6.53,4.91
Jan,21,21,501,,1,1,1.0,2.2,14.04,,90.87,0.0,22.0,,33.45,0.0,14.7,0.8,7.88,6.53,4.91
Jan,21,22,502,,1,1,0.77,1.7,14.26,,8.52,0.0,22.0,,3.17,0.0,0.0,0.61,6.04,6.53,3.76
Jan,21,23,503,,1,1,0.77,1.1,14.09,,11.28,0.0,22.0,,4.26,0.0,0.0,0.61,6.04,6.53,3.76
Jan,21,24,504,,1,1,0.77,1.1,13.95,,13.2,0.0,22.0,,4.98,0.0,0.0,0.61,6.04,6.53,3.76
Jan,22,1,505,,1,1,0.77,1.1,13.82,,14.86,0.0,22.0,,5.61,0.0,0.0,0.61,6.04,6.53,3.76
Jan,22,2,506,,1,1,0.77,0.6,13.65,,16.8,0.0,22.0,,6.42,0.0,0.0,0.61,6.04,6.53,3.76
Jan,22,3,507,,1,1,0.77,0.6,13.52,,18.08,0.0,22.0,,6.91,0.0,0.0,0.61,6.04,6.53,3.76
Jan,22,4,508,,1,1,0.77,-0.6,13.28,,20.41,0.0,22.0,,8.07,0.0,0.0,0.61,6.04,6.53,3.76
Jan,22,5,509,,1,1,0.77,0.0,13.18,,20.87,0.0,22.0,,8.09,0.0,0.0,0.61,6.04,6.53,3.76
Jan,22,6,510,,1,1,0.77,-0.6,13.0,,22.35,0.0,22.0,,8.84,0.0,0.0,0.61,6.04,6.53,3.76
Jan,22,7,511,,1,1,1.0,-0.6,12.19,,214.24,0.0,22.0,,84.69,0.0,14.7,0.8,7.88,6.53,4.91
Jan,22,8,512,,1,1,1.0,1.1,12.5,,179.62,0.0,22.0,,67.83,0.0,14.7,0.8,7.88,6.53,4.91
Jan,22,9,513,,1,1,1.0,4.4,13.1,,128.62,0.0,22.0,,45.09,0.0,14.7,0.8,7.88,6.53,4.91
Jan,22,10,514,,1,1,1.0,8.3,13.89,,68.73,0.0,22.0,,22.12,0.0,14.7,0.8,7.88,6.53,4.91
Jan,22,11,515,,1,1,1.0,12.2,14.81,,6.3,0.0,22.0,,1.87,0.0,14.7,0.8,7.88,6.53,4.91
Jan,22,12,516,,1,1,1.0,14.4,15.6,,0.0,39.19,22.53,,0.0,6.58,14.7,0.8,7.88,6.53,4.91
Jan,22,13,517,,1,1,1.0,16.1,16.34,,0.0,81.36,23.11,,0.0,14.26,14.7,0.8,7.88,6.53,4.91
Jan,22,14,518,,1,1,1.0,16.1,16.85,,0.0,106.6,23.45,,0.0,18.68,14.7,0.8,7.88,6.53,4.91
Jan,22,15,519,,1,1,1.0,16.1,17.31,,0.0,128.54,23.75,,0.0,22.52,14.7,0.8,7.88,6.53,4.91
Jan,22,16,520,,1,1,1.0,15.0,17.48,,0.0,129.95,23.77,,0.0,22.14,14.7,0.8,7.88,6.53,4.91
Jan,22,17,521,,1,1,1.0,11.1,16.99,,0.0,82.56,23.12,,0.0,12.81,14.7,0.8,7.88,6.53,4.91
Jan,22,18,522,,1,1,1.0,6.7,16.43,,0.0,30.17,22.41,,0.0,4.25,14.7,0.8,7.88,6.53,4.91
Jan,22,19,523,,1,1,1.0,4.4,16.04,,8.88,0.0,22.0,,3.11,0.0,14.7,0.8,7.88,6.53,4.91
Jan,22,20,524,,1,1,1.0,3.3,15.77,,38.81,0.0,22.0,,13.94,0.0,14.7,0.8,7.88,6.53,4.91
Jan,22,21,525,,1,1,1.0,3.3,15.61,,56.32,0.0,22.0,,20.23,0.0,14.7,0.8,7.88,6.53,4.91
Jan,22,22,526,,1,1,0.77,1.1,15.7,,5.36,0.0,22.0,,2.02,0.0,0.0,0.61,6.04,6.53,3.76
Jan,22,23,527,,1,1,0.77,-1.1,15.35,,10.3,0.0,22.0,,4.14,0.0,0.0,0.61,6.04,6.53,3.76
Jan,22,24,528,,1,1,0.77,0.0,15.25,,11.74,0.0,22.0,,4.55,0.0,0.0,0.61,6.04,6.53,3.76
Jan,23,1,529,,1,1,0.77,0.0,15.07,,13.85,0.0,22.0,,5.37,0.0,0.0,0.61,6.04,6.53,3.76
Jan,23,2,530,,1,1,0.77,-2.8,14.67,,18.5,0.0,22.0,,7.89,0.0,0.0,0.61,6.04,6.53,3.76
Jan,23,3,531,,1,1,0.77,-1.1,14.59,,18.61,0.0,22.0,,7.48,0.0,0.0,0.61,6.04,6.53,3.76
Jan,23,4,532,,1,1,0.77,-0.6,14.45,,19.53,0.0,22.0,,7.72,0.0,0.0,0.61,6.04,6.53,3.76
Jan,23,5,533,,1,1,0.77,-0.6,14.27,,20.72,0.0,22.0,,8.19,0.0,0.0,0.61,6.04,6.53,3.76
Jan,23,6,534,,1,1,0.77,-1.7,14.01,,22.86,0.0,22.0,,9.38,0.0,0.0,0.61,6.04,6.53,3.76
Jan,23,7,535,,1,1,1.0,0.0,13.28,,206.21,0.0,22.0,,79.93,0.0,14.7,0.8,7.88,6.53,4.91
Jan,23,8,536,,1,1,1.0,1.1,13.46,,180.44,0.0,22.0,,68.14,0.0,14.7,0.8,7.88,6.53,4.91
Jan,23,9,537,,1,1,1.0,5.0,14.08,,126.13,0.0,22.0,,43.64,0.0,14.7,0.8,7.88,6.53,4.91
Jan,23,10,538,,1,1,1.0,9.4,14.76,,73.05,0.0,22.0,,22.97,0.0,14.7,0.8,7.88,6.53,4.91
Jan,23,11,539,,1,1,1.0,12.8,15.47,,23.77,0.0,22.0,,6.96,0.0,14.7,0.8,7.88,6.53,4.91
Jan,23,12,540,,1,1,1.0,15.0,16.05,,0.0,10.26,22.14,,0.0,1.75,14.7,0.8,7.88,6.53,4.91
Jan,23,13,541,,1,1,1.0,16.1,16.64,,0.0,42.27,22.58,,0.0,7.41,14.7,0.8,7.88,6.53,4.91
Jan,23,14,542,,1,1,1.0,16.7,17.24,,0.0,75.79,23.03,,0.0,13.49,14.7,0.8,7.88,6.53,4.91
Jan,23,15,543,,1,1,1.0,16.7,17.58,,0.0,90.16,23.23,,0.0,16.05,14.7,0.8,7.88,6.53,4.91
Jan,23,16,544,,1,1,1.0,16.1,17.68,,0.0,87.61,23.19,,0.0,15.35,14.7,0.8,7.88,6.53,4.91
Jan,23,17,545,,1,1,1.0,12.8,17.35,,0.0,53.66,22.73,,0.0,8.66,14.7,0.8,7.88,6.53,4.91
Jan,23,18,546,,1,1,1.0,8.9,16.88,,0.0,9.4,22.13,,0.0,1.39,14.7,0.8,7.88,6.53,4.91
Jan,23,19,547,,1,1,1.0,6.7,16.55,,24.25,0.0,22.0,,8.08,0.0,14.7,0.8,7.88,6.53,4.91
Jan,23,20,548,,1,1,1.0,4.4,16.16,,59.27,0.0,22.0,,20.78,0.0,14.7,0.8,7.88,6.53,4.91
Jan,23,21,549,,1,1,1.0,3.9,15.96,,76.74,0.0,22.0,,27.2,0.0,14.7,0.8,7.88,6.53,4.91
Jan,23,22,550,,1,1,0.77,2.2,16.08,,8.14,0.0,22.0,,3.0,0.0,0.0,0.61,6.04,6.53,3.76
Jan,23,23,551,,1,1,0.77,2.8,15.98,,9.63,0.0,22.0,,3.5,0.0,0.0,0.61,6.04,6.53,3.76
Jan,23,24,552,,1,1,0.77,2.8,15.84,,11.38,0.0,22.0,,4.13,0.0,0.0,0.61,6.04,6.53,3.76
Jan,24,1,553,,1,1,0.77,2.2,15.66,,13.5,0.0,22.0,,4.97,0.0,0.0,0.61,6.04,6.53,3.76
Jan,24,2,554,,1,1,0.77,2.8,15.57,,14.26,0.0,22.0,,5.18,0.0,0.0,0.61,6.04,6.53,3.76
Jan,24,3,555,,1,1,0.77,3.3,15.48,,14.88,0.0,22.0,,5.34,0.0,0.0,0.61,6.04,6.53,3.76
Jan,24,4,556,,1,1,0.77,3.9,15.41,,15.2,0.0,22.0,,5.39,0.0,0.0,0.61,6.04,6.53,3.76
Jan,24,5,557,,1,1,0.77,4.4,15.34,,15.44,0.0,22.0,,5.41,0.0,0.0,0.61,6.04,6.53,3.76
Jan,24,6,558,,1,1,0.77,5.6,15.35,,14.83,0.0,22.0,,5.06,0.0,0.0,0.61,6.04,6.53,3.76
Jan,24,7,559,,1,1,1.0,5.6,14.79,,146.55,0.0,22.0,,50.02,0.0,14.7,0.8,7.88,6.53,4.91
Jan,24,8,560,,1,1,1.0,3.9,14.67,,148.52,0.0,22.0,,52.63,0.0,14.7,0.8,7.88,6.53,4.91
Jan,24,9,561,,1,1,1.0,7.2,15.05,,113.97,0.0,22.0,,37.55,0.0,14.7,0.8,7.88,6.53,4.91
Jan,24,10,562,,1,1,1.0,8.9,15.36,,88.02,0.0,22.0,,27.97,0.0,14.7,0.8,7.88,6.53,4.91
Jan,24,11,563,,1,1,1.0,13.3,16.26,,22.09,0.0,22.0,,6.4,0.0,14.7,0.8,7.88,6.53,4.91
Jan,24,12,564,,1,1,1.0,14.4,16.69,,0.0,2.21,22.03,,0.0,0.37,14.7,0.8,7.88,6.53,4.91
Jan,24,13,565,,1,1,1.0,15.6,17.21,,0.0,30.95,22.42,,0.0,5.35,14.7,0.8,7.88,6.53,4.91
Jan,24,14,566,,1,1,1.0,15.0,17.6,,0.0,49.79,22.68,,0.0,8.48,14.7,0.8,7.88,6.53,4.91
Jan,24,15,567,,1,1,1.0,14.4,17.8,,0.0,55.63,22.76,,0.0,9.34,14.7,0.8,7.88,6.53,4.91
Jan,24,16,568,,1,1,1.0,13.3,17.81,,0.0,47.62,22.65,,0.0,7.78,14.7,0.8,7.88,6.53,4.91
Jan,24,17,569,,1,1,1.0,12.2,17.75,,0.0,34.31,22.47,,0.0,5.46,14.7,0.8,7.88,6.53,4.91
Jan,24,18,570,,1,1,1.0,8.9,17.31,,6.13,0.0,22.0,,1.95,0.0,14.7,0.8,7.88,6.53,4.91
Jan,24,19,571,,1,1,1.0,6.1,16.9,,44.37,0.0,22.0,,14.98,0.0,14.7,0.8,7.88,6.53,4.91
Jan,24,20,572,,1,1,1.0,6.1,16.78,,56.1,0.0,22.0,,18.94,0.0,14.7,0.8,7.88,6.53,4.91
Jan,24,21,573,,1,1,1.0,4.4,16.45,,82.24,0.0,22.0,,28.83,0.0,14.7,0.8,7.88,6.53,4.91
Jan,24,22,574,,1,1,0.77,2.2,16.53,,9.64,0.0,22.0,,3.55,0.0,0.0,0.61,6.04,6.53,3.76
Jan,24,23,575,,1,1,0.77,1.1,16.28,,12.65,0.0,22.0,,4.78,0.0,0.0,0.61,6.04,6.53,3.76
Jan,24,24,576,,1,1,0.77,1.1,16.11,,14.38,0.0,22.0,,5.43,0.0,0.0,0.61,6.04,6.53,3.76
Jan,25,1,577,,1,1,0.77,0.6,15.89,,16.38,0.0,22.0,,6.26,0.0,0.0,0.61,6.04,6.53,3.76
Jan,25,2,578,,1,1,0.77,-1.1,15.58,,19.44,0.0,22.0,,7.81,0.0,0.0,0.61,6.04,6.53,3.76
Jan,25,3,579,,1,1,0.77,-1.1,15.37,,20.76,0.0,22.0,,8.35,0.0,0.0,0.61,6.04,6.53,3.76
Jan,25,4,580,,1,1,0.77,-1.1,15.17,,21.89,0.0,22.0,,8.8,0.0,0.0,0.61,6.04,6.53,3.76
Jan,25,5,581,,1,1,0.77,1.1,15.16,,20.65,0.0,22.0,,7.8,0.0,0.0,0.61,6.04,6.53,3.76
Jan,25,6,582,,1,1,0.77,-3.3,14.64,,25.75,0.0,22.0,,11.18,0.0,0.0,0.61,6.04,6.53,3.76
Jan,25,7,583,,1,1,1.0,-3.3,13.54,,244.37,0.0,22.0,,106.12,0.0,14.7,0.8,7.88,6.53,4.91
Jan,25,8,584,,1,1,1.0,-2.2,13.65,,218.16,0.0,22.0,,91.08,0.0,14.7,0.8,7.88,6.53,4.91
Jan,25,9,585,,1,1,1.0,3.3,14.4,,148.7,0.0,22.0,,53.4,0.0,14.7,0.8,7.88,6.53,4.91
Jan,25,10,586,,1,1,1.0,5.6,14.93,,103.17,0.0,22.0,,35.22,0.0,14.7,0.8,7.88,6.53,4.91
Jan,25,11,587,,1,1,1.0,6.1,15.11,,88.6,0.0,22.0,,29.91,0.0,14.7,0.8,7.88,6.53,4.91
Jan,25,12,588,,1,1,1.0,8.9,15.68,,47.49,0.0,22.0,,15.09,0.0,14.7,0.8,7.88,6.53,4.91
Jan,25,13,589,,1,1,1.0,10.0,16.15,,18.0,0.0,22.0,,5.59,0.0,14.7,0.8,7.88,6.53,4.91
Jan,25,14,590,,1,1,1.0,11.1,16.42,,5.71,0.0,22.0,,1.73,0.0,14.7,0.8,7.88,6.53,4.91
Jan,25,15,591,,1,1,1.0,11.7,16.78,,0.0,11.52,22.16,,0.0,1.81,14.7,0.8,7.88,6.53,4.91
Jan,25,16,592,,1,1,1.0,9.4,16.59,,12.02,0.0,22.0,,3.78,0.0,14.7,0.8,7.88,6.53,4.91
Jan,25,17,593,,1,1,1.0,7.8,16.35,,38.07,0.0,22.0,,12.38,0.0,14.7,0.8,7.88,6.53,4.91
Jan,25,18,594,,1,1,1.0,5.6,16.0,,69.02,0.0,22.0,,23.56,0.0,14.7,0.8,7.88,6.53,4.91
Jan,25,19,595,,1,1,1.0,3.9,15.67,,94.31,0.0,22.0,,33.42,0.0,14.7,0.8,7.88,6.53,4.91
Jan,25,20,596,,1,1,1.0,5.0,15.67,,92.87,0.0,22.0,,32.13,0.0,14.7,0.8,7.88,6.53,4.91
Jan,25,21,597,,1,1,1.0,6.1,15.7,,89.66,0.0,22.0,,30.26,0.0,14.7,0.8,7.88,6.53,4.91
Jan,25,22,598,,1,1,0.77,5.0,15.81,,10.2,0.0,22.0,,3.53,0.0,0.0,0.61,6.04,6.53,3.76
Jan,25,23,599,,1,1,0.77,4.4,15.67,,11.98,0.0,22.0,,4.2,0.0,0.0,0.61,6.04,6.53,3.76
Jan,25,24,600,,1,1,0.77,3.3,15.47,,14.17,0.0,22.0,,5.09,0.0,0.0,0.61,6.04,6.53,3.76
Jan,26,1,601,,1,1,0.77,2.2,15.26,,16.31,0.0,22.0,,6.0,0.0,0.0,0.61,6.04,6.53,3.76
Jan,26,2,602,,1,1,0.77,0.6,15.0,,18.91,0.0,22.0,,7.23,0.0,0.0,0.61,6.04,6.53,3.76
Jan,26,3,603,,1,1,0.77,-1.1,14.69,,21.63,0.0,22.0,,8.7,0.0,0.0,0.61,6.04,6.53,3.76
Jan,26,4,604,,1,1,0.77,-3.9,14.28,,25.48,0.0,22.0,,11.31,0.0,0.0,0.61,6.04,6.53,3.76
Jan,26,5,605,,1,1,0.77,-5.0,13.96,,27.73,0.0,22.0,,12.84,0.0,0.0,0.61,6.04,6.53,3.76
Jan,26,6,606,,1,1,0.77,-5.6,13.66,,29.42,0.0,22.0,,12.23,0.0,0.0,0.61,6.04,6.53,3.76
Jan,26,7,607,,1,1,1.0,-6.7,12.33,,284.18,0.0,22.0,,129.86,0.0,14.7,0.8,7.88,6.53,4.91
Jan,26,8,608,,1,1,1.0,-7.8,12.04,,284.29,0.0,22.0,,137.71,0.0,14.7,0.8,7.88,6.53,4.91
Jan,26,9,609,,1,1,1.0,-7.8,11.77,,283.26,0.0,22.0,,136.68,0.0,14.7,0.8,7.88,6.53,4.91
Jan,26,10,610,,1,1,1.0,-7.2,11.75,,264.72,0.0,22.0,,114.48,0.0,14.7,0.8,7.88,6.53,4.91
Jan,26,11,611,,1,1,1.0,-7.2,11.73,,248.91,0.0,22.0,,107.64,0.0,14.7,0.8,7.88,6.53,4.91
Jan,26,12,612,,1,1,1.0,-5.6,11.99,,214.78,0.0,22.0,,89.3,0.0,14.7,0.8,7.88,6.53,4.91
Jan,26,13,613,,1,1,1.0,-4.4,12.26,,183.94,0.0,22.0,,83.22,0.0,14.7,0.8,7.88,6.53,4.91
Jan,26,14,614,,1,1,1.0,-6.1,12.12,,186.28,0.0,22.0,,78.39,0.0,14.7,0.8,7.88,6.53,4.91
Jan,26,15,615,,1,1,1.0,-5.6,12.17,,175.33,0.0,22.0,,72.9,0.0,14.7,0.8,7.88,6.53,4.91
Jan,26,16,616,,1,1,1.0,-5.6,12.07,,176.58,0.0,22.0,,73.42,0.0,14.7,0.8,7.88,6.53,4.91
Jan,26,17,617,,1,1,1.0,-5.0,11.91,,182.52,0.0,22.0,,84.5,0.0,14.7,0.8,7.88,6.53,4.91
Jan,26,18,618,,1,1,1.0,-5.0,11.61,,197.92,0.0,22.0,,91.63,0.0,14.7,0.8,7.88,6.53,4.91
Jan,26,19,619,,1,1,1.0,-4.4,11.42,,203.13,0.0,22.0,,91.9,0.0,14.7,0.8,7.88,6.53,4.91
Jan,26,20,620,,1,1,1.0,-3.9,11.25,,207.49,0.0,22.0,,92.12,0.0,14.7,0.8,7.88,6.53,4.91
Jan,26,21,621,,1,1,1.0,-3.9,11.03,,215.07,0.0,22.0,,95.48,0.0,14.7,0.8,7.88,6.53,4.91
Jan,26,22,622,,1,1,0.77,-3.3,11.42,,24.27,0.0,22.0,,10.54,0.0,0.0,0.61,6.04,6.53,3.76
Jan,26,23,623,,1,1,0.77,-3.0,11.28,,25.13,0.0,22.0,,10.79,0.0,0.0,0.61,6.04,6.53,3.76
Jan,26,24,624,,1,1,0.77,-2.7,11.14,,25.8,0.0,22.0,,10.96,0.0,0.0,0.61,6.04,6.53,3.76
Jan,27,1,625,,1,1,0.77,-3.5,10.93,,27.43,0.0,22.0,,12.0,0.0,0.0,0.61,6.04,6.53,3.76
Jan,27,2,626,,1,1,0.77,-3.2,10.79,,27.91,0.0,22.0,,12.08,0.0,0.0,0.61,6.04,6.53,3.76
Jan,27,3,627,,1,1,0.77,-1.8,10.75,,27.14,0.0,22.0,,11.17,0.0,0.0,0.61,6.04,6.53,3.76
Jan,27,4,628,,1,1,0.77,-1.5,10.65,,27.27,0.0,22.0,,11.11,0.0,0.0,0.61,6.04,6.53,3.76
Jan,27,5,629,,1,1,0.77,-0.1,10.65,,26.19,0.0,22.0,,10.18,0.0,0.0,0.61,6.04,6.53,3.76
Jan,27,6,630,,1,1,0.77,0.2,10.58,,26.06,0.0,22.0,,10.05,0.0,0.0,0.61,6.04,6.53,3.76
Jan,27,7,631,,1,1,1.0,1.6,10.17,,215.44,0.0,22.0,,80.41,0.0,14.7,0.8,7.88,6.53,4.91
Jan,27,8,632,,1,1,1.0,1.9,10.32,,196.43,0.0,22.0,,72.81,0.0,14.7,0.8,7.88,6.53,4.91
Jan,27,9,633,,1,1,1.0,3.3,10.57,,172.08,0.0,22.0,,61.8,0.0,14.7,0.8,7.88,6.53,4.91
Jan,27,10,634,,1,1,1.0,4.2,10.91,,144.23,0.0,22.0,,50.78,0.0,14.7,0.8,7.88,6.53,4.91
Jan,27,11,635,,1,1,1.0,5.0,11.17,,125.68,0.0,22.0,,43.49,0.0,14.7,0.8,7.88,6.53,4.91
Jan,27,12,636,,1,1,1.0,5.3,11.59,,97.2,0.0,22.0,,33.4,0.0,14.7,0.8,7.88,6.53,4.91
Jan,27,13,637,,1,1,1.0,4.8,11.67,,97.1,0.0,22.0,,33.74,0.0,14.7,0.8,7.88,6.53,4.91
Jan,27,14,638,,1,1,1.0,4.7,11.91,,84.78,0.0,22.0,,29.53,0.0,14.7,0.8,7.88,6.53,4.91
Jan,27,15,639,,1,1,1.0,4.1,11.94,,89.4,0.0,22.0,,31.54,0.0,14.7,0.8,7.88,6.53,4.91
Jan,27,16,640,,1,1,1.0,3.5,11.9,,97.92,0.0,22.0,,35.01,0.0,14.7,0.8,7.88,6.53,4.91
Jan,27,17,641,,1,1,1.0,1.8,11.63,,122.57,0.0,22.0,,45.54,0.0,14.7,0.8,7.88,6.53,4.91
Jan,27,18,642,,1,1,1.0,0.1,11.31,,148.35,0.0,22.0,,57.36,0.0,14.7,0.8,7.88,6.53,4.91
Jan,27,19,643,,1,1,1.0,-1.0,11.04,,167.11,0.0,22.0,,66.95,0.0,14.7,0.8,7.88,6.53,4.91
Jan,27,20,644,,1,1,1.0,-1.1,10.88,,175.9,0.0,22.0,,70.71,0.0,14.7,0.8,7.88,6.53,4.91
Jan,27,21,645,,1,1,1.0,-1.6,10.67,,187.45,0.0,22.0,,76.65,0.0,14.7,0.8,7.88,6.53,4.91
Jan,27,22,646,,1,1,0.77,-2.7,10.85,,22.54,0.0,22.0,,9.58,0.0,0.0,0.61,6.04,6.53,3.76
Jan,27,23,647,,1,1,0.77,-5.6,10.47,,26.74,0.0,22.0,,11.12,0.0,0.0,0.61,6.04,6.53,3.76
Jan,27,24,648,,1,1,0.77,-5.6,10.28,,28.09,0.0,22.0,,11.68,0.0,0.0,0.61,6.04,6.53,3.76
Jan,28,1,649,,1,1,0.77,-6.1,10.05,,29.77,0.0,22.0,,12.53,0.0,0.0,0.61,6.04,6.53,3.76
Jan,28,2,650,,1,1,0.77,-5.0,9.95,,29.71,0.0,22.0,,13.75,0.0,0.0,0.61,6.04,6.53,3.76
Jan,28,3,651,,1,1,0.77,-6.1,9.68,,31.64,0.0,22.0,,13.32,0.0,0.0,0.61,6.04,6.53,3.76
Jan,28,4,652,,1,1,0.77,-5.6,9.54,,31.94,0.0,22.0,,13.28,0.0,0.0,0.61,6.04,6.53,3.76
Jan,28,5,653,,1,1,0.77,-5.6,9.37,,32.59,0.0,22.0,,13.55,0.0,0.0,0.61,6.04,6.53,3.76
Jan,28,6,654,,1,1,0.77,-7.2,9.06,,34.77,0.0,22.0,,15.04,0.0,0.0,0.61,6.04,6.53,3.76
Jan,28,7,655,,1,1,1.0,-10.0,7.71,,334.44,0.0,22.0,,173.85,0.0,14.7,0.8,7.88,6.53,4.91
Jan,28,8,656,,1,1,1.0,-9.4,7.71,,315.28,0.0,22.0,,169.65,0.0,14.7,0.8,7.88,6.53,4.91
Jan,28,9,657,,1,1,1.0,-9.4,7.65,,302.25,0.0,22.0,,166.9,0.0,14.7,0.8,7.88,6.53,4.91
Jan,28,10,658,,1,1,1.0,-5.6,8.1,,254.23,0.0,22.0,,105.7,0.0,14.7,0.8,7.88,6.53,4.91
Jan,28,11,659,,1,1,1.0,-3.3,8.57,,209.98,0.0,22.0,,91.18,0.0,14.7,0.8,7.88,6.53,4.91
Jan,28,12,660,,1,1,1.0,-2.2,8.91,,180.88,0.0,22.0,,75.52,0.0,14.7,0.8,7.88,6.53,4.91
Jan,28,13,661,,1,1,1.0,-2.8,9.08,,167.17,0.0,22.0,,71.29,0.0,14.7,0.8,7.88,6.53,4.91
Jan,28,14,662,,1,1,1.0,-1.7,9.32,,150.3,0.0,22.0,,61.67,0.0,14.7,0.8,7.88,6.53,4.91
Jan,28,15,663,,1,1,1.0,-1.7,9.26,,156.71,0.0,22.0,,64.3,0.0,14.7,0.8,7.88,6.53,4.91
Jan,28,16,664,,1,1,1.0,-2.2,9.09,,171.25,0.0,22.0,,71.5,0.0,14.7,0.8,7.88,6.53,4.91
Jan,28,17,665,,1,1,1.0,-2.8,8.88,,186.23,0.0,22.0,,79.42,0.0,14.7,0.8,7.88,6.53,4.91
Jan,28,18,666,,1,1,1.0,-4.4,8.54,,210.1,0.0,22.0,,95.05,0.0,14.7,0.8,7.88,6.53,4.91
Jan,28,19,667,,1,1,1.0,-4.0,8.42,,214.46,0.0,22.0,,95.57,0.0,14.7,0.8,7.88,6.53,4.91
Jan,28,20,668,,1,1,1.0,-5.0,8.13,,230.69,0.0,22.0,,106.8,0.0,14.7,0.8,7.88,6.53,4.91
Jan,28,21,669,,1,1,1.0,-5.0,7.96,,237.11,0.0,22.0,,109.77,0.0,14.7,0.8,7.88,6.53,4.91
Jan,28,22,670,,1,1,0.77,-6.1,8.16,,28.97,0.0,22.0,,12.19,0.0,0.0,0.61,6.04,6.53,3.76
Jan,28,23,671,,1,1,0.77,-9.4,7.73,,33.48,0.0,22.0,,15.32,0.0,0.0,0.61,6.04,6.53,3.76
Jan,28,24,672,,1,1,0.77,-7.8,7.65,,33.17,0.0,22.0,,14.56,0.0,0.0,0.61,6.04,6.53,3.76
Jan,29,1,673,,1,1,0.77,-10.6,7.24,,36.99,0.0,22.0,,15.64,0.0,0.0,0.61,6.04,6.53,3.76
Jan,29,2,674,,1,1,0.77,-11.7,6.92,,39.21,0.0,22.0,,17.04,0.0,0.0,0.61,6.04,6.53,3.76
Jan,29,3,675,,1,1,0.77,-15.6,6.36,,44.21,0.0,22.0,,21.24,0.0,0.0,0.61,6.04,6.53,3.76
Jan,29,4,676,,1,1,0.77,-13.9,6.2,,43.76,0.0,22.0,,20.13,0.0,0.0,0.61,6.04,6.53,3.76
Jan,29,5,677,,1,1,0.77,-13.3,5.98,,44.1,0.0,22.0,,19.97,0.0,0.0,0.61,6.04,6.53,3.76
Jan,29,6,678,,1,1,0.77,-12.8,5.78,,44.35,0.0,22.0,,19.82,0.0,0.0,0.61,6.04,6.53,3.76
Jan,29,7,679,,1,1,1.0,-15.0,4.35,,403.69,0.0,22.0,,189.79,0.0,14.7,0.8,7.88,6.53,4.91
Jan,29,8,680,,1,1,1.0,-10.0,4.86,,343.22,0.0,22.0,,173.85,0.0,14.7,0.8,7.88,6.53,4.91
Jan,29,9,681,,1,1,1.0,-8.9,5.06,,312.64,0.0,22.0,,166.14,0.0,14.7,0.8,7.88,6.53,4.91
Jan,29,10,682,,1,1,1.0,-7.2,5.43,,273.48,0.0,22.0,,122.68,0.0,14.7,0.8,7.88,6.53,4.91
Jan,29,11,683,,1,1,1.0,-5.6,5.86,,234.89,0.0,22.0,,97.66,0.0,14.7,0.8,7.88,6.53,4.91
Jan,29,12,684,,1,1,1.0,-3.9,6.35,,195.88,0.0,22.0,,86.97,0.0,14.7,0.8,7.88,6.53,4.91
Jan,29,13,685,,1,1,1.0,-2.8,6.78,,165.6,0.0,22.0,,70.62,0.0,14.7,0.8,7.88,6.53,4.91
Jan,29,14,686,,1,1,1.0,-2.2,7.13,,145.21,0.0,22.0,,60.63,0.0,14.7,0.8,7.88,6.53,4.91
Jan,29,15,687,,1,1,1.0,-2.8,7.25,,143.1,0.0,22.0,,61.03,0.0,14.7,0.8,7.88,6.53,4.91
Jan,29,16,688,,1,1,1.0,-2.2,7.41,,138.76,0.0,22.0,,57.93,0.0,14.7,0.8,7.88,6.53,4.91
Jan,29,17,689,,1,1,1.0,-3.9,7.15,,164.7,0.0,22.0,,73.12,0.0,14.7,0.8,7.88,6.53,4.91
Jan,29,18,690,,1,1,1.0,-7.2,6.57,,211.73,0.0,22.0,,91.56,0.0,14.7,0.8,7.88,6.53,4.91
Jan,29,19,691,,1,1,1.0,-10.0,6.02,,251.01,0.0,22.0,,119.86,0.0,14.7,0.8,7.88,6.53,4.91
Jan,29,20,692,,1,1,1.0,-9.4,5.86,,257.99,0.0,22.0,,122.64,0.0,14.7,0.8,7.88,6.53,4.91
Jan,29,21,693,,1,1,1.0,-10.6,5.48,,279.9,0.0,22.0,,136.12,0.0,14.7,0.8,7.88,6.53,4.91
Jan,29,22,694,,1,1,0.77,-11.1,5.81,,33.04,0.0,22.0,,14.14,0.0,0.0,0.61,6.04,6.53,3.76
Jan,29,23,695,,1,1,0.77,-11.1,5.6,,34.8,0.0,22.0,,14.9,0.0,0.0,0.61,6.04,6.53,3.76
Jan,29,24,696,,1,1,0.77,-11.1,5.4,,36.31,0.0,22.0,,15.54,0.0,0.0,0.61,6.04,6.53,3.76
Jan,30,1,697,,1,1,0.77,-11.1,5.2,,37.63,0.0,22.0,,16.11,0.0,0.0,0.61,6.04,6.53,3.76
Jan,30,2,698,,1,1,0.77,-9.4,5.14,,37.04,0.0,22.0,,16.95,0.0,0.0,0.61,6.04,6.53,3.76
Jan,30,3,699,,1,1,0.77,-10.6,4.88,,39.08,0.0,22.0,,16.52,0.0,0.0,0.61,6.04,6.53,3.76
Jan,30,4,700,,1,1,0.77,-10.0,4.75,,39.3,0.0,22.0,,18.28,0.0,0.0,0.61,6.04,6.53,3.76
Jan,30,5,701,,1,1,0.77,-11.7,4.44,,41.67,0.0,22.0,,18.11,0.0,0.0,0.61,6.04,6.53,3.76
Jan,30,6,702,,1,1,0.77,-10.6,4.34,,41.28,0.0,22.0,,17.45,0.0,0.0,0.61,6.04,6.53,3.76
Jan,30,7,703,,1,1,1.0,-11.1,3.38,,361.7,0.0,22.0,,164.48,0.0,14.7,0.8,7.88,6.53,4.91
Jan,30,8,704,,1,1,1.0,-12.2,3.23,,356.74,0.0,22.0,,171.65,0.0,14.7,0.8,7.88,6.53,4.91
Jan,30,9,705,,1,1,1.0,-7.8,3.83,,298.15,0.0,22.0,,151.57,0.0,14.7,0.8,7.88,6.53,4.91
Jan,30,10,706,,1,1,1.0,-6.1,4.25,,259.8,0.0,22.0,,109.33,0.0,14.7,0.8,7.88,6.53,4.91
Jan,30,11,707,,1,1,1.0,-4.4,4.75,,219.69,0.0,22.0,,99.39,0.0,14.7,0.8,7.88,6.53,4.91
Jan,30,12,708,,1,1,1.0,-2.2,5.38,,174.61,0.0,22.0,,72.9,0.0,14.7,0.8,7.88,6.53,4.91
Jan,30,13,709,,1,1,1.0,0.0,5.97,,136.96,0.0,22.0,,53.09,0.0,14.7,0.8,7.88,6.53,4.91
Jan,30,14,710,,1,1,1.0,1.7,6.52,,106.84,0.0,22.0,,39.79,0.0,14.7,0.8,7.88,6.53,4.91
Jan,30,15,711,,1,1,1.0,2.2,6.92,,91.32,0.0,22.0,,33.62,0.0,14.7,0.8,7.88,6.53,4.91
Jan,30,16,712,,1,1,1.0,1.7,7.06,,95.67,0.0,22.0,,35.63,0.0,14.7,0.8,7.88,6.53,4.91
Jan,30,17,713,,1,1,1.0,-1.7,6.68,,136.88,0.0,22.0,,56.16,0.0,14.7,0.8,7.88,6.53,4.91
Jan,30,18,714,,1,1,1.0,-4.4,6.25,,177.95,0.0,22.0,,80.51,0.0,14.7,0.8,7.88,6.53,4.91
Jan,30,19,715,,1,1,1.0,-4.4,6.13,,190.43,0.0,22.0,,86.15,0.0,14.7,0.8,7.88,6.53,4.91
Jan,30,20,716,,1,1,1.0,-7.8,5.59,,233.22,0.0,22.0,,102.4,0.0,14.7,0.8,7.88,6.53,4.91
Jan,30,21,717,,1,1,1.0,-4.4,5.84,,212.32,0.0,22.0,,96.06,0.0,14.7,0.8,7.88,6.53,4.91
Jan,30,22,718,,1,1,0.77,-5.6,5.96,,25.51,0.0,22.0,,10.61,0.0,0.0,0.61,6.04,6.53,3.76
Jan,30,23,719,,1,1,0.77,-5.0,5.9,,26.42,0.0,22.0,,12.23,0.0,0.0,0.61,6.04,6.53,3.76
Jan,30,24,720,,1,1,0.77,-5.0,5.81,,27.68,0.0,22.0,,12.81,0.0,0.0,0.61,6.04,6.53,3.76
Jan,31,1,721,,1,1,0.77,-5.6,5.67,,29.38,0.0,22.0,,12.22,0.0,0.0,0.61,6.04,6.53,3.76
Jan,31,2,722,,1,1,0.77,-5.6,5.56,,30.37,0.0,22.0,,12.63,0.0,0.0,0.61,6.04,6.53,3.76
Jan,31,3,723,,1,1,0.77,-6.1,5.42,,31.74,0.0,22.0,,13.36,0.0,0.0,0.61,6.04,6.53,3.76
Jan,31,4,724,,1,1,0.77,-6.1,5.32,,32.53,0.0,22.0,,13.69,0.0,0.0,0.61,6.04,6.53,3.76
Jan,31,5,725,,1,1,0.77,-8.3,5.03,,35.44,0.0,22.0,,15.76,0.0,0.0,0.61,6.04,6.53,3.76
Jan,31,6,726,,1,1,0.77,-8.9,4.84,,36.84,0.0,22.0,,16.64,0.0,0.0,0.61,6.04,6.53,3.76
Jan,31,7,727,,1,1,1.0,-8.3,4.1,,321.05,0.0,22.0,,161.94,0.0,14.7,0.8,7.88,6.53,4.91
Jan,31,8,728,,1,1,1.0,-7.8,4.2,,301.77,0.0,22.0,,155.19,0.0,14.7,0.8,7.88,6.53,4.91
Jan,31,9,729,,1,1,1.0,-4.4,4.6,,263.54,0.0,22.0,,119.23,0.0,14.7,0.8,7.88,6.53,4.91
Jan,31,10,730,,1,1,1.0,-2.2,5.0,,229.65,0.0,22.0,,95.88,0.0,14.7,0.8,7.88,6.53,4.91
Jan,31,11,731,,1,1,1.0,1.7,5.78,,172.09,0.0,22.0,,64.08,0.0,14.7,0.8,7.88,6.53,4.91
Jan,31,12,732,,1,1,1.0,2.8,6.29,,140.23,0.0,22.0,,50.93,0.0,14.7,0.8,7.88,6.53,4.91
Jan,31,13,733,,1,1,1.0,5.0,6.92,,103.01,0.0,22.0,,35.64,0.0,14.7,0.8,7.88,6.53,4.91
Jan,31,14,734,,1,1,1.0,5.0,7.17,,98.03,0.0,22.0,,33.92,0.0,14.7,0.8,7.88,6.53,4.91
Jan,31,15,735,,1,1,1.0,5.0,7.41,,94.01,0.0,22.0,,32.53,0.0,14.7,0.8,7.88,6.53,4.91
Jan,31,16,736,,1,1,1.0,4.4,7.61,,92.52,0.0,22.0,,32.43,0.0,14.7,0.8,7.88,6.53,4.91
Jan,31,17,737,,1,1,1.0,1.7,7.35,,125.04,0.0,22.0,,46.56,0.0,14.7,0.8,7.88,6.53,4.91
Jan,31,18,738,,1,1,1.0,-0.6,7.04,,157.03,0.0,22.0,,62.08,0.0,14.7,0.8,7.88,6.53,4.91
Jan,31,19,739,,1,1,1.0,-4.4,6.51,,201.29,0.0,22.0,,91.06,0.0,14.7,0.8,7.88,6.53,4.91
Jan,31,20,740,,1,1,1.0,-7.8,5.96,,242.6,0.0,22.0,,106.52,0.0,14.7,0.8,7.88,6.53,4.91
Jan,31,21,741,,1,1,1.0,-5.0,6.13,,226.08,0.0,22.0,,104.67,0.0,14.7,0.8,7.88,6.53,4.91
Jan,31,22,742,,1,1,0.77,-5.3,6.34,,26.49,0.0,22.0,,10.93,0.0,0.0,0.61,6.04,6.53,3.76
Jan,31,23,743,,1,1,0.77,-5.7,6.2,,28.21,0.0,22.0,,11.76,0.0,0.0,0.61,6.04,6.53,3.76
Jan,31,24,744,,1,1,0.77,-6.1,6.05,,29.79,0.0,22.0,,12.54,0.0,0.0,0.61,6.04,6.53,3.76
Feb,1,1,745,,1,1,0.77,-6.5,5.9,,31.25,0.0,22.0,,13.28,0.0,0.0,0.61,6.04,6.53,4.16
Feb,1,2,746,,1,1,0.77,-6.9,5.75,,32.61,0.0,22.0,,14.0,0.0,0.0,0.61,6.04,6.53,4.16
Feb,1,3,747,,1,1,0.77,-7.3,5.59,,33.87,0.0,22.0,,14.68,0.0,0.0,0.61,6.04,6.53,4.16
Feb,1,4,748,,1,1,0.77,-7.8,5.41,,35.15,0.0,22.0,,15.43,0.0,0.0,0.61,6.04,6.53,4.16
Feb,1,5,749,,1,1,0.77,-7.2,5.32,,35.26,0.0,22.0,,15.25,0.0,0.0,0.61,6.04,6.53,4.16
Feb,1,6,750,,1,1,0.77,-7.8,5.15,,36.43,0.0,22.0,,15.99,0.0,0.0,0.61,6.04,6.53,4.16
Feb,1,7,751,,1,1,1.0,-7.2,4.46,,313.6,0.0,22.0,,154.2,0.0,14.7,0.8,7.88,6.53,5.43
Feb,1,8,752,,1,1,1.0,-6.7,4.66,,288.08,0.0,22.0,,133.76,0.0,14.7,0.8,7.88,6.53,5.43
Feb,1,9,753,,1,1,1.0,-5.0,5.05,,251.41,0.0,22.0,,116.39,0.0,14.7,0.8,7.88,6.53,5.43
Feb,1,10,754,,1,1,1.0,-3.9,5.46,,217.63,0.0,22.0,,96.62,0.0,14.7,0.8,7.88,6.53,5.43
Feb,1,11,755,,1,1,1.0,-2.2,5.99,,178.59,0.0,22.0,,74.56,0.0,14.7,0.8,7.88,6.53,5.43
Feb,1,12,756,,1,1,1.0,-0.6,6.56,,141.12,0.0,22.0,,55.79,0.0,14.7,0.8,7.88,6.53,5.43
Feb,1,13,757,,1,1,1.0,1.1,7.17,,104.93,0.0,22.0,,39.62,0.0,14.7,0.8,7.88,6.53,5.43
Feb,1,14,758,,1,1,1.0,-3.3,6.97,,131.96,0.0,22.0,,57.3,0.0,14.7,0.8,7.88,6.53,5.43
Feb,1,15,759,,1,1,1.0,-3.3,7.16,,127.3,0.0,22.0,,55.28,0.0,14.7,0.8,7.88,6.53,5.43
Feb,1,16,760,,1,1,1.0,-3.9,7.18,,135.36,0.0,22.0,,60.1,0.0,14.7,0.8,7.88,6.53,5.43
Feb,1,17,761,,1,1,1.0,-4.4,7.08,,150.8,0.0,22.0,,68.22,0.0,14.7,0.8,7.88,6.53,5.43
Feb,1,18,762,,1,1,1.0,-6.7,6.61,,192.05,0.0,22.0,,82.02,0.0,14.7,0.8,7.88,6.53,5.43
Feb,1,19,763,,1,1,1.0,-7.2,6.36,,211.46,0.0,22.0,,91.45,0.0,14.7,0.8,7.88,6.53,5.43
Feb,1,20,764,,1,1,1.0,-7.8,6.1,,230.07,0.0,22.0,,101.01,0.0,14.7,0.8,7.88,6.53,5.43
Feb,1,21,765,,1,1,1.0,-8.9,5.77,,251.94,0.0,22.0,,113.8,0.0,14.7,0.8,7.88,6.53,5.43
Feb,1,22,766,,1,1,0.77,-10.0,6.01,,29.96,0.0,22.0,,13.93,0.0,0.0,0.61,6.04,6.53,4.16
Feb,1,23,767,,1,1,0.77,-10.0,5.82,,31.88,0.0,22.0,,14.83,0.0,0.0,0.61,6.04,6.53,4.16
Feb,1,24,768,,1,1,0.77,-9.4,5.69,,32.93,0.0,22.0,,15.07,0.0,0.0,0.61,6.04,6.53,4.16
Feb,2,1,769,,1,1,0.77,-10.0,5.46,,34.92,0.0,22.0,,16.24,0.0,0.0,0.61,6.04,6.53,4.16
Feb,2,2,770,,1,1,0.77,-9.4,5.33,,35.57,0.0,22.0,,16.28,0.0,0.0,0.61,6.04,6.53,4.16
Feb,2,3,771,,1,1,0.77,-11.7,4.98,,38.92,0.0,22.0,,16.91,0.0,0.0,0.61,6.04,6.53,4.16
Feb,2,4,772,,1,1,0.77,-11.7,4.77,,40.02,0.0,22.0,,17.39,0.0,0.0,0.61,6.04,6.53,4.16
Feb,2,5,773,,1,1,0.77,-13.3,4.44,,42.58,0.0,22.0,,19.28,0.0,0.0,0.61,6.04,6.53,4.16
Feb,2,6,774,,1,1,0.77,-12.2,4.31,,42.44,0.0,22.0,,18.68,0.0,0.0,0.61,6.04,6.53,4.16
Feb,2,7,775,,1,1,1.0,-13.3,3.16,,380.93,0.0,22.0,,178.79,0.0,14.7,0.8,7.88,6.53,5.43
Feb,2,8,776,,1,1,1.0,-10.6,3.52,,336.91,0.0,22.0,,161.22,0.0,14.7,0.8,7.88,6.53,5.43
Feb,2,9,777,,1,1,1.0,-5.6,4.26,,270.44,0.0,22.0,,112.44,0.0,14.7,0.8,7.88,6.53,5.43
Feb,2,10,778,,1,1,1.0,-1.7,5.02,,209.59,0.0,22.0,,86.0,0.0,14.7,0.8,7.88,6.53,5.43
Feb,2,11,779,,1,1,1.0,1.1,5.76,,157.22,0.0,22.0,,59.37,0.0,14.7,0.8,7.88,6.53,5.43
Feb,2,12,780,,1,1,1.0,5.0,6.71,,95.0,0.0,22.0,,32.87,0.0,14.7,0.8,7.88,6.53,5.43
Feb,2,13,781,,1,1,1.0,7.8,7.62,,42.92,0.0,22.0,,13.96,0.0,14.7,0.8,7.88,6.53,5.43
Feb,2,14,782,,1,1,1.0,5.6,7.85,,46.0,0.0,22.0,,15.7,0.0,14.7,0.8,7.88,6.53,5.43
Feb,2,15,783,,1,1,1.0,2.8,7.87,,63.5,0.0,22.0,,23.06,0.0,14.7,0.8,7.88,6.53,5.43
Feb,2,16,784,,1,1,1.0,0.6,7.81,,84.68,0.0,22.0,,32.36,0.0,14.7,0.8,7.88,6.53,5.43
Feb,2,17,785,,1,1,1.0,-2.8,7.43,,126.92,0.0,22.0,,54.13,0.0,14.7,0.8,7.88,6.53,5.43
Feb,2,18,786,,1,1,1.0,-6.1,6.86,,177.73,0.0,22.0,,74.8,0.0,14.7,0.8,7.88,6.53,5.43
Feb,2,19,787,,1,1,1.0,-8.3,6.41,,214.0,0.0,22.0,,95.17,0.0,14.7,0.8,7.88,6.53,5.43
Feb,2,20,788,,1,1,1.0,-7.2,6.34,,218.24,0.0,22.0,,94.38,0.0,14.7,0.8,7.88,6.53,5.43
Feb,2,21,789,,1,1,1.0,-8.9,5.93,,246.28,0.0,22.0,,111.25,0.0,14.7,0.8,7.88,6.53,5.43
Feb,2,22,790,,1,1,0.77,-8.9,6.27,,27.99,0.0,22.0,,12.64,0.0,0.0,0.61,6.04,6.53,4.16
Feb,2,23,791,,1,1,0.77,-9.4,6.06,,30.43,0.0,22.0,,13.93,0.0,0.0,0.61,6.04,6.53,4.16
Feb,2,24,792,,1,1,0.77,-10.0,5.83,,32.76,0.0,22.0,,15.24,0.0,0.0,0.61,6.04,6.53,4.16
Feb,3,1,793,,1,1,0.77,-10.6,5.59,,34.91,0.0,22.0,,14.76,0.0,0.0,0.61,6.04,6.53,4.16
Feb,3,2,794,,1,1,0.77,-10.0,5.45,,35.69,0.0,22.0,,16.6,0.0,0.0,0.61,6.04,6.53,4.16
Feb,3,3,795,,1,1,0.77,-10.0,5.27,,36.84,0.0,22.0,,17.13,0.0,0.0,0.61,6.04,6.53,4.16
Feb,3,4,796,,1,1,0.77,-10.6,5.04,,38.43,0.0,22.0,,16.25,0.0,0.0,0.61,6.04,6.53,4.16
Feb,3,5,797,,1,1,0.77,-11.1,4.82,,39.85,0.0,22.0,,17.06,0.0,0.0,0.61,6.04,6.53,4.16
Feb,3,6,798,,1,1,0.77,-12.2,4.54,,41.8,0.0,22.0,,18.39,0.0,0.0,0.61,6.04,6.53,4.16
Feb,3,7,799,,1,1,1.0,-12.2,3.52,,367.43,0.0,22.0,,171.65,0.0,14.7,0.8,7.88,6.53,5.43
Feb,3,8,800,,1,1,1.0,-11.7,3.57,,347.1,0.0,22.0,,168.4,0.0,14.7,0.8,7.88,6.53,5.43
Feb,3,9,801,,1,1,1.0,-7.2,4.2,,286.91,0.0,22.0,,136.11,0.0,14.7,0.8,7.88,6.53,5.43
Feb,3,10,802,,1,1,1.0,-3.3,4.89,,228.73,0.0,22.0,,99.33,0.0,14.7,0.8,7.88,6.53,5.43
Feb,3,11,803,,1,1,1.0,2.2,5.9,,154.48,0.0,22.0,,56.87,0.0,14.7,0.8,7.88,6.53,5.43
Feb,3,12,804,,1,1,1.0,3.9,6.47,,120.33,0.0,22.0,,42.64,0.0,14.7,0.8,7.88,6.53,5.43
Feb,3,13,805,,1,1,1.0,5.0,7.1,,86.31,0.0,22.0,,29.87,0.0,14.7,0.8,7.88,6.53,5.43
Feb,3,14,806,,1,1,1.0,3.9,7.28,,88.11,0.0,22.0,,31.22,0.0,14.7,0.8,7.88,6.53,5.43
Feb,3,15,807,,1,1,1.0,2.2,7.39,,93.86,0.0,22.0,,34.55,0.0,14.7,0.8,7.88,6.53,5.43
Feb,3,16,808,,1,1,1.0,1.1,7.38,,108.55,0.0,22.0,,40.99,0.0,14.7,0.8,7.88,6.53,5.43
Feb,3,17,809,,1,1,1.0,0.0,7.25,,129.58,0.0,22.0,,50.22,0.0,14.7,0.8,7.88,6.53,5.43
Feb,3,18,810,,1,1,1.0,-0.6,7.12,,147.81,0.0,22.0,,58.43,0.0,14.7,0.8,7.88,6.53,5.43
Feb,3,19,811,,1,1,1.0,-3.9,6.66,,188.61,0.0,22.0,,83.74,0.0,14.7,0.8,7.88,6.53,5.43
Feb,3,20,812,,1,1,1.0,-3.9,6.55,,198.75,0.0,22.0,,88.24,0.0,14.7,0.8,7.88,6.53,5.43
Feb,3,21,813,,1,1,1.0,-3.3,6.51,,201.87,0.0,22.0,,87.66,0.0,14.7,0.8,7.88,6.53,5.43
Feb,3,22,814,,1,1,0.77,-5.0,6.58,,24.79,0.0,22.0,,11.48,0.0,0.0,0.61,6.04,6.53,4.16
Feb,3,23,815,,1,1,0.77,-6.1,6.38,,27.38,0.0,22.0,,11.52,0.0,0.0,0.61,6.04,6.53,4.16
Feb,3,24,816,,1,1,0.77,-7.2,6.17,,29.88,0.0,22.0,,12.92,0.0,0.0,0.61,6.04,6.53,4.16
Feb,4,1,817,,1,1,0.77,-8.3,5.94,,32.28,0.0,22.0,,14.36,0.0,0.0,0.61,6.04,6.53,4.16
Feb,4,2,818,,1,1,0.77,-8.9,5.73,,34.11,0.0,22.0,,15.41,0.0,0.0,0.61,6.04,6.53,4.16
Feb,4,3,819,,1,1,0.77,-10.6,5.42,,36.94,0.0,22.0,,15.62,0.0,0.0,0.61,6.04,6.53,4.16
Feb,4,4,820,,1,1,0.77,-10.6,5.23,,38.05,0.0,22.0,,16.09,0.0,0.0,0.61,6.04,6.53,4.16
Feb,4,5,821,,1,1,0.77,-12.8,4.86,,41.24,0.0,22.0,,18.43,0.0,0.0,0.61,6.04,6.53,4.16
Feb,4,6,822,,1,1,0.77,-11.7,4.73,,41.16,0.0,22.0,,17.88,0.0,0.0,0.61,6.04,6.53,4.16
Feb,4,7,823,,1,1,1.0,-13.9,3.45,,382.53,0.0,22.0,,182.68,0.0,14.7,0.8,7.88,6.53,5.43
Feb,4,8,824,,1,1,1.0,-10.0,3.94,,328.2,0.0,22.0,,173.85,0.0,14.7,0.8,7.88,6.53,5.43
Feb,4,9,825,,1,1,1.0,-5.6,4.48,,276.14,0.0,22.0,,114.81,0.0,14.7,0.8,7.88,6.53,5.43
Feb,4,10,826,,1,1,1.0,-2.8,5.1,,225.09,0.0,22.0,,96.0,0.0,14.7,0.8,7.88,6.53,5.43
Feb,4,11,827,,1,1,1.0,0.0,5.8,,173.33,0.0,22.0,,67.18,0.0,14.7,0.8,7.88,6.53,5.43
Feb,4,12,828,,1,1,1.0,1.7,6.38,,136.09,0.0,22.0,,50.68,0.0,14.7,0.8,7.88,6.53,5.43
Feb,4,13,829,,1,1,1.0,2.8,6.87,,109.8,0.0,22.0,,39.88,0.0,14.7,0.8,7.88,6.53,5.43
Feb,4,14,830,,1,1,1.0,4.4,7.48,,77.06,0.0,22.0,,27.01,0.0,14.7,0.8,7.88,6.53,5.43
Feb,4,15,831,,1,1,1.0,4.4,7.82,,68.29,0.0,22.0,,23.94,0.0,14.7,0.8,7.88,6.53,5.43
Feb,4,16,832,,1,1,1.0,5.0,8.03,,68.91,0.0,22.0,,23.84,0.0,14.7,0.8,7.88,6.53,5.43
Feb,4,17,833,,1,1,1.0,3.9,7.93,,91.5,0.0,22.0,,32.43,0.0,14.7,0.8,7.88,6.53,5.43
Feb,4,18,834,,1,1,1.0,2.2,7.76,,117.24,0.0,22.0,,43.16,0.0,14.7,0.8,7.88,6.53,5.43
Feb,4,19,835,,1,1,1.0,-1.7,7.27,,162.8,0.0,22.0,,66.8,0.0,14.7,0.8,7.88,6.53,5.43
Feb,4,20,836,,1,1,1.0,-3.3,6.99,,187.55,0.0,22.0,,81.44,0.0,14.7,0.8,7.88,6.53,5.43
Feb,4,21,837,,1,1,1.0,-4.4,6.75,,207.11,0.0,22.0,,93.7,0.0,14.7,0.8,7.88,6.53,5.43
Feb,4,22,838,,1,1,0.77,-3.9,7.03,,23.0,0.0,22.0,,10.21,0.0,0.0,0.61,6.04,6.53,4.16
Feb,4,23,839,,1,1,0.77,-5.6,6.79,,26.19,0.0,22.0,,10.89,0.0,0.0,0.61,6.04,6.53,4.16
Feb,4,24,840,,1,1,0.77,-6.7,6.58,,28.73,0.0,22.0,,12.27,0.0,0.0,0.61,6.04,6.53,4.16
Feb,5,1,841,,1,1,0.77,-7.8,6.35,,31.18,0.0,22.0,,13.69,0.0,0.0,0.61,6.04,6.53,4.16
Feb,5,2,842,,1,1,0.77,-7.2,6.24,,31.83,0.0,22.0,,13.76,0.0,0.0,0.61,6.04,6.53,4.16
Feb,5,3,843,,1,1,0.77,-6.7,6.14,,32.35,0.0,22.0,,13.82,0.0,0.0,0.61,6.04,6.53,4.16
Feb,5,4,844,,1,1,0.77,-7.2,5.97,,33.7,0.0,22.0,,14.57,0.0,0.0,0.61,6.04,6.53,4.16
Feb,5,5,845,,1,1,0.77,-8.3,5.74,,35.59,0.0,22.0,,15.83,0.0,0.0,0.61,6.04,6.53,4.16
Feb,5,6,846,,1,1,0.77,-8.9,5.54,,36.97,0.0,22.0,,16.7,0.0,0.0,0.61,6.04,6.53,4.16
Feb,5,7,847,,1,1,1.0,-7.8,4.81,,316.98,0.0,22.0,,158.42,0.0,14.7,0.8,7.88,6.53,5.43
Feb,5,8,848,,1,1,1.0,-5.6,5.18,,277.55,0.0,22.0,,115.48,0.0,14.7,0.8,7.88,6.53,5.43
Feb,5,9,849,,1,1,1.0,-0.6,5.95,,213.77,0.0,22.0,,84.51,0.0,14.7,0.8,7.88,6.53,5.43
Feb,5,10,850,,1,1,1.0,1.7,6.54,,170.13,0.0,22.0,,63.35,0.0,14.7,0.8,7.88,6.53,5.43
Feb,5,11,851,,1,1,1.0,4.4,7.33,,117.29,0.0,22.0,,41.11,0.0,14.7,0.8,7.88,6.53,5.43
Feb,5,12,852,,1,1,1.0,7.2,8.19,,64.49,0.0,22.0,,21.25,0.0,14.7,0.8,7.88,6.53,5.43
Feb,5,13,853,,1,1,1.0,8.3,8.86,,30.82,0.0,22.0,,9.92,0.0,14.7,0.8,7.88,6.53,5.43
Feb,5,14,854,,1,1,1.0,7.2,9.19,,26.53,0.0,22.0,,8.74,0.0,14.7,0.8,7.88,6.53,5.43
Feb,5,15,855,,1,1,1.0,7.2,9.56,,18.31,0.0,22.0,,6.03,0.0,14.7,0.8,7.88,6.53,5.43
Feb,5,16,856,,1,1,1.0,6.7,9.78,,21.97,0.0,22.0,,7.32,0.0,14.7,0.8,7.88,6.53,5.43
Feb,5,17,857,,1,1,1.0,5.6,9.79,,40.15,0.0,22.0,,13.7,0.0,14.7,0.8,7.88,6.53,5.43
Feb,5,18,858,,1,1,1.0,3.3,9.5,,78.18,0.0,22.0,,28.08,0.0,14.7,0.8,7.88,6.53,5.43
Feb,5,19,859,,1,1,1.0,2.8,9.43,,95.07,0.0,22.0,,34.53,0.0,14.7,0.8,7.88,6.53,5.43
Feb,5,20,860,,1,1,1.0,0.6,9.13,,126.56,0.0,22.0,,48.36,0.0,14.7,0.8,7.88,6.53,5.43
Feb,5,21,861,,1,1,1.0,-1.1,8.85,,153.02,0.0,22.0,,61.51,0.0,14.7,0.8,7.88,6.53,5.43
Feb,5,22,862,,1,1,0.77,0.0,9.16,,15.26,0.0,22.0,,5.91,0.0,0.0,0.61,6.04,6.53,4.16
Feb,5,23,863,,1,1,0.77,-0.6,9.04,,17.49,0.0,22.0,,6.91,0.0,0.0,0.61,6.04,6.53,4.16
Feb,5,24,864,,1,1,0.77,-1.7,8.88,,20.07,0.0,22.0,,8.23,0.0,0.0,0.61,6.04,6.53,4.16
Feb,6,1,865,,1,1,0.77,-2.8,8.7,,22.55,0.0,22.0,,9.62,0.0,0.0,0.61,6.04,6.53,4.16
Feb,6,2,866,,1,1,0.77,-4.4,8.46,,25.45,0.0,22.0,,11.51,0.0,0.0,0.61,6.04,6.53,4.16
Feb,6,3,867,,1,1,0.77,-3.9,8.37,,26.2,0.0,22.0,,11.63,0.0,0.0,0.61,6.04,6.53,4.16
Feb,6,4,868,,1,1,0.77,-4.4,8.21,,27.74,0.0,22.0,,12.55,0.0,0.0,0.61,6.04,6.53,4.16
Feb,6,5,869,,1,1,0.77,-3.9,8.13,,28.18,0.0,22.0,,12.51,0.0,0.0,0.61,6.04,6.53,4.16
Feb,6,6,870,,1,1,0.77,-3.3,8.06,,28.34,0.0,22.0,,12.31,0.0,0.0,0.61,6.04,6.53,4.16
Feb,6,7,871,,1,1,1.0,-3.3,7.4,,257.15,0.0,22.0,,111.67,0.0,14.7,0.8,7.88,6.53,5.43
Feb,6,8,872,,1,1,1.0,-1.1,7.75,,222.43,0.0,22.0,,89.42,0.0,14.7,0.8,7.88,6.53,5.43
Feb,6,9,873,,1,1,1.0,0.0,7.98,,201.21,0.0,22.0,,77.99,0.0,14.7,0.8,7.88,6.53,5.43
Feb,6,10,874,,1,1,1.0,2.8,8.3,,175.34,0.0,22.0,,63.68,0.0,14.7,0.8,7.88,6.53,5.43
Feb,6,11,875,,1,1,1.0,3.3,8.71,,146.08,0.0,22.0,,52.46,0.0,14.7,0.8,7.88,6.53,5.43
Feb,6,12,876,,1,1,1.0,8.9,9.85,,66.57,0.0,22.0,,21.15,0.0,14.7,0.8,7.88,6.53,5.43
Feb,6,13,877,,1,1,1.0,9.4,10.25,,49.83,0.0,22.0,,15.67,0.0,14.7,0.8,7.88,6.53,5.43
Feb,6,14,878,,1,1,1.0,8.9,10.68,,32.77,0.0,22.0,,10.41,0.0,14.7,0.8,7.88,6.53,5.43
Feb,6,15,879,,1,1,1.0,8.3,10.93,,30.6,0.0,22.0,,9.85,0.0,14.7,0.8,7.88,6.53,5.43
Feb,6,16,880,,1,1,1.0,7.8,11.09,,34.37,0.0,22.0,,11.18,0.0,14.7,0.8,7.88,6.53,5.43
Feb,6,17,881,,1,1,1.0,5.6,10.87,,65.03,0.0,22.0,,22.2,0.0,14.7,0.8,7.88,6.53,5.43
Feb,6,18,882,,1,1,1.0,2.8,10.52,,102.49,0.0,22.0,,37.22,0.0,14.7,0.8,7.88,6.53,5.43
Feb,6,19,883,,1,1,1.0,2.2,10.4,,117.92,0.0,22.0,,43.41,0.0,14.7,0.8,7.88,6.53,5.43
Feb,6,20,884,,1,1,1.0,1.1,10.2,,137.04,0.0,22.0,,51.75,0.0,14.7,0.8,7.88,6.53,5.43
Feb,6,21,885,,1,1,1.0,0.6,10.06,,149.9,0.0,22.0,,57.27,0.0,14.7,0.8,7.88,6.53,5.43
Feb,6,22,886,,1,1,0.77,-1.1,10.12,,18.17,0.0,22.0,,7.3,0.0,0.0,0.61,6.04,6.53,4.16
Feb,6,23,887,,1,1,0.77,-2.2,9.93,,20.77,0.0,22.0,,8.67,0.0,0.0,0.61,6.04,6.53,4.16
Feb,6,24,888,,1,1,0.77,-2.8,9.76,,22.76,0.0,22.0,,9.71,0.0,0.0,0.61,6.04,6.53,4.16
Feb,7,1,889,,1,1,0.77,-3.3,9.59,,24.52,0.0,22.0,,10.65,0.0,0.0,0.61,6.04,6.53,4.16
Feb,7,2,890,,1,1,0.77,-5.0,9.32,,27.37,0.0,22.0,,12.67,0.0,0.0,0.61,6.04,6.53,4.16
Feb,7,3,891,,1,1,0.77,-6.1,9.07,,29.62,0.0,22.0,,12.47,0.0,0.0,0.61,6.04,6.53,4.16
Feb,7,4,892,,1,1,0.77,-6.1,8.9,,30.69,0.0,22.0,,12.92,0.0,0.0,0.61,6.04,6.53,4.16
Feb,7,5,893,,1,1,0.77,-6.1,8.73,,31.63,0.0,22.0,,13.31,0.0,0.0,0.61,6.04,6.53,4.16
Feb,7,6,894,,1,1,0.77,-6.7,8.51,,33.04,0.0,22.0,,14.11,0.0,0.0,0.61,6.04,6.53,4.16
Feb,7,7,895,,1,1,1.0,-6.7,7.59,,297.09,0.0,22.0,,142.77,0.0,14.7,0.8,7.88,6.53,5.43
Feb,7,8,896,,1,1,1.0,-6.7,7.54,,286.27,0.0,22.0,,131.95,0.0,14.7,0.8,7.88,6.53,5.43
Feb,7,9,897,,1,1,1.0,-6.1,7.45,,280.22,0.0,22.0,,121.68,0.0,14.7,0.8,7.88,6.53,5.43
Feb,7,10,898,,1,1,1.0,-6.1,7.31,,278.53,0.0,22.0,,119.99,0.0,14.7,0.8,7.88,6.53,5.43
Feb,7,11,899,,1,1,1.0,-6.7,7.12,,281.34,0.0,22.0,,127.02,0.0,14.7,0.8,7.88,6.53,5.43
Feb,7,12,900,,1,1,1.0,-5.0,7.21,,262.73,0.0,22.0,,121.63,0.0,14.7,0.8,7.88,6.53,5.43
Feb,7,13,901,,1,1,1.0,-3.9,7.64,,222.74,0.0,22.0,,98.89,0.0,14.7,0.8,7.88,6.53,5.43
Feb,7,14,902,,1,1,1.0,-2.8,7.81,,205.24,0.0,22.0,,87.53,0.0,14.7,0.8,7.88,6.53,5.43
Feb,7,15,903,,1,1,1.0,-2.8,7.7,,211.56,0.0,22.0,,90.23,0.0,14.7,0.8,7.88,6.53,5.43
Feb,7,16,904,,1,1,1.0,-3.3,7.69,,208.8,0.0,22.0,,90.67,0.0,14.7,0.8,7.88,6.53,5.43
Feb,7,17,905,,1,1,1.0,-3.9,7.48,,221.83,0.0,22.0,,98.49,0.0,14.7,0.8,7.88,6.53,5.43
Feb,7,18,906,,1,1,1.0,-3.9,7.34,,228.21,0.0,22.0,,101.32,0.0,14.7,0.8,7.88,6.53,5.43
Feb,7,19,907,,1,1,1.0,-5.0,7.07,,243.34,0.0,22.0,,112.66,0.0,14.7,0.8,7.88,6.53,5.43
Feb,7,20,908,,1,1,1.0,-5.0,6.92,,248.04,0.0,22.0,,114.83,0.0,14.7,0.8,7.88,6.53,5.43
Feb,7,21,909,,1,1,1.0,-4.4,6.86,,246.46,0.0,22.0,,111.5,0.0,14.7,0.8,7.88,6.53,5.43
Feb,7,22,910,,1,1,0.77,-3.9,7.14,,28.96,0.0,22.0,,12.86,0.0,0.0,0.61,6.04,6.53,4.16
Feb,7,23,911,,1,1,0.77,6.1,7.87,,19.5,0.0,22.0,,6.58,0.0,0.0,0.61,6.04,6.53,4.16
Feb,7,24,912,,1,1,0.77,4.4,7.81,,20.89,0.0,22.0,,7.32,0.0,0.0,0.61,6.04,6.53,4.16
Feb,8,1,913,,1,1,0.77,0.6,7.54,,24.6,0.0,22.0,,9.4,0.0,0.0,0.61,6.04,6.53,4.16
Feb,8,2,914,,1,1,0.77,0.0,7.47,,25.44,0.0,22.0,,9.86,0.0,0.0,0.61,6.04,6.53,4.16
Feb,8,3,915,,1,1,0.77,-3.9,7.11,,29.64,0.0,22.0,,13.16,0.0,0.0,0.61,6.04,6.53,4.16
Feb,8,4,916,,1,1,0.77,-1.1,7.25,,27.37,0.0,22.0,,11.0,0.0,0.0,0.61,6.04,6.53,4.16
Feb,8,5,917,,1,1,0.77,0.6,7.34,,25.89,0.0,22.0,,9.89,0.0,0.0,0.61,6.04,6.53,4.16
Feb,8,6,918,,1,1,0.77,-8.3,6.59,,34.96,0.0,22.0,,15.55,0.0,0.0,0.61,6.04,6.53,4.16
Feb,8,7,919,,1,1,1.0,-12.2,5.19,,351.16,0.0,22.0,,171.65,0.0,14.7,0.8,7.88,6.53,5.43
Feb,8,8,920,,1,1,1.0,-12.8,4.99,,348.13,0.0,22.0,,175.55,0.0,14.7,0.8,7.88,6.53,5.43
Feb,8,9,921,,1,1,1.0,-12.8,4.74,,350.02,0.0,22.0,,175.55,0.0,14.7,0.8,7.88,6.53,5.43
Feb,8,10,922,,1,1,1.0,-12.8,4.54,,348.55,0.0,22.0,,175.55,0.0,14.7,0.8,7.88,6.53,5.43
Feb,8,11,923,,1,1,1.0,-12.8,4.36,,345.9,0.0,22.0,,175.55,0.0,14.7,0.8,7.88,6.53,5.43
Feb,8,12,924,,1,1,1.0,-10.6,4.52,,318.73,0.0,22.0,,161.22,0.0,14.7,0.8,7.88,6.53,5.43
Feb,8,13,925,,1,1,1.0,-10.6,4.49,,309.25,0.0,22.0,,161.22,0.0,14.7,0.8,7.88,6.53,5.43
Feb,8,14,926,,1,1,1.0,-11.7,4.19,,320.82,0.0,22.0,,168.4,0.0,14.7,0.8,7.88,6.53,5.43
Feb,8,15,927,,1,1,1.0,-11.1,4.2,,308.44,0.0,22.0,,164.48,0.0,14.7,0.8,7.88,6.53,5.43
Feb,8,16,928,,1,1,1.0,-11.7,3.93,,318.63,0.0,22.0,,168.4,0.0,14.7,0.8,7.88,6.53,5.43
Feb,8,17,929,,1,1,1.0,-12.8,3.59,,332.99,0.0,22.0,,175.55,0.0,14.7,0.8,7.88,6.53,5.43
Feb,8,18,930,,1,1,1.0,-14.4,3.11,,355.76,0.0,22.0,,185.92,0.0,14.7,0.8,7.88,6.53,5.43
Feb,8,19,931,,1,1,1.0,-15.0,2.76,,367.75,0.0,22.0,,189.79,0.0,14.7,0.8,7.88,6.53,5.43
Feb,8,20,932,,1,1,1.0,-14.4,2.55,,367.9,0.0,22.0,,185.92,0.0,14.7,0.8,7.88,6.53,5.43
Feb,8,21,933,,1,1,1.0,-14.4,2.28,,372.6,0.0,22.0,,185.92,0.0,14.7,0.8,7.88,6.53,5.43
Feb,8,22,934,,1,1,0.77,-15.0,2.62,,45.97,0.0,22.0,,21.79,0.0,0.0,0.61,6.04,6.53,4.16
Feb,8,23,935,,1,1,0.77,-15.6,2.35,,47.47,0.0,22.0,,22.81,0.0,0.0,0.61,6.04,6.53,4.16
Feb,8,24,936,,1,1,0.77,-15.6,2.12,,48.3,0.0,22.0,,23.21,0.0,0.0,0.61,6.04,6.53,4.16
Feb,9,1,937,,1,1,0.77,-15.0,1.95,,48.41,0.0,22.0,,22.94,0.0,0.0,0.61,6.04,6.53,4.16
Feb,9,2,938,,1,1,0.77,-15.6,1.69,,49.58,0.0,22.0,,23.82,0.0,0.0,0.61,6.04,6.53,4.16
Feb,9,3,939,,1,1,0.77,-15.6,1.48,,50.12,0.0,22.0,,24.08,0.0,0.0,0.61,6.04,6.53,4.16
Feb,9,4,940,,1,1,0.77,-15.0,1.32,,49.99,0.0,22.0,,23.69,0.0,0.0,0.61,6.04,6.53,4.16
Feb,9,5,941,,1,1,0.77,-15.6,1.07,,50.94,0.0,22.0,,24.48,0.0,0.0,0.61,6.04,6.53,4.16
Feb,9,6,942,,1,1,0.77,-15.6,0.87,,51.3,0.0,22.0,,24.65,0.0,0.0,0.61,6.04,6.53,4.16
Feb,9,7,943,,1,1,1.0,-13.3,0.16,,409.44,0.0,22.0,,178.79,0.0,14.7,0.8,7.88,6.53,5.43
Feb,9,8,944,,1,1,1.0,-12.2,0.34,,379.96,0.0,22.0,,171.65,0.0,14.7,0.8,7.88,6.53,5.43
Feb,9,9,945,,1,1,1.0,-6.7,1.16,,307.37,0.0,22.0,,150.68,0.0,14.7,0.8,7.88,6.53,5.43
Feb,9,10,946,,1,1,1.0,-1.7,2.11,,233.21,0.0,22.0,,95.69,0.0,14.7,0.8,7.88,6.53,5.43
Feb,9,11,947,,1,1,1.0,-2.2,2.48,,210.36,0.0,22.0,,87.83,0.0,14.7,0.8,7.88,6.53,5.43
Feb,9,12,948,,1,1,1.0,-2.8,2.82,,191.81,0.0,22.0,,81.8,0.0,14.7,0.8,7.88,6.53,5.43
Feb,9,13,949,,1,1,1.0,0.0,3.57,,145.28,0.0,22.0,,56.31,0.0,14.7,0.8,7.88,6.53,5.43
Feb,9,14,950,,1,1,1.0,2.8,4.35,,101.37,0.0,22.0,,36.81,0.0,14.7,0.8,7.88,6.53,5.43
Feb,9,15,951,,1,1,1.0,2.2,4.62,,99.36,0.0,22.0,,36.58,0.0,14.7,0.8,7.88,6.53,5.43
Feb,9,16,952,,1,1,1.0,3.9,5.12,,80.15,0.0,22.0,,28.4,0.0,14.7,0.8,7.88,6.53,5.43
Feb,9,17,953,,1,1,1.0,-0.6,4.7,,130.56,0.0,22.0,,51.61,0.0,14.7,0.8,7.88,6.53,5.43
Feb,9,18,954,,1,1,1.0,-2.2,4.48,,160.04,0.0,22.0,,66.82,0.0,14.7,0.8,7.88,6.53,5.43
Feb,9,19,955,,1,1,1.0,-1.7,4.53,,166.29,0.0,22.0,,68.23,0.0,14.7,0.8,7.88,6.53,5.43
Feb,9,20,956,,1,1,1.0,0.0,4.74,,159.51,0.0,22.0,,61.83,0.0,14.7,0.8,7.88,6.53,5.43
Feb,9,21,957,,1,1,1.0,0.6,4.85,,160.94,0.0,22.0,,61.49,0.0,14.7,0.8,7.88,6.53,5.43
Feb,9,22,958,,1,1,0.77,5.0,5.27,,13.67,0.0,22.0,,4.73,0.0,0.0,0.61,6.04,6.53,4.16
Feb,9,23,959,,1,1,0.77,3.9,5.28,,15.48,0.0,22.0,,5.49,0.0,0.0,0.61,6.04,6.53,4.16
Feb,9,24,960,,1,1,0.77,6.7,5.6,,13.36,0.0,22.0,,4.45,0.0,0.0,0.61,6.04,6.53,4.16
Feb,10,1,961,,1,1,0.77,5.0,5.58,,15.44,0.0,22.0,,5.34,0.0,0.0,0.61,6.04,6.53,4.16
Feb,10,2,962,,1,1,0.77,3.9,5.59,,17.02,0.0,22.0,,6.03,0.0,0.0,0.61,6.04,6.53,4.16
Feb,10,3,963,,1,1,0.77,3.9,5.67,,17.52,0.0,22.0,,6.21,0.0,0.0,0.61,6.04,6.53,4.16
Feb,10,4,964,,1,1,0.77,3.9,5.74,,17.95,0.0,22.0,,6.36,0.0,0.0,0.61,6.04,6.53,4.16
Feb,10,5,965,,1,1,0.77,2.2,5.68,,20.05,0.0,22.0,,7.38,0.0,0.0,0.61,6.04,6.53,4.16
Feb,10,6,966,,1,1,0.77,2.2,5.72,,20.53,0.0,22.0,,7.56,0.0,0.0,0.61,6.04,6.53,4.16
Feb,10,7,967,,1,1,1.0,0.6,5.38,,206.51,0.0,22.0,,78.9,0.0,14.7,0.8,7.88,6.53,5.43
Feb,10,8,968,,1,1,1.0,-1.1,5.39,,207.99,0.0,22.0,,83.61,0.0,14.7,0.8,7.88,6.53,5.43
Feb,10,9,969,,1,1,1.0,1.1,5.83,,176.62,0.0,22.0,,66.69,0.0,14.7,0.8,7.88,6.53,5.43
Feb,10,10,970,,1,1,1.0,5.0,6.55,,128.92,0.0,22.0,,44.61,0.0,14.7,0.8,7.88,6.53,5.43
Feb,10,11,971,,1,1,1.0,6.7,7.13,,96.63,0.0,22.0,,32.19,0.0,14.7,0.8,7.88,6.53,5.43
Feb,10,12,972,,1,1,1.0,7.8,7.62,,74.56,0.0,22.0,,24.25,0.0,14.7,0.8,7.88,6.53,5.43
Feb,10,13,973,,1,1,1.0,6.7,7.8,,76.76,0.0,22.0,,25.57,0.0,14.7,0.8,7.88,6.53,5.43
Feb,10,14,974,,1,1,1.0,7.2,8.27,,57.54,0.0,22.0,,18.96,0.0,14.7,0.8,7.88,6.53,5.43
Feb,10,15,975,,1,1,1.0,7.8,8.51,,56.43,0.0,22.0,,18.35,0.0,14.7,0.8,7.88,6.53,5.43
Feb,10,16,976,,1,1,1.0,6.7,8.55,,70.57,0.0,22.0,,23.51,0.0,14.7,0.8,7.88,6.53,5.43
Feb,10,17,977,,1,1,1.0,3.9,8.3,,103.16,0.0,22.0,,36.56,0.0,14.7,0.8,7.88,6.53,5.43
Feb,10,18,978,,1,1,1.0,1.1,7.97,,137.91,0.0,22.0,,52.08,0.0,14.7,0.8,7.88,6.53,5.43
Feb,10,19,979,,1,1,1.0,0.6,7.89,,150.65,0.0,22.0,,57.56,0.0,14.7,0.8,7.88,6.53,5.43
Feb,10,20,980,,1,1,1.0,0.6,7.86,,157.85,0.0,22.0,,60.31,0.0,14.7,0.8,7.88,6.53,5.43
Feb,10,21,981,,1,1,1.0,-0.6,7.67,,175.38,0.0,22.0,,69.33,0.0,14.7,0.8,7.88,6.53,5.43
Feb,10,22,982,,1,1,0.77,-0.6,7.84,,19.92,0.0,22.0,,7.87,0.0,0.0,0.61,6.04,6.53,4.16
Feb,10,23,983,,1,1,0.77,-1.7,7.7,,22.17,0.0,22.0,,9.1,0.0,0.0,0.61,6.04,6.53,4.16
Feb,10,24,984,,1,1,0.77,-1.1,7.68,,22.65,0.0,22.0,,9.11,0.0,0.0,0.61,6.04,6.53,4.16
Feb,11,1,985,,1,1,0.77,-2.8,7.48,,25.25,0.0,22.0,,10.77,0.0,0.0,0.61,6.04,6.53,4.16
Feb,11,2,986,,1,1,0.77,-3.9,7.31,,27.28,0.0,22.0,,12.11,0.0,0.0,0.61,6.04,6.53,4.16
Feb,11,3,987,,1,1,0.77,-4.4,7.17,,28.68,0.0,22.0,,12.98,0.0,0.0,0.61,6.04,6.53,4.16
Feb,11,4,988,,1,1,0.77,-4.4,7.06,,29.49,0.0,22.0,,13.34,0.0,0.0,0.61,6.04,6.53,4.16
Feb,11,5,989,,1,1,0.77,-3.9,7.0,,29.69,0.0,22.0,,13.18,0.0,0.0,0.61,6.04,6.53,4.16
Feb,11,6,990,,1,1,0.77,-5.0,6.81,,31.37,0.0,22.0,,14.52,0.0,0.0,0.61,6.04,6.53,4.16
Feb,11,7,991,,1,1,1.0,-5.6,6.04,,286.12,0.0,22.0,,124.05,0.0,14.7,0.8,7.88,6.53,5.43
Feb,11,8,992,,1,1,1.0,-3.9,6.42,,248.55,0.0,22.0,,110.35,0.0,14.7,0.8,7.88,6.53,5.43
Feb,11,9,993,,1,1,1.0,-1.1,6.95,,203.4,0.0,22.0,,81.77,0.0,14.7,0.8,7.88,6.53,5.43
Feb,11,10,994,,1,1,1.0,2.8,7.77,,143.09,0.0,22.0,,51.96,0.0,14.7,0.8,7.88,6.53,5.43
Feb,11,11,995,,1,1,1.0,5.6,8.54,,92.13,0.0,22.0,,31.45,0.0,14.7,0.8,7.88,6.53,5.43
Feb,11,12,996,,1,1,1.0,8.3,9.31,,47.56,0.0,22.0,,15.3,0.0,14.7,0.8,7.88,6.53,5.43
Feb,11,13,997,,1,1,1.0,7.2,9.67,,37.4,0.0,22.0,,12.32,0.0,14.7,0.8,7.88,6.53,5.43
Feb,11,14,998,,1,1,1.0,5.0,9.75,,48.54,0.0,22.0,,16.8,0.0,14.7,0.8,7.88,6.53,5.43
Feb,11,15,999,,1,1,1.0,1.7,9.46,,85.52,0.0,22.0,,31.85,0.0,14.7,0.8,7.88,6.53,5.43
Feb,11,16,1000,,1,1,1.0,0.6,9.26,,111.14,0.0,22.0,,42.47,0.0,14.7,0.8,7.88,6.53,5.43
Feb,11,17,1001,,1,1,1.0,-2.2,8.84,,149.73,0.0,22.0,,62.51,0.0,14.7,0.8,7.88,6.53,5.43
Feb,11,18,1002,,1,1,1.0,-3.9,8.49,,178.39,0.0,22.0,,79.2,0.0,14.7,0.8,7.88,6.53,5.43
Feb,11,19,1003,,1,1,1.0,-4.4,8.27,,194.62,0.0,22.0,,88.05,0.0,14.7,0.8,7.88,6.53,5.43
Feb,11,20,1004,,1,1,1.0,-5.0,8.03,,210.49,0.0,22.0,,97.45,0.0,14.7,0.8,7.88,6.53,5.43
Feb,11,21,1005,,1,1,1.0,-5.6,7.79,,225.28,0.0,22.0,,93.66,0.0,14.7,0.8,7.88,6.53,5.43
Feb,11,22,1006,,1,1,0.77,-5.6,8.09,,25.87,0.0,22.0,,10.76,0.0,0.0,0.61,6.04,6.53,4.16
Feb,11,23,1007,,1,1,0.77,-5.6,7.94,,27.34,0.0,22.0,,11.37,0.0,0.0,0.61,6.04,6.53,4.16
Feb,11,24,1008,,1,1,0.77,-6.1,7.75,,29.12,0.0,22.0,,12.25,0.0,0.0,0.61,6.04,6.53,4.16
Feb,12,1,1009,,1,1,0.77,-6.1,7.6,,30.26,0.0,22.0,,12.73,0.0,0.0,0.61,6.04,6.53,4.16
Feb,12,2,1010,,1,1,0.77,-5.6,7.5,,30.75,0.0,22.0,,12.78,0.0,0.0,0.61,6.04,6.53,4.16
Feb,12,3,1011,,1,1,0.77,-6.7,7.27,,32.67,0.0,22.0,,13.95,0.0,0.0,0.61,6.04,6.53,4.16
Feb,12,4,1012,,1,1,0.77,-8.3,6.99,,35.09,0.0,22.0,,15.61,0.0,0.0,0.61,6.04,6.53,4.16
Feb,12,5,1013,,1,1,0.77,-10.0,6.67,,37.65,0.0,22.0,,17.51,0.0,0.0,0.61,6.04,6.53,4.16
Feb,12,6,1014,,1,1,0.77,-10.0,6.47,,38.53,0.0,22.0,,17.92,0.0,0.0,0.61,6.04,6.53,4.16
Feb,12,7,1015,,1,1,1.0,-11.1,5.32,,350.82,0.0,22.0,,164.48,0.0,14.7,0.8,7.88,6.53,5.43
Feb,12,8,1016,,1,1,1.0,-10.0,5.45,,323.82,0.0,22.0,,173.85,0.0,14.7,0.8,7.88,6.53,5.43
Feb,12,9,1017,,1,1,1.0,-7.2,5.81,,282.94,0.0,22.0,,132.14,0.0,14.7,0.8,7.88,6.53,5.43
Feb,12,10,1018,,1,1,1.0,-3.9,6.41,,230.25,0.0,22.0,,102.22,0.0,14.7,0.8,7.88,6.53,5.43
Feb,12,11,1019,,1,1,1.0,-2.2,6.91,,189.62,0.0,22.0,,79.17,0.0,14.7,0.8,7.88,6.53,5.43
Feb,12,12,1020,,1,1,1.0,-1.7,7.3,,162.56,0.0,22.0,,66.7,0.0,14.7,0.8,7.88,6.53,5.43
Feb,12,13,1021,,1,1,1.0,-1.7,7.62,,143.58,0.0,22.0,,58.91,0.0,14.7,0.8,7.88,6.53,5.43
Feb,12,14,1022,,1,1,1.0,-0.6,8.03,,119.45,0.0,22.0,,47.22,0.0,14.7,0.8,7.88,6.53,5.43
Feb,12,15,1023,,1,1,1.0,0.6,8.41,,100.49,0.0,22.0,,38.4,0.0,14.7,0.8,7.88,6.53,5.43
Feb,12,16,1024,,1,1,1.0,0.0,8.49,,105.48,0.0,22.0,,40.88,0.0,14.7,0.8,7.88,6.53,5.43
Feb,12,17,1025,,1,1,1.0,0.0,8.53,,112.93,0.0,22.0,,43.77,0.0,14.7,0.8,7.88,6.53,5.43
Feb,12,18,1026,,1,1,1.0,-2.8,8.06,,156.13,0.0,22.0,,66.59,0.0,14.7,0.8,7.88,6.53,5.43
Feb,12,19,1027,,1,1,1.0,-3.3,7.88,,173.42,0.0,22.0,,75.31,0.0,14.7,0.8,7.88,6.53,5.43
Feb,12,20,1028,,1,1,1.0,-5.6,7.46,,206.19,0.0,22.0,,85.73,0.0,14.7,0.8,7.88,6.53,5.43
Feb,12,21,1029,,1,1,1.0,-6.7,7.14,,227.35,0.0,22.0,,97.1,0.0,14.7,0.8,7.88,6.53,5.43
Feb,12,22,1030,,1,1,0.77,-9.4,7.23,,28.56,0.0,22.0,,13.07,0.0,0.0,0.61,6.04,6.53,4.16
Feb,12,23,1031,,1,1,0.77,-8.9,7.07,,30.03,0.0,22.0,,13.56,0.0,0.0,0.61,6.04,6.53,4.16
Feb,12,24,1032,,1,1,0.77,-8.9,6.88,,31.69,0.0,22.0,,14.31,0.0,0.0,0.61,6.04,6.53,4.16
Feb,13,1,1033,,1,1,0.77,-6.7,6.88,,30.9,0.0,22.0,,13.2,0.0,0.0,0.61,6.04,6.53,4.16
Feb,13,2,1034,,1,1,0.77,-7.2,6.69,,32.45,0.0,22.0,,14.03,0.0,0.0,0.61,6.04,6.53,4.16
Feb,13,3,1035,,1,1,0.77,-7.2,6.54,,33.39,0.0,22.0,,14.44,0.0,0.0,0.61,6.04,6.53,4.16
Feb,13,4,1036,,1,1,0.77,-6.7,6.44,,33.7,0.0,22.0,,14.39,0.0,0.0,0.61,6.04,6.53,4.16
Feb,13,5,1037,,1,1,0.77,-7.2,6.26,,34.87,0.0,22.0,,15.08,0.0,0.0,0.61,6.04,6.53,4.16
Feb,13,6,1038,,1,1,0.77,-7.2,6.11,,35.49,0.0,22.0,,15.35,0.0,0.0,0.61,6.04,6.53,4.16
Feb,13,7,1039,,1,1,1.0,-6.7,5.39,,306.93,0.0,22.0,,150.68,0.0,14.7,0.8,7.88,6.53,5.43
Feb,13,8,1040,,1,1,1.0,-3.9,5.92,,255.73,0.0,22.0,,113.54,0.0,14.7,0.8,7.88,6.53,5.43
Feb,13,9,1041,,1,1,1.0,-1.1,6.48,,208.83,0.0,22.0,,83.95,0.0,14.7,0.8,7.88,6.53,5.43
Feb,13,10,1042,,1,1,1.0,2.2,7.22,,154.24,0.0,22.0,,56.78,0.0,14.7,0.8,7.88,6.53,5.43
Feb,13,11,1043,,1,1,1.0,5.6,8.08,,96.59,0.0,22.0,,32.97,0.0,14.7,0.8,7.88,6.53,5.43
Feb,13,12,1044,,1,1,1.0,8.3,8.92,,46.86,0.0,22.0,,15.08,0.0,14.7,0.8,7.88,6.53,5.43
Feb,13,13,1045,,1,1,1.0,10.0,9.63,,11.72,0.0,22.0,,3.64,0.0,14.7,0.8,7.88,6.53,5.43
Feb,13,14,1046,,1,1,1.0,11.1,10.27,,0.0,14.4,22.2,,0.0,2.23,14.7,0.8,7.88,6.53,5.43
Feb,13,15,1047,,1,1,1.0,12.8,10.95,,0.0,42.76,22.58,,0.0,6.9,14.7,0.8,7.88,6.53,5.43
Feb,13,16,1048,,1,1,1.0,12.8,11.25,,0.0,44.42,22.6,,0.0,7.17,14.7,0.8,7.88,6.53,5.43
Feb,13,17,1049,,1,1,1.0,10.6,11.17,,0.0,17.88,22.24,,0.0,2.74,14.7,0.8,7.88,6.53,5.43
Feb,13,18,1050,,1,1,1.0,7.8,10.92,,20.0,0.0,22.0,,6.5,0.0,14.7,0.8,7.88,6.53,5.43
Feb,13,19,1051,,1,1,1.0,6.1,10.77,,48.0,0.0,22.0,,16.2,0.0,14.7,0.8,7.88,6.53,5.43
Feb,13,20,1052,,1,1,1.0,5.0,10.67,,69.59,0.0,22.0,,24.08,0.0,14.7,0.8,7.88,6.53,5.43
Feb,13,21,1053,,1,1,1.0,3.3,10.46,,95.88,0.0,22.0,,34.43,0.0,14.7,0.8,7.88,6.53,5.43
Feb,13,22,1054,,1,1,0.77,3.3,10.59,,9.13,0.0,22.0,,3.28,0.0,0.0,0.61,6.04,6.53,4.16
Feb,13,23,1055,,1,1,0.77,2.8,10.52,,11.34,0.0,22.0,,4.12,0.0,0.0,0.61,6.04,6.53,4.16
Feb,13,24,1056,,1,1,0.77,3.9,10.58,,11.75,0.0,22.0,,4.16,0.0,0.0,0.61,6.04,6.53,4.16
Feb,14,1,1057,,1,1,0.77,3.9,10.56,,12.96,0.0,22.0,,4.59,0.0,0.0,0.61,6.04,6.53,4.16
Feb,14,2,1058,,1,1,0.77,2.8,10.46,,15.13,0.0,22.0,,5.49,0.0,0.0,0.61,6.04,6.53,4.16
Feb,14,3,1059,,1,1,0.77,3.9,10.51,,15.02,0.0,22.0,,5.32,0.0,0.0,0.61,6.04,6.53,4.16
Feb,14,4,1060,,1,1,0.77,3.3,10.45,,16.4,0.0,22.0,,5.89,0.0,0.0,0.61,6.04,6.53,4.16
Feb,14,5,1061,,1,1,0.77,1.1,10.24,,19.35,0.0,22.0,,7.31,0.0,0.0,0.61,6.04,6.53,4.16
Feb,14,6,1062,,1,1,0.77,1.1,10.18,,20.18,0.0,22.0,,7.62,0.0,0.0,0.61,6.04,6.53,4.16
Feb,14,7,1063,,1,1,1.0,0.6,9.61,,199.85,0.0,22.0,,76.36,0.0,14.7,0.8,7.88,6.53,5.43
Feb,14,8,1064,,1,1,1.0,1.1,9.79,,181.91,0.0,22.0,,68.69,0.0,14.7,0.8,7.88,6.53,5.43
Feb,14,9,1065,,1,1,1.0,2.2,9.94,,167.86,0.0,22.0,,61.8,0.0,14.7,0.8,7.88,6.53,5.43
Feb,14,10,1066,,1,1,1.0,4.4,10.37,,135.28,0.0,22.0,,47.42,0.0,14.7,0.8,7.88,6.53,5.43
Feb,14,11,1067,,1,1,1.0,7.8,11.06,,87.25,0.0,22.0,,28.38,0.0,14.7,0.8,7.88,6.53,5.43
Feb,14,12,1068,,1,1,1.0,11.7,11.89,,33.91,0.0,22.0,,10.16,0.0,14.7,0.8,7.88,6.53,5.43
Feb,14,13,1069,,1,1,1.0,8.3,11.84,,50.75,0.0,22.0,,16.33,0.0,14.7,0.8,7.88,6.53,5.43
Feb,14,14,1070,,1,1,1.0,8.9,12.23,,34.0,0.0,22.0,,10.8,0.0,14.7,0.8,7.88,6.53,5.43
Feb,14,15,1071,,1,1,1.0,10.0,12.69,,13.14,0.0,22.0,,4.08,0.0,14.7,0.8,7.88,6.53,5.43
Feb,14,16,1072,,1,1,1.0,9.4,12.84,,16.94,0.0,22.0,,5.33,0.0,14.7,0.8,7.88,6.53,5.43
Feb,14,17,1073,,1,1,1.0,7.8,12.73,,39.14,0.0,22.0,,12.73,0.0,14.7,0.8,7.88,6.53,5.43
Feb,14,18,1074,,1,1,1.0,3.9,12.23,,87.15,0.0,22.0,,30.88,0.0,14.7,0.8,7.88,6.53,5.43
Feb,14,19,1075,,1,1,1.0,2.2,11.95,,113.04,0.0,22.0,,41.61,0.0,14.7,0.8,7.88,6.53,5.43
Feb,14,20,1076,,1,1,1.0,1.7,11.8,,127.17,0.0,22.0,,47.36,0.0,14.7,0.8,7.88,6.53,5.43
Feb,14,21,1077,,1,1,1.0,0.6,11.56,,145.94,0.0,22.0,,55.76,0.0,14.7,0.8,7.88,6.53,5.43
Feb,14,22,1078,,1,1,0.77,0.6,11.8,,15.85,0.0,22.0,,6.06,0.0,0.0,0.61,6.04,6.53,4.16
Feb,14,23,1079,,1,1,0.77,-0.6,11.6,,18.47,0.0,22.0,,7.3,0.0,0.0,0.61,6.04,6.53,4.16
Feb,14,24,1080,,1,1,0.77,-0.6,11.48,,19.81,0.0,22.0,,7.83,0.0,0.0,0.61,6.04,6.53,4.16
Feb,15,1,1081,,1,1,0.77,-1.7,11.27,,22.07,0.0,22.0,,9.06,0.0,0.0,0.61,6.04,6.53,4.16
Feb,15,2,1082,,1,1,0.77,-2.2,11.09,,23.67,0.0,22.0,,9.88,0.0,0.0,0.61,6.04,6.53,4.16
Feb,15,3,1083,,1,1,0.77,-4.4,10.77,,26.89,0.0,22.0,,12.17,0.0,0.0,0.61,6.04,6.53,4.16
Feb,15,4,1084,,1,1,0.77,-5.0,10.55,,28.56,0.0,22.0,,13.22,0.0,0.0,0.61,6.04,6.53,4.16
Feb,15,5,1085,,1,1,0.77,-5.6,10.32,,30.14,0.0,22.0,,12.53,0.0,0.0,0.61,6.04,6.53,4.16
Feb,15,6,1086,,1,1,0.77,-4.4,10.23,,29.81,0.0,22.0,,13.49,0.0,0.0,0.61,6.04,6.53,4.16
Feb,15,7,1087,,1,1,1.0,-5.0,9.27,,275.48,0.0,22.0,,130.05,0.0,14.7,0.8,7.88,6.53,5.43
Feb,15,8,1088,,1,1,1.0,-1.7,9.76,,225.02,0.0,22.0,,92.33,0.0,14.7,0.8,7.88,6.53,5.43
Feb,15,9,1089,,1,1,1.0,1.7,10.33,,174.98,0.0,22.0,,65.16,0.0,14.7,0.8,7.88,6.53,5.43
Feb,15,10,1090,,1,1,1.0,5.6,11.1,,115.37,0.0,22.0,,39.38,0.0,14.7,0.8,7.88,6.53,5.43
Feb,15,11,1091,,1,1,1.0,8.9,11.93,,58.6,0.0,22.0,,18.62,0.0,14.7,0.8,7.88,6.53,5.43
Feb,15,12,1092,,1,1,1.0,10.6,12.62,,17.97,0.0,22.0,,5.51,0.0,14.7,0.8,7.88,6.53,5.43
Feb,15,13,1093,,1,1,1.0,11.7,13.24,,0.0,13.04,22.18,,0.0,2.05,14.7,0.8,7.88,6.53,5.43
Feb,15,14,1094,,1,1,1.0,12.8,13.88,,0.0,44.11,22.6,,0.0,7.12,14.7,0.8,7.88,6.53,5.43
Feb,15,15,1095,,1,1,1.0,13.9,14.44,,0.0,69.81,22.95,,0.0,11.57,14.7,0.8,7.88,6.53,5.43
Feb,15,16,1096,,1,1,1.0,13.9,14.75,,0.0,77.47,23.05,,0.0,12.84,14.7,0.8,7.88,6.53,5.43
Feb,15,17,1097,,1,1,1.0,11.1,14.59,,0.0,50.83,22.69,,0.0,7.88,14.7,0.8,7.88,6.53,5.43
Feb,15,18,1098,,1,1,1.0,7.8,14.19,,0.0,6.76,22.09,,0.0,0.97,14.7,0.8,7.88,6.53,5.43
Feb,15,19,1099,,1,1,1.0,6.1,13.96,,24.1,0.0,22.0,,8.13,0.0,14.7,0.8,7.88,6.53,5.43
Feb,15,20,1100,,1,1,1.0,4.4,13.7,,54.57,0.0,22.0,,19.13,0.0,14.7,0.8,7.88,6.53,5.43
Feb,15,21,1101,,1,1,1.0,2.2,13.34,,88.67,0.0,22.0,,32.64,0.0,14.7,0.8,7.88,6.53,5.43
Feb,15,22,1102,,1,1,0.77,2.2,13.58,,7.68,0.0,22.0,,2.83,0.0,0.0,0.61,6.04,6.53,4.16
Feb,15,23,1103,,1,1,0.77,1.7,13.43,,10.34,0.0,22.0,,3.85,0.0,0.0,0.61,6.04,6.53,4.16
Feb,15,24,1104,,1,1,0.77,2.2,13.36,,11.74,0.0,22.0,,4.32,0.0,0.0,0.61,6.04,6.53,4.16
Feb,16,1,1105,,1,1,0.77,0.6,13.13,,14.96,0.0,22.0,,5.72,0.0,0.0,0.61,6.04,6.53,4.16
Feb,16,2,1106,,1,1,0.77,2.8,13.19,,14.27,0.0,22.0,,5.18,0.0,0.0,0.61,6.04,6.53,4.16
Feb,16,3,1107,,1,1,0.77,6.1,13.38,,12.05,0.0,22.0,,4.07,0.0,0.0,0.61,6.04,6.53,4.16
Feb,16,4,1108,,1,1,0.77,5.6,13.31,,13.23,0.0,22.0,,4.52,0.0,0.0,0.61,6.04,6.53,4.16
Feb,16,5,1109,,1,1,0.77,5.0,13.22,,14.47,0.0,22.0,,5.01,0.0,0.0,0.61,6.04,6.53,4.16
Feb,16,6,1110,,1,1,0.77,6.1,13.27,,13.95,0.0,22.0,,4.71,0.0,0.0,0.61,6.04,6.53,4.16
Feb,16,7,1111,,1,1,1.0,5.0,12.75,,150.1,0.0,22.0,,51.94,0.0,14.7,0.8,7.88,6.53,5.43
Feb,16,8,1112,,1,1,1.0,6.7,13.11,,119.93,0.0,22.0,,39.95,0.0,14.7,0.8,7.88,6.53,5.43
Feb,16,9,1113,,1,1,1.0,7.2,13.25,,108.93,0.0,22.0,,35.89,0.0,14.7,0.8,7.88,6.53,5.43
Feb,16,10,1114,,1,1,1.0,10.0,13.72,,75.98,0.0,22.0,,23.6,0.0,14.7,0.8,7.88,6.53,5.43
Feb,16,11,1115,,1,1,1.0,11.1,14.15,,48.66,0.0,22.0,,14.76,0.0,14.7,0.8,7.88,6.53,5.43
Feb,16,12,1116,,1,1,1.0,14.4,15.04,,0.0,8.87,22.12,,0.0,1.49,14.7,0.8,7.88,6.53,5.43
Feb,16,13,1117,,1,1,1.0,16.7,15.72,,0.0,46.41,22.63,,0.0,8.26,14.7,0.8,7.88,6.53,5.43
Feb,16,14,1118,,1,1,1.0,17.2,16.2,,0.0,69.36,22.94,,0.0,12.51,14.7,0.8,7.88,6.53,5.43
Feb,16,15,1119,,1,1,1.0,18.3,16.78,,0.0,99.77,23.36,,0.0,18.54,14.7,0.8,7.88,6.53,5.43
Feb,16,16,1120,,1,1,1.0,15.0,16.6,,0.0,74.52,23.01,,0.0,12.7,14.7,0.8,7.88,6.53,5.43
Feb,16,17,1121,,1,1,1.0,11.1,16.25,,0.0,37.49,22.51,,0.0,5.82,14.7,0.8,7.88,6.53,5.43
Feb,16,18,1122,,1,1,1.0,8.9,15.96,,0.0,5.4,22.07,,0.0,0.8,14.7,0.8,7.88,6.53,5.43
Feb,16,19,1123,,1,1,1.0,5.6,15.52,,38.5,0.0,22.0,,13.14,0.0,14.7,0.8,7.88,6.53,5.43
Feb,16,20,1124,,1,1,1.0,4.4,15.27,,63.22,0.0,22.0,,22.16,0.0,14.7,0.8,7.88,6.53,5.43
Feb,16,21,1125,,1,1,1.0,4.4,15.15,,75.44,0.0,22.0,,26.44,0.0,14.7,0.8,7.88,6.53,5.43
Feb,16,22,1126,,1,1,0.77,4.4,15.38,,6.39,0.0,22.0,,2.24,0.0,0.0,0.61,6.04,6.53,4.16
Feb,16,23,1127,,1,1,0.77,3.9,15.24,,8.72,0.0,22.0,,3.09,0.0,0.0,0.61,6.04,6.53,4.16
Feb,16,24,1128,,1,1,0.77,2.2,15.0,,12.06,0.0,22.0,,4.44,0.0,0.0,0.61,6.04,6.53,4.16
Feb,17,1,1129,,1,1,0.77,4.4,15.05,,11.4,0.0,22.0,,4.0,0.0,0.0,0.61,6.04,6.53,4.16
Feb,17,2,1130,,1,1,0.77,1.7,14.74,,15.28,0.0,22.0,,5.69,0.0,0.0,0.61,6.04,6.53,4.16
Feb,17,3,1131,,1,1,0.77,-0.6,14.41,,18.85,0.0,22.0,,7.45,0.0,0.0,0.61,6.04,6.53,4.16
Feb,17,4,1132,,1,1,0.77,0.6,14.34,,18.91,0.0,22.0,,7.23,0.0,0.0,0.61,6.04,6.53,4.16
Feb,17,5,1133,,1,1,0.77,0.6,14.19,,19.91,0.0,22.0,,7.61,0.0,0.0,0.61,6.04,6.53,4.16
Feb,17,6,1134,,1,1,0.77,2.2,14.18,,19.15,0.0,22.0,,7.05,0.0,0.0,0.61,6.04,6.53,4.16
Feb,17,7,1135,,1,1,1.0,1.1,13.33,,195.03,0.0,22.0,,73.65,0.0,14.7,0.8,7.88,6.53,5.43
Feb,17,8,1136,,1,1,1.0,3.3,13.65,,160.97,0.0,22.0,,57.81,0.0,14.7,0.8,7.88,6.53,5.43
Feb,17,9,1137,,1,1,1.0,9.4,14.46,,94.43,0.0,22.0,,29.69,0.0,14.7,0.8,7.88,6.53,5.43
Feb,17,10,1138,,1,1,1.0,10.0,14.63,,83.05,0.0,22.0,,25.79,0.0,14.7,0.8,7.88,6.53,5.43
Feb,17,11,1139,,1,1,1.0,11.1,14.92,,63.48,0.0,22.0,,19.25,0.0,14.7,0.8,7.88,6.53,5.43
Feb,17,12,1140,,1,1,1.0,13.3,15.33,,37.66,0.0,22.0,,10.91,0.0,14.7,0.8,7.88,6.53,5.43
Feb,17,13,1141,,1,1,1.0,15.0,15.98,,0.0,3.13,22.04,,0.0,0.53,14.7,0.8,7.88,6.53,5.43
Feb,17,14,1142,,1,1,1.0,16.1,16.42,,0.0,24.41,22.33,,0.0,4.28,14.7,0.8,7.88,6.53,5.43
Feb,17,15,1143,,1,1,1.0,16.7,16.8,,0.0,41.74,22.57,,0.0,7.43,14.7,0.8,7.88,6.53,5.43
Feb,17,16,1144,,1,1,1.0,15.6,16.97,,0.0,43.82,22.6,,0.0,7.58,14.7,0.8,7.88,6.53,5.43
Feb,17,17,1145,,1,1,1.0,15.0,17.03,,0.0,38.23,22.52,,0.0,6.51,14.7,0.8,7.88,6.53,5.43
Feb,17,18,1146,,1,1,1.0,12.8,16.82,,0.0,13.1,22.18,,0.0,2.11,14.7,0.8,7.88,6.53,5.43
Feb,17,19,1147,,1,1,1.0,4.4,15.79,,72.0,0.0,22.0,,25.24,0.0,14.7,0.8,7.88,6.53,5.43
Feb,17,20,1148,,1,1,1.0,1.7,15.31,,108.45,0.0,22.0,,40.39,0.0,14.7,0.8,7.88,6.53,5.43
Feb,17,21,1149,,1,1,1.0,10.0,16.19,,41.28,0.0,22.0,,12.82,0.0,14.7,0.8,7.88,6.53,5.43
Feb,17,22,1150,,1,1,0.77,8.9,16.21,,4.13,0.0,22.0,,1.31,0.0,0.0,0.61,6.04,6.53,4.16
Feb,17,23,1151,,1,1,0.77,10.0,16.27,,4.12,0.0,22.0,,1.28,0.0,0.0,0.61,6.04,6.53,4.16
Feb,17,24,1152,,1,1,0.77,10.6,16.32,,4.37,0.0,22.0,,1.34,0.0,0.0,0.61,6.04,6.53,4.16
Feb,18,1,1153,,1,1,0.77,9.4,16.22,,6.27,0.0,22.0,,1.97,0.0,0.0,0.61,6.04,6.53,4.16
Feb,18,2,1154,,1,1,0.77,8.9,16.16,,7.48,0.0,22.0,,2.38,0.0,0.0,0.61,6.04,6.53,4.16
Feb,18,3,1155,,1,1,0.77,7.2,15.99,,9.85,0.0,22.0,,3.25,0.0,0.0,0.61,6.04,6.53,4.16
Feb,18,4,1156,,1,1,0.77,9.4,16.12,,8.34,0.0,22.0,,2.62,0.0,0.0,0.61,6.04,6.53,4.16
Feb,18,5,1157,,1,1,0.77,8.3,16.01,,9.88,0.0,22.0,,3.18,0.0,0.0,0.61,6.04,6.53,4.16
Feb,18,6,1158,,1,1,0.77,5.6,15.75,,13.08,0.0,22.0,,4.46,0.0,0.0,0.61,6.04,6.53,4.16
Feb,18,7,1159,,1,1,1.0,3.3,14.88,,159.29,0.0,22.0,,57.2,0.0,14.7,0.8,7.88,6.53,5.43
Feb,18,8,1160,,1,1,1.0,8.3,15.67,,92.16,0.0,22.0,,29.65,0.0,14.7,0.8,7.88,6.53,5.43
Feb,18,9,1161,,1,1,1.0,12.8,16.5,,30.24,0.0,22.0,,8.85,0.0,14.7,0.8,7.88,6.53,5.43
Feb,18,10,1162,,1,1,1.0,13.9,16.98,,1.15,0.0,22.0,,0.33,0.0,14.7,0.8,7.88,6.53,5.43
Feb,18,11,1163,,1,1,1.0,13.9,17.31,,0.0,14.25,22.19,,0.0,2.36,14.7,0.8,7.88,6.53,5.43
Feb,18,12,1164,,1,1,1.0,14.4,17.8,,0.0,41.92,22.57,,0.0,7.04,14.7,0.8,7.88,6.53,5.43
Feb,18,13,1165,,1,1,1.0,13.9,18.01,,0.0,48.71,22.66,,0.0,8.07,14.7,0.8,7.88,6.53,5.43
Feb,18,14,1166,,1,1,1.0,14.4,18.35,,0.0,65.0,22.88,,0.0,10.91,14.7,0.8,7.88,6.53,5.43
Feb,18,15,1167,,1,1,1.0,14.4,18.68,,0.0,81.46,23.11,,0.0,13.67,14.7,0.8,7.88,6.53,5.43
Feb,18,16,1168,,1,1,1.0,11.7,18.51,,0.0,60.65,22.83,,0.0,9.54,14.7,0.8,7.88,6.53,5.43
Feb,18,17,1169,,1,1,1.0,8.9,18.14,,0.0,26.37,22.36,,0.0,3.89,14.7,0.8,7.88,6.53,5.43
Feb,18,18,1170,,1,1,1.0,8.9,18.04,,0.0,11.51,22.16,,0.0,1.7,14.7,0.8,7.88,6.53,5.43
Feb,18,19,1171,,1,1,1.0,7.2,17.75,,17.5,0.0,22.0,,5.77,0.0,14.7,0.8,7.88,6.53,5.43
Feb,18,20,1172,,1,1,1.0,4.4,17.28,,57.25,0.0,22.0,,20.07,0.0,14.7,0.8,7.88,6.53,5.43
Feb,18,21,1173,,1,1,1.0,3.9,17.05,,74.99,0.0,22.0,,26.58,0.0,14.7,0.8,7.88,6.53,5.43
Feb,18,22,1174,,1,1,0.77,3.3,17.29,,6.76,0.0,22.0,,2.43,0.0,0.0,0.61,6.04,6.53,4.16
Feb,18,23,1175,,1,1,0.77,3.3,17.14,,8.79,0.0,22.0,,3.16,0.0,0.0,0.61,6.04,6.53,4.16
Feb,18,24,1176,,1,1,0.77,2.8,16.95,,11.05,0.0,22.0,,4.01,0.0,0.0,0.61,6.04,6.53,4.16
Feb,19,1,1177,,1,1,0.77,3.3,16.84,,12.1,0.0,22.0,,4.35,0.0,0.0,0.61,6.04,6.53,4.16
Feb,19,2,1178,,1,1,0.77,2.8,16.65,,13.91,0.0,22.0,,5.05,0.0,0.0,0.61,6.04,6.53,4.16
Feb,19,3,1179,,1,1,0.77,2.8,16.5,,15.09,0.0,22.0,,5.48,0.0,0.0,0.61,6.04,6.53,4.16
Feb,19,4,1180,,1,1,0.77,1.7,16.26,,17.21,0.0,22.0,,6.41,0.0,0.0,0.61,6.04,6.53,4.16
Feb,19,5,1181,,1,1,0.77,1.1,16.05,,18.8,0.0,22.0,,7.1,0.0,0.0,0.61,6.04,6.53,4.16
Feb,19,6,1182,,1,1,0.77,-0.6,15.74,,21.42,0.0,22.0,,8.47,0.0,0.0,0.61,6.04,6.53,4.16
Feb,19,7,1183,,1,1,1.0,-2.2,14.54,,224.73,0.0,22.0,,93.83,0.0,14.7,0.8,7.88,6.53,5.43
Feb,19,8,1184,,1,1,1.0,0.6,14.84,,185.87,0.0,22.0,,71.02,0.0,14.7,0.8,7.88,6.53,5.43
Feb,19,9,1185,,1,1,1.0,2.2,14.99,,162.23,0.0,22.0,,59.72,0.0,14.7,0.8,7.88,6.53,5.43
Feb,19,10,1186,,1,1,1.0,4.4,15.36,,126.01,0.0,22.0,,44.17,0.0,14.7,0.8,7.88,6.53,5.43
Feb,19,11,1187,,1,1,1.0,6.7,15.9,,80.6,0.0,22.0,,26.85,0.0,14.7,0.8,7.88,6.53,5.43
Feb,19,12,1188,,1,1,1.0,7.2,16.23,,56.36,0.0,22.0,,18.57,0.0,14.7,0.8,7.88,6.53,5.43
Feb,19,13,1189,,1,1,1.0,6.7,16.19,,62.41,0.0,22.0,,20.79,0.0,14.7,0.8,7.88,6.53,5.43
Feb,19,14,1190,,1,1,1.0,4.4,15.87,,87.6,0.0,22.0,,30.71,0.0,14.7,0.8,7.88,6.53,5.43
Feb,19,15,1191,,1,1,1.0,4.4,15.8,,92.14,0.0,22.0,,32.3,0.0,14.7,0.8,7.88,6.53,5.43
Feb,19,16,1192,,1,1,1.0,5.6,16.01,,75.41,0.0,22.0,,25.74,0.0,14.7,0.8,7.88,6.53,5.43
Feb,19,17,1193,,1,1,1.0,4.4,15.81,,90.57,0.0,22.0,,31.75,0.0,14.7,0.8,7.88,6.53,5.43
Feb,19,18,1194,,1,1,1.0,2.2,15.36,,122.16,0.0,22.0,,44.97,0.0,14.7,0.8,7.88,6.53,5.43
Feb,19,19,1195,,1,1,1.0,0.6,14.98,,145.41,0.0,22.0,,55.56,0.0,14.7,0.8,7.88,6.53,5.43
Feb,19,20,1196,,1,1,1.0,0.0,14.7,,158.98,0.0,22.0,,61.62,0.0,14.7,0.8,7.88,6.53,5.43
Feb,19,21,1197,,1,1,1.0,-1.1,14.35,,176.48,0.0,22.0,,70.94,0.0,14.7,0.8,7.88,6.53,5.43
Feb,19,22,1198,,1,1,0.77,-1.1,14.7,,19.93,0.0,22.0,,8.01,0.0,0.0,0.61,6.04,6.53,4.16
Feb,19,23,1199,,1,1,0.77,-1.7,14.47,,21.78,0.0,22.0,,8.94,0.0,0.0,0.61,6.04,6.53,4.16
Feb,19,24,1200,,1,1,0.77,-1.1,14.33,,22.31,0.0,22.0,,8.97,0.0,0.0,0.61,6.04,6.53,4.16
Feb,20,1,1201,,1,1,0.77,-1.1,14.15,,23.24,0.0,22.0,,9.34,0.0,0.0,0.61,6.04,6.53,4.16
Feb,20,2,1202,,1,1,0.77,-1.7,13.92,,24.64,0.0,22.0,,10.11,0.0,0.0,0.61,6.04,6.53,4.16
Feb,20,3,1203,,1,1,0.77,-1.1,13.79,,24.78,0.0,22.0,,9.96,0.0,0.0,0.61,6.04,6.53,4.16
Feb,20,4,1204,,1,1,0.77,-1.7,13.57,,25.98,0.0,22.0,,10.66,0.0,0.0,0.61,6.04,6.53,4.16
Feb,20,5,1205,,1,1,0.77,-2.2,13.35,,27.06,0.0,22.0,,11.3,0.0,0.0,0.61,6.04,6.53,4.16
Feb,20,6,1206,,1,1,0.77,-3.9,13.03,,29.31,0.0,22.0,,13.01,0.0,0.0,0.61,6.04,6.53,4.16
Feb,20,7,1207,,1,1,1.0,-3.3,12.08,,258.75,0.0,22.0,,112.36,0.0,14.7,0.8,7.88,6.53,5.43
Feb,20,8,1208,,1,1,1.0,-2.2,12.31,,224.49,0.0,22.0,,93.72,0.0,14.7,0.8,7.88,6.53,5.43
Feb,20,9,1209,,1,1,1.0,0.0,12.66,,185.87,0.0,22.0,,72.04,0.0,14.7,0.8,7.88,6.53,5.43
Feb,20,10,1210,,1,1,1.0,3.3,13.29,,130.8,0.0,22.0,,46.97,0.0,14.7,0.8,7.88,6.53,5.43
Feb,20,11,1211,,1,1,1.0,4.4,13.73,,96.52,0.0,22.0,,33.83,0.0,14.7,0.8,7.88,6.53,5.43
Feb,20,12,1212,,1,1,1.0,5.6,14.22,,62.37,0.0,22.0,,21.29,0.0,14.7,0.8,7.88,6.53,5.43
Feb,20,13,1213,,1,1,1.0,6.1,14.61,,39.15,0.0,22.0,,13.21,0.0,14.7,0.8,7.88,6.53,5.43
Feb,20,14,1214,,1,1,1.0,6.7,14.94,,22.58,0.0,22.0,,7.52,0.0,14.7,0.8,7.88,6.53,5.43
Feb,20,15,1215,,1,1,1.0,6.7,15.15,,16.82,0.0,22.0,,5.6,0.0,14.7,0.8,7.88,6.53,5.43
Feb,20,16,1216,,1,1,1.0,6.1,15.07,,32.86,0.0,22.0,,11.09,0.0,14.7,0.8,7.88,6.53,5.43
Feb,20,17,1217,,1,1,1.0,5.6,14.99,,47.15,0.0,22.0,,16.09,0.0,14.7,0.8,7.88,6.53,5.43
Feb,20,18,1218,,1,1,1.0,3.3,14.58,,82.89,0.0,22.0,,29.77,0.0,14.7,0.8,7.88,6.53,5.43
Feb,20,19,1219,,1,1,1.0,2.8,14.39,,99.14,0.0,22.0,,36.0,0.0,14.7,0.8,7.88,6.53,5.43
Feb,20,20,1220,,1,1,1.0,2.2,14.18,,115.02,0.0,22.0,,42.34,0.0,14.7,0.8,7.88,6.53,5.43
Feb,20,21,1221,,1,1,1.0,1.7,13.97,,128.88,0.0,22.0,,47.99,0.0,14.7,0.8,7.88,6.53,5.43
Feb,20,22,1222,,1,1,0.77,1.1,14.19,,14.22,0.0,22.0,,5.37,0.0,0.0,0.61,6.04,6.53,4.16
Feb,20,23,1223,,1,1,0.77,1.1,14.05,,15.74,0.0,22.0,,5.94,0.0,0.0,0.61,6.04,6.53,4.16
Feb,20,24,1224,,1,1,0.77,0.6,13.88,,17.56,0.0,22.0,,6.71,0.0,0.0,0.61,6.04,6.53,4.16
Feb,21,1,1225,,1,1,0.77,0.0,13.69,,19.35,0.0,22.0,,7.5,0.0,0.0,0.61,6.04,6.53,4.16
Feb,21,2,1226,,1,1,0.77,-1.1,13.45,,21.54,0.0,22.0,,8.66,0.0,0.0,0.61,6.04,6.53,4.16
Feb,21,3,1227,,1,1,0.77,-1.7,13.24,,23.18,0.0,22.0,,9.51,0.0,0.0,0.61,6.04,6.53,4.16
Feb,21,4,1228,,1,1,0.77,-2.8,12.98,,25.24,0.0,22.0,,10.76,0.0,0.0,0.61,6.04,6.53,4.16
Feb,21,5,1229,,1,1,0.77,-4.4,12.66,,27.77,0.0,22.0,,12.56,0.0,0.0,0.61,6.04,6.53,4.16
Feb,21,6,1230,,1,1,0.77,-5.0,12.4,,29.32,0.0,22.0,,13.57,0.0,0.0,0.61,6.04,6.53,4.16
Feb,21,7,1231,,1,1,1.0,-4.4,11.41,,264.52,0.0,22.0,,119.67,0.0,14.7,0.8,7.88,6.53,5.43
Feb,21,8,1232,,1,1,1.0,-2.2,11.72,,224.95,0.0,22.0,,93.92,0.0,14.7,0.8,7.88,6.53,5.43
Feb,21,9,1233,,1,1,1.0,-3.3,11.39,,237.1,0.0,22.0,,102.96,0.0,14.7,0.8,7.88,6.53,5.43
Feb,21,10,1234,,1,1,1.0,-2.2,11.38,,225.13,0.0,22.0,,93.99,0.0,14.7,0.8,7.88,6.53,5.43
Feb,21,11,1235,,1,1,1.0,-1.1,11.42,,210.36,0.0,22.0,,84.56,0.0,14.7,0.8,7.88,6.53,5.43
Feb,21,12,1236,,1,1,1.0,0.0,11.53,,193.44,0.0,22.0,,74.98,0.0,14.7,0.8,7.88,6.53,5.43
Feb,21,13,1237,,1,1,1.0,0.6,11.58,,182.18,0.0,22.0,,69.61,0.0,14.7,0.8,7.88,6.53,5.43
Feb,21,14,1238,,1,1,1.0,0.6,11.55,,178.09,0.0,22.0,,68.05,0.0,14.7,0.8,7.88,6.53,5.43
Feb,21,15,1239,,1,1,1.0,0.0,11.43,,182.06,0.0,22.0,,70.57,0.0,14.7,0.8,7.88,6.53,5.43
Feb,21,16,1240,,1,1,1.0,0.0,11.33,,183.27,0.0,22.0,,71.03,0.0,14.7,0.8,7.88,6.53,5.43
Feb,21,17,1241,,1,1,1.0,-0.6,11.14,,192.02,0.0,22.0,,75.91,0.0,14.7,0.8,7.88,6.53,5.43
Feb,21,18,1242,,1,1,1.0,-2.2,10.78,,211.4,0.0,22.0,,88.26,0.0,14.7,0.8,7.88,6.53,5.43
Feb,21,19,1243,,1,1,1.0,-2.8,10.54,,221.06,0.0,22.0,,94.28,0.0,14.7,0.8,7.88,6.53,5.43
Feb,21,20,1244,,1,1,1.0,-3.3,10.29,,229.54,0.0,22.0,,99.68,0.0,14.7,0.8,7.88,6.53,5.43
Feb,21,21,1245,,1,1,1.0,-2.2,10.25,,222.71,0.0,22.0,,92.98,0.0,14.7,0.8,7.88,6.53,5.43
Feb,21,22,1246,,1,1,0.77,-3.3,10.43,,27.69,0.0,22.0,,12.02,0.0,0.0,0.61,6.04,6.53,4.16
Feb,21,23,1247,,1,1,0.77,-4.4,10.2,,29.51,0.0,22.0,,13.35,0.0,0.0,0.61,6.04,6.53,4.16
Feb,21,24,1248,,1,1,0.77,-5.0,9.98,,30.82,0.0,22.0,,14.27,0.0,0.0,0.61,6.04,6.53,4.16
Feb,22,1,1249,,1,1,0.77,-5.6,9.76,,32.09,0.0,22.0,,13.34,0.0,0.0,0.61,6.04,6.53,4.16
Feb,22,2,1250,,1,1,0.77,-7.8,9.4,,34.95,0.0,22.0,,15.35,0.0,0.0,0.61,6.04,6.53,4.16
Feb,22,3,1251,,1,1,0.77,-7.2,9.24,,35.08,0.0,22.0,,15.17,0.0,0.0,0.61,6.04,6.53,4.16
Feb,22,4,1252,,1,1,0.77,-6.7,9.08,,35.17,0.0,22.0,,15.02,0.0,0.0,0.61,6.04,6.53,4.16
Feb,22,5,1253,,1,1,0.77,-6.7,8.9,,35.63,0.0,22.0,,15.22,0.0,0.0,0.61,6.04,6.53,4.16
Feb,22,6,1254,,1,1,0.77,-7.2,8.67,,36.54,0.0,22.0,,15.8,0.0,0.0,0.61,6.04,6.53,4.16
Feb,22,7,1255,,1,1,1.0,-6.7,7.77,,312.1,0.0,22.0,,150.68,0.0,14.7,0.8,7.88,6.53,5.43
Feb,22,8,1256,,1,1,1.0,-6.7,7.73,,298.63,0.0,22.0,,144.31,0.0,14.7,0.8,7.88,6.53,5.43
Feb,22,9,1257,,1,1,1.0,-6.1,7.64,,290.05,0.0,22.0,,131.51,0.0,14.7,0.8,7.88,6.53,5.43
Feb,22,10,1258,,1,1,1.0,-5.0,7.66,,275.62,0.0,22.0,,130.19,0.0,14.7,0.8,7.88,6.53,5.43
Feb,22,11,1259,,1,1,1.0,-3.9,7.71,,259.66,0.0,22.0,,115.28,0.0,14.7,0.8,7.88,6.53,5.43
Feb,22,12,1260,,1,1,1.0,-3.9,7.67,,253.55,0.0,22.0,,112.57,0.0,14.7,0.8,7.88,6.53,5.43
Feb,22,13,1261,,1,1,1.0,-3.9,7.65,,246.37,0.0,22.0,,109.38,0.0,14.7,0.8,7.88,6.53,5.43
Feb,22,14,1262,,1,1,1.0,-3.3,7.68,,236.23,0.0,22.0,,102.58,0.0,14.7,0.8,7.88,6.53,5.43
Feb,22,15,1263,,1,1,1.0,-3.3,7.63,,234.13,0.0,22.0,,101.67,0.0,14.7,0.8,7.88,6.53,5.43
Feb,22,16,1264,,1,1,1.0,-3.9,7.46,,240.26,0.0,22.0,,106.67,0.0,14.7,0.8,7.88,6.53,5.43
Feb,22,17,1265,,1,1,1.0,-3.3,7.41,,237.52,0.0,22.0,,103.14,0.0,14.7,0.8,7.88,6.53,5.43
Feb,22,18,1266,,1,1,1.0,-4.4,7.15,,250.7,0.0,22.0,,113.42,0.0,14.7,0.8,7.88,6.53,5.43
Feb,22,19,1267,,1,1,1.0,-4.4,7.02,,253.33,0.0,22.0,,114.61,0.0,14.7,0.8,7.88,6.53,5.43
Feb,22,20,1268,,1,1,1.0,-5.0,6.81,,261.25,0.0,22.0,,120.95,0.0,14.7,0.8,7.88,6.53,5.43
Feb,22,21,1269,,1,1,1.0,-5.6,6.59,,269.18,0.0,22.0,,111.92,0.0,14.7,0.8,7.88,6.53,5.43
Feb,22,22,1270,,1,1,0.77,-5.6,6.86,,32.53,0.0,22.0,,13.52,0.0,0.0,0.61,6.04,6.53,4.16
Feb,22,23,1271,,1,1,0.77,-5.6,6.73,,33.1,0.0,22.0,,13.76,0.0,0.0,0.61,6.04,6.53,4.16
Feb,22,24,1272,,1,1,0.77,-6.7,6.52,,34.7,0.0,22.0,,14.82,0.0,0.0,0.61,6.04,6.53,4.16
Feb,23,1,1273,,1,1,0.77,-7.8,6.29,,36.34,0.0,22.0,,15.96,0.0,0.0,0.61,6.04,6.53,4.16
Feb,23,2,1274,,1,1,0.77,-8.9,6.05,,38.01,0.0,22.0,,17.17,0.0,0.0,0.61,6.04,6.53,4.16
Feb,23,3,1275,,1,1,0.77,-8.9,5.88,,38.59,0.0,22.0,,17.43,0.0,0.0,0.61,6.04,6.53,4.16
Feb,23,4,1276,,1,1,0.77,-10.0,5.62,,40.21,0.0,22.0,,18.7,0.0,0.0,0.61,6.04,6.53,4.16
Feb,23,5,1277,,1,1,0.77,-11.1,5.34,,41.86,0.0,22.0,,17.92,0.0,0.0,0.61,6.04,6.53,4.16
Feb,23,6,1278,,1,1,0.77,-12.2,5.06,,43.53,0.0,22.0,,19.16,0.0,0.0,0.61,6.04,6.53,4.16
Feb,23,7,1279,,1,1,1.0,-11.7,4.06,,371.27,0.0,22.0,,168.4,0.0,14.7,0.8,7.88,6.53,5.43
Feb,23,8,1280,,1,1,1.0,-4.4,5.03,,282.27,0.0,22.0,,133.0,0.0,14.7,0.8,7.88,6.53,5.43
Feb,23,9,1281,,1,1,1.0,-2.2,5.48,,241.14,0.0,22.0,,100.68,0.0,14.7,0.8,7.88,6.53,5.43
Feb,23,10,1282,,1,1,1.0,-1.1,5.91,,206.65,0.0,22.0,,83.07,0.0,14.7,0.8,7.88,6.53,5.43
Feb,23,11,1283,,1,1,1.0,1.1,6.54,,161.36,0.0,22.0,,60.93,0.0,14.7,0.8,7.88,6.53,5.43
Feb,23,12,1284,,1,1,1.0,1.7,7.0,,133.46,0.0,22.0,,49.7,0.0,14.7,0.8,7.88,6.53,5.43
Feb,23,13,1285,,1,1,1.0,2.8,7.52,,103.92,0.0,22.0,,37.74,0.0,14.7,0.8,7.88,6.53,5.43
Feb,23,14,1286,,1,1,1.0,3.9,8.02,,79.08,0.0,22.0,,28.02,0.0,14.7,0.8,7.88,6.53,5.43
Feb,23,15,1287,,1,1,1.0,5.6,8.56,,53.7,0.0,22.0,,18.33,0.0,14.7,0.8,7.88,6.53,5.43
Feb,23,16,1288,,1,1,1.0,6.1,8.84,,50.46,0.0,22.0,,17.03,0.0,14.7,0.8,7.88,6.53,5.43
Feb,23,17,1289,,1,1,1.0,3.3,8.57,,86.55,0.0,22.0,,31.08,0.0,14.7,0.8,7.88,6.53,5.43
Feb,23,18,1290,,1,1,1.0,3.3,8.57,,99.19,0.0,22.0,,35.62,0.0,14.7,0.8,7.88,6.53,5.43
Feb,23,19,1291,,1,1,1.0,1.1,8.3,,129.23,0.0,22.0,,48.8,0.0,14.7,0.8,7.88,6.53,5.43
Feb,23,20,1292,,1,1,1.0,0.0,8.13,,148.79,0.0,22.0,,57.67,0.0,14.7,0.8,7.88,6.53,5.43
Feb,23,21,1293,,1,1,1.0,1.1,8.22,,146.97,0.0,22.0,,55.5,0.0,14.7,0.8,7.88,6.53,5.43
Feb,23,22,1294,,1,1,0.77,0.0,8.27,,17.28,0.0,22.0,,6.7,0.0,0.0,0.61,6.04,6.53,4.16
Feb,23,23,1295,,1,1,0.77,0.6,8.27,,18.03,0.0,22.0,,6.89,0.0,0.0,0.61,6.04,6.53,4.16
Feb,23,24,1296,,1,1,0.77,3.9,8.51,,15.8,0.0,22.0,,5.6,0.0,0.0,0.61,6.04,6.53,4.16
Feb,24,1,1297,,1,1,0.77,1.7,8.35,,18.7,0.0,22.0,,6.96,0.0,0.0,0.61,6.04,6.53,4.16
Feb,24,2,1298,,1,1,0.77,1.1,8.29,,20.08,0.0,22.0,,7.58,0.0,0.0,0.61,6.04,6.53,4.16
Feb,24,3,1299,,1,1,0.77,3.9,8.49,,17.97,0.0,22.0,,6.37,0.0,0.0,0.61,6.04,6.53,4.16
Feb,24,4,1300,,1,1,0.77,2.2,8.37,,20.07,0.0,22.0,,7.39,0.0,0.0,0.61,6.04,6.53,4.16
Feb,24,5,1301,,1,1,0.77,4.4,8.55,,18.32,0.0,22.0,,6.42,0.0,0.0,0.61,6.04,6.53,4.16
Feb,24,6,1302,,1,1,0.77,2.2,8.4,,20.76,0.0,22.0,,7.64,0.0,0.0,0.61,6.04,6.53,4.16
Feb,24,7,1303,,1,1,1.0,3.9,8.3,,176.56,0.0,22.0,,62.57,0.0,14.7,0.8,7.88,6.53,5.43
Feb,24,8,1304,,1,1,1.0,3.9,8.67,,150.1,0.0,22.0,,53.19,0.0,14.7,0.8,7.88,6.53,5.43
Feb,24,9,1305,,1,1,1.0,7.2,9.34,,104.27,0.0,22.0,,34.35,0.0,14.7,0.8,7.88,6.53,5.43
Feb,24,10,1306,,1,1,1.0,10.0,10.06,,60.4,0.0,22.0,,18.76,0.0,14.7,0.8,7.88,6.53,5.43
Feb,24,11,1307,,1,1,1.0,10.6,10.52,,39.69,0.0,22.0,,12.17,0.0,14.7,0.8,7.88,6.53,5.43
Feb,24,12,1308,,1,1,1.0,11.7,11.25,,1.41,0.0,22.0,,0.42,0.0,14.7,0.8,7.88,6.53,5.43
Feb,24,13,1309,,1,1,1.0,11.7,11.74,,0.0,15.46,22.21,,0.0,2.43,14.7,0.8,7.88,6.53,5.43
Feb,24,14,1310,,1,1,1.0,12.2,12.22,,0.0,32.19,22.44,,0.0,5.12,14.7,0.8,7.88,6.53,5.43
Feb,24,15,1311,,1,1,1.0,11.7,12.47,,0.0,32.5,22.44,,0.0,5.11,14.7,0.8,7.88,6.53,5.43
Feb,24,16,1312,,1,1,1.0,12.2,12.85,,0.0,42.05,22.57,,0.0,6.69,14.7,0.8,7.88,6.53,5.43
Feb,24,17,1313,,1,1,1.0,12.2,13.01,,0.0,36.4,22.5,,0.0,5.79,14.7,0.8,7.88,6.53,5.43
Feb,24,18,1314,,1,1,1.0,11.1,12.97,,0.0,16.46,22.22,,0.0,2.55,14.7,0.8,7.88,6.53,5.43
Feb,24,19,1315,,1,1,1.0,10.6,13.01,,0.0,2.57,22.04,,0.0,0.39,14.7,0.8,7.88,6.53,5.43
Feb,24,20,1316,,1,1,1.0,-3.9,11.24,,143.63,0.0,22.0,,63.77,0.0,14.7,0.8,7.88,6.53,5.43
Feb,24,21,1317,,1,1,1.0,-7.8,10.51,,196.56,0.0,22.0,,86.3,0.0,14.7,0.8,7.88,6.53,5.43
Feb,24,22,1318,,1,1,0.77,-9.4,10.81,,22.42,0.0,22.0,,10.26,0.0,0.0,0.61,6.04,6.53,4.16
Feb,24,23,1319,,1,1,0.77,-10.0,10.49,,25.83,0.0,22.0,,12.01,0.0,0.0,0.61,6.04,6.53,4.16
Feb,24,24,1320,,1,1,0.77,-9.4,10.27,,27.71,0.0,22.0,,12.68,0.0,0.0,0.61,6.04,6.53,4.16
Feb,25,1,1321,,1,1,0.77,-10.0,9.96,,30.4,0.0,22.0,,14.14,0.0,0.0,0.61,6.04,6.53,4.16
Feb,25,2,1322,,1,1,0.77,-10.0,9.7,,32.26,0.0,22.0,,15.0,0.0,0.0,0.61,6.04,6.53,4.16
Feb,25,3,1323,,1,1,0.77,-10.0,9.44,,33.87,0.0,22.0,,15.75,0.0,0.0,0.61,6.04,6.53,4.16
Feb,25,4,1324,,1,1,0.77,-10.6,9.14,,35.87,0.0,22.0,,15.17,0.0,0.0,0.61,6.04,6.53,4.16
Feb,25,5,1325,,1,1,0.77,-11.1,8.83,,37.64,0.0,22.0,,16.11,0.0,0.0,0.61,6.04,6.53,4.16
Feb,25,6,1326,,1,1,0.77,-11.1,8.57,,38.77,0.0,22.0,,16.6,0.0,0.0,0.61,6.04,6.53,4.16
Feb,25,7,1327,,1,1,1.0,-10.6,7.43,,341.45,0.0,22.0,,161.22,0.0,14.7,0.8,7.88,6.53,5.43
Feb,25,8,1328,,1,1,1.0,-10.0,7.45,,319.96,0.0,22.0,,173.85,0.0,14.7,0.8,7.88,6.53,5.43
Feb,25,9,1329,,1,1,1.0,-8.9,7.53,,296.94,0.0,22.0,,158.08,0.0,14.7,0.8,7.88,6.53,5.43
Feb,25,10,1330,,1,1,1.0,-7.2,7.74,,267.34,0.0,22.0,,116.54,0.0,14.7,0.8,7.88,6.53,5.43
Feb,25,11,1331,,1,1,1.0,-5.6,7.93,,242.47,0.0,22.0,,100.81,0.0,14.7,0.8,7.88,6.53,5.43
Feb,25,12,1332,,1,1,1.0,-4.4,8.19,,216.07,0.0,22.0,,97.75,0.0,14.7,0.8,7.88,6.53,5.43
Feb,25,13,1333,,1,1,1.0,-2.2,8.76,,169.18,0.0,22.0,,70.63,0.0,14.7,0.8,7.88,6.53,5.43
Feb,25,14,1334,,1,1,1.0,-1.1,9.13,,142.92,0.0,22.0,,57.45,0.0,14.7,0.8,7.88,6.53,5.43
Feb,25,15,1335,,1,1,1.0,0.6,9.44,,123.75,0.0,22.0,,47.28,0.0,14.7,0.8,7.88,6.53,5.43
Feb,25,16,1336,,1,1,1.0,1.7,9.73,,108.77,0.0,22.0,,40.5,0.0,14.7,0.8,7.88,6.53,5.43
Feb,25,17,1337,,1,1,1.0,0.6,9.61,,124.68,0.0,22.0,,47.64,0.0,14.7,0.8,7.88,6.53,5.43
Feb,25,18,1338,,1,1,1.0,-2.2,9.14,,164.74,0.0,22.0,,68.78,0.0,14.7,0.8,7.88,6.53,5.43
Feb,25,19,1339,,1,1,1.0,-3.9,8.79,,191.08,0.0,22.0,,84.83,0.0,14.7,0.8,7.88,6.53,5.43
Feb,25,20,1340,,1,1,1.0,-4.4,8.56,,205.59,0.0,22.0,,93.01,0.0,14.7,0.8,7.88,6.53,5.43
Feb,25,21,1341,,1,1,1.0,-5.0,8.31,,219.97,0.0,22.0,,101.84,0.0,14.7,0.8,7.88,6.53,5.43
Feb,25,22,1342,,1,1,0.77,-6.1,8.52,,26.37,0.0,22.0,,11.1,0.0,0.0,0.61,6.04,6.53,4.16
Feb,25,23,1343,,1,1,0.77,-6.7,8.31,,28.5,0.0,22.0,,12.17,0.0,0.0,0.61,6.04,6.53,4.16
Feb,25,24,1344,,1,1,0.77,-6.7,8.14,,29.86,0.0,22.0,,12.75,0.0,0.0,0.61,6.04,6.53,4.16
Feb,26,1,1345,,1,1,0.77,-6.7,7.97,,31.05,0.0,22.0,,13.26,0.0,0.0,0.61,6.04,6.53,4.16
Feb,26,2,1346,,1,1,0.77,-6.1,7.85,,31.46,0.0,22.0,,13.24,0.0,0.0,0.61,6.04,6.53,4.16
Feb,26,3,1347,,1,1,0.77,-6.7,7.65,,32.89,0.0,22.0,,14.05,0.0,0.0,0.61,6.04,6.53,4.16
Feb,26,4,1348,,1,1,0.77,-6.7,7.49,,33.67,0.0,22.0,,14.38,0.0,0.0,0.61,6.04,6.53,4.16
Feb,26,5,1349,,1,1,0.77,-7.2,7.3,,34.84,0.0,22.0,,15.07,0.0,0.0,0.61,6.04,6.53,4.16
Feb,26,6,1350,,1,1,0.77,-7.2,7.13,,35.46,0.0,22.0,,15.33,0.0,0.0,0.61,6.04,6.53,4.16
Feb,26,7,1351,,1,1,1.0,-6.7,6.34,,306.3,0.0,22.0,,150.68,0.0,14.7,0.8,7.88,6.53,5.43
Feb,26,8,1352,,1,1,1.0,-3.3,6.84,,256.08,0.0,22.0,,111.2,0.0,14.7,0.8,7.88,6.53,5.43
Feb,26,9,1353,,1,1,1.0,0.6,7.49,,201.37,0.0,22.0,,76.94,0.0,14.7,0.8,7.88,6.53,5.43
Feb,26,10,1354,,1,1,1.0,6.1,8.52,,124.1,0.0,22.0,,41.89,0.0,14.7,0.8,7.88,6.53,5.43
Feb,26,11,1355,,1,1,1.0,9.4,9.34,,71.32,0.0,22.0,,22.42,0.0,14.7,0.8,7.88,6.53,5.43
Feb,26,12,1356,,1,1,1.0,13.9,10.46,,2.21,0.0,22.0,,0.63,0.0,14.7,0.8,7.88,6.53,5.43
Feb,26,13,1357,,1,1,1.0,15.6,11.26,,0.0,36.27,22.49,,0.0,6.27,14.7,0.8,7.88,6.53,5.43
Feb,26,14,1358,,1,1,1.0,15.6,11.74,,0.0,51.25,22.7,,0.0,8.87,14.7,0.8,7.88,6.53,5.43
Feb,26,15,1359,,1,1,1.0,14.4,11.96,,0.0,47.84,22.65,,0.0,8.03,14.7,0.8,7.88,6.53,5.43
Feb,26,16,1360,,1,1,1.0,15.6,12.49,,0.0,67.62,22.92,,0.0,11.7,14.7,0.8,7.88,6.53,5.43
Feb,26,17,1361,,1,1,1.0,14.4,12.61,,0.0,57.84,22.79,,0.0,9.71,14.7,0.8,7.88,6.53,5.43
Feb,26,18,1362,,1,1,1.0,7.8,11.93,,10.79,0.0,22.0,,3.51,0.0,14.7,0.8,7.88,6.53,5.43
Feb,26,19,1363,,1,1,1.0,3.3,11.4,,66.38,0.0,22.0,,23.84,0.0,14.7,0.8,7.88,6.53,5.43
Feb,26,20,1364,,1,1,1.0,2.2,11.2,,90.5,0.0,22.0,,33.32,0.0,14.7,0.8,7.88,6.53,5.43
Feb,26,21,1365,,1,1,1.0,1.1,10.99,,113.33,0.0,22.0,,42.8,0.0,14.7,0.8,7.88,6.53,5.43
Feb,26,22,1366,,1,1,0.77,1.1,11.2,,11.06,0.0,22.0,,4.18,0.0,0.0,0.61,6.04,6.53,4.16
Feb,26,23,1367,,1,1,0.77,1.1,11.12,,13.01,0.0,22.0,,4.91,0.0,0.0,0.61,6.04,6.53,4.16
Feb,26,24,1368,,1,1,0.77,0.0,10.95,,15.81,0.0,22.0,,6.13,0.0,0.0,0.61,6.04,6.53,4.16
Feb,27,1,1369,,1,1,0.77,1.1,10.94,,16.25,0.0,22.0,,6.14,0.0,0.0,0.61,6.04,6.53,4.16
Feb,27,2,1370,,1,1,0.77,0.6,10.83,,18.0,0.0,22.0,,6.88,0.0,0.0,0.61,6.04,6.53,4.16
Feb,27,3,1371,,1,1,0.77,0.0,10.7,,19.73,0.0,22.0,,7.65,0.0,0.0,0.61,6.04,6.53,4.16
Feb,27,4,1372,,1,1,0.77,0.0,10.6,,20.75,0.0,22.0,,8.04,0.0,0.0,0.61,6.04,6.53,4.16
Feb,27,5,1373,,1,1,0.77,0.0,10.52,,21.64,0.0,22.0,,8.39,0.0,0.0,0.61,6.04,6.53,4.16
Feb,27,6,1374,,1,1,0.77,0.6,10.48,,21.8,0.0,22.0,,8.33,0.0,0.0,0.61,6.04,6.53,4.16
Feb,27,7,1375,,1,1,1.0,1.7,10.06,,195.26,0.0,22.0,,72.71,0.0,14.7,0.8,7.88,6.53,5.43
Feb,27,8,1376,,1,1,1.0,3.3,10.41,,164.55,0.0,22.0,,59.09,0.0,14.7,0.8,7.88,6.53,5.43
Feb,27,9,1377,,1,1,1.0,5.0,10.69,,141.98,0.0,22.0,,49.13,0.0,14.7,0.8,7.88,6.53,5.43
Feb,27,10,1378,,1,1,1.0,7.8,11.16,,108.53,0.0,22.0,,35.3,0.0,14.7,0.8,7.88,6.53,5.43
Feb,27,11,1379,,1,1,1.0,11.1,11.91,,58.23,0.0,22.0,,17.66,0.0,14.7,0.8,7.88,6.53,5.43
Feb,27,12,1380,,1,1,1.0,13.3,12.69,,11.34,0.0,22.0,,3.29,0.0,14.7,0.8,7.88,6.53,5.43
Feb,27,13,1381,,1,1,1.0,15.0,13.36,,0.0,22.72,22.31,,0.0,3.87,14.7,0.8,7.88,6.53,5.43
Feb,27,14,1382,,1,1,1.0,15.6,13.98,,0.0,52.42,22.71,,0.0,9.07,14.7,0.8,7.88,6.53,5.43
Feb,27,15,1383,,1,1,1.0,15.0,14.26,,0.0,57.33,22.78,,0.0,9.77,14.7,0.8,7.88,6.53,5.43
Feb,27,16,1384,,1,1,1.0,13.3,14.27,,0.0,42.44,22.58,,0.0,6.93,14.7,0.8,7.88,6.53,5.43
Feb,27,17,1385,,1,1,1.0,12.2,14.29,,0.0,29.04,22.4,,0.0,4.62,14.7,0.8,7.88,6.53,5.43
Feb,27,18,1386,,1,1,1.0,11.1,14.22,,0.0,9.68,22.13,,0.0,1.5,14.7,0.8,7.88,6.53,5.43
Feb,27,19,1387,,1,1,1.0,9.4,14.08,,15.32,0.0,22.0,,4.82,0.0,14.7,0.8,7.88,6.53,5.43
Feb,27,20,1388,,1,1,1.0,8.3,13.97,,35.42,0.0,22.0,,11.4,0.0,14.7,0.8,7.88,6.53,5.43
Feb,27,21,1389,,1,1,1.0,7.2,13.83,,54.77,0.0,22.0,,18.04,0.0,14.7,0.8,7.88,6.53,5.43
Feb,27,22,1390,,1,1,0.77,6.7,13.92,,4.66,0.0,22.0,,1.55,0.0,0.0,0.61,6.04,6.53,4.16
Feb,27,23,1391,,1,1,0.77,5.6,13.8,,7.31,0.0,22.0,,2.5,0.0,0.0,0.61,6.04,6.53,4.16
Feb,27,24,1392,,1,1,0.77,4.4,13.66,,9.95,0.0,22.0,,3.49,0.0,0.0,0.61,6.04,6.53,4.16
Feb,28,1,1393,,1,1,0.77,3.3,13.5,,12.41,0.0,22.0,,4.46,0.0,0.0,0.61,6.04,6.53,4.16
Feb,28,2,1394,,1,1,0.77,3.9,13.47,,13.07,0.0,22.0,,4.63,0.0,0.0,0.61,6.04,6.53,4.16
Feb,28,3,1395,,1,1,0.77,3.9,13.4,,14.1,0.0,22.0,,5.0,0.0,0.0,0.61,6.04,6.53,4.16
Feb,28,4,1396,,1,1,0.77,2.2,13.19,,16.72,0.0,22.0,,6.16,0.0,0.0,0.61,6.04,6.53,4.16
Feb,28,5,1397,,1,1,0.77,1.1,13.0,,18.76,0.0,22.0,,7.08,0.0,0.0,0.61,6.04,6.53,4.16
Feb,28,6,1398,,1,1,0.77,1.1,12.89,,19.67,0.0,22.0,,7.43,0.0,0.0,0.61,6.04,6.53,4.16
Feb,28,7,1399,,1,1,1.0,1.7,12.27,,187.0,0.0,22.0,,69.64,0.0,14.7,0.8,7.88,6.53,5.43
Feb,28,8,1400,,1,1,1.0,3.3,12.54,,159.77,0.0,22.0,,57.38,0.0,14.7,0.8,7.88,6.53,5.43
Feb,28,9,1401,,1,1,1.0,5.6,12.9,,128.56,0.0,22.0,,43.88,0.0,14.7,0.8,7.88,6.53,5.43
Feb,28,10,1402,,1,1,1.0,8.9,13.47,,85.37,0.0,22.0,,27.12,0.0,14.7,0.8,7.88,6.53,5.43
Feb,28,11,1403,,1,1,1.0,10.0,13.81,,64.46,0.0,22.0,,20.02,0.0,14.7,0.8,7.88,6.53,5.43
Feb,28,12,1404,,1,1,1.0,8.3,13.94,,60.4,0.0,22.0,,19.43,0.0,14.7,0.8,7.88,6.53,5.43
Feb,28,13,1405,,1,1,1.0,8.3,14.19,,48.65,0.0,22.0,,15.65,0.0,14.7,0.8,7.88,6.53,5.43
Feb,28,14,1406,,1,1,1.0,8.3,14.49,,34.21,0.0,22.0,,11.01,0.0,14.7,0.8,7.88,6.53,5.43
Feb,28,15,1407,,1,1,1.0,5.0,14.06,,74.27,0.0,22.0,,25.7,0.0,14.7,0.8,7.88,6.53,5.43
Feb,28,16,1408,,1,1,1.0,0.6,13.44,,124.1,0.0,22.0,,47.42,0.0,14.7,0.8,7.88,6.53,5.43
Feb,28,17,1409,,1,1,1.0,0.6,13.28,,134.42,0.0,22.0,,51.36,0.0,14.7,0.8,7.88,6.53,5.43
Feb,28,18,1410,,1,1,1.0,0.6,13.11,,144.19,0.0,22.0,,55.09,0.0,14.7,0.8,7.88,6.53,5.43
Feb,28,19,1411,,1,1,1.0,0.6,12.95,,152.27,0.0,22.0,,58.18,0.0,14.7,0.8,7.88,6.53,5.43
Feb,28,20,1412,,1,1,1.0,0.6,12.8,,159.26,0.0,22.0,,60.85,0.0,14.7,0.8,7.88,6.53,5.43
Feb,28,21,1413,,1,1,1.0,0.6,12.65,,165.3,0.0,22.0,,63.16,0.0,14.7,0.8,7.88,6.53,5.43
Feb,28,22,1414,,1,1,0.77,1.7,13.01,,17.67,0.0,22.0,,6.58,0.0,0.0,0.61,6.04,6.53,4.16
Feb,28,23,1415,,1,1,0.77,2.8,12.99,,17.47,0.0,22.0,,6.34,0.0,0.0,0.61,6.04,6.53,4.16
Feb,28,24,1416,,1,1,0.77,3.9,13.0,,17.05,0.0,22.0,,6.04,0.0,0.0,0.61,6.04,6.53,4.16
Mar,1,1,1417,,1,1,0.77,5.0,13.03,,16.43,0.0,22.0,,5.69,0.0,0.0,0.61,6.04,6.53,3.76
Mar,1,2,1418,,1,1,0.77,6.1,13.08,,15.65,0.0,22.0,,5.28,0.0,0.0,0.61,6.04,6.53,3.76
Mar,1,3,1419,,1,1,0.77,7.2,13.15,,14.72,0.0,22.0,,4.85,0.0,0.0,0.61,6.04,6.53,3.76
Mar,1,4,1420,,1,1,0.77,8.3,13.24,,13.67,0.0,22.0,,4.4,0.0,0.0,0.61,6.04,6.53,3.76
Mar,1,5,1421,,1,1,0.77,5.6,13.03,,16.35,0.0,22.0,,5.58,0.0,0.0,0.61,6.04,6.53,3.76
Mar,1,6,1422,,1,1,0.77,4.4,12.9,,17.77,0.0,22.0,,6.23,0.0,0.0,0.61,6.04,6.53,3.76
Mar,1,7,1423,,1,1,1.0,4.4,12.43,,166.89,0.0,22.0,,58.5,0.0,14.7,0.8,7.88,6.53,4.91
Mar,1,8,1424,,1,1,1.0,6.1,12.79,,135.28,0.0,22.0,,45.66,0.0,14.7,0.8,7.88,6.53,4.91
Mar,1,9,1425,,1,1,1.0,7.2,13.06,,113.51,0.0,22.0,,37.4,0.0,14.7,0.8,7.88,6.53,4.91
Mar,1,10,1426,,1,1,1.0,11.1,13.85,,56.46,0.0,22.0,,17.12,0.0,14.7,0.8,7.88,6.53,4.91
Mar,1,11,1427,,1,1,1.0,12.8,14.41,,22.49,0.0,22.0,,6.58,0.0,14.7,0.8,7.88,6.53,4.91
Mar,1,12,1428,,1,1,1.0,15.0,15.2,,0.0,25.15,22.34,,0.0,4.28,14.7,0.8,7.88,6.53,4.91
Mar,1,13,1429,,1,1,1.0,14.4,15.58,,0.0,40.23,22.55,,0.0,6.75,14.7,0.8,7.88,6.53,4.91
Mar,1,14,1430,,1,1,1.0,14.4,15.98,,0.0,57.5,22.78,,0.0,9.65,14.7,0.8,7.88,6.53,4.91
Mar,1,15,1431,,1,1,1.0,14.4,16.14,,0.0,56.85,22.77,,0.0,9.54,14.7,0.8,7.88,6.53,4.91
Mar,1,16,1432,,1,1,1.0,13.3,16.15,,0.0,46.0,22.63,,0.0,7.51,14.7,0.8,7.88,6.53,4.91
Mar,1,17,1433,,1,1,1.0,12.2,16.1,,0.0,30.26,22.41,,0.0,4.82,14.7,0.8,7.88,6.53,4.91
Mar,1,18,1434,,1,1,1.0,11.7,16.08,,0.0,17.36,22.24,,0.0,2.73,14.7,0.8,7.88,6.53,4.91
Mar,1,19,1435,,1,1,1.0,2.8,14.98,,74.52,0.0,22.0,,27.06,0.0,14.7,0.8,7.88,6.53,4.91
Mar,1,20,1436,,1,1,1.0,-0.6,14.39,,120.08,0.0,22.0,,47.47,0.0,14.7,0.8,7.88,6.53,4.91
Mar,1,21,1437,,1,1,1.0,-1.7,14.03,,143.93,0.0,22.0,,59.06,0.0,14.7,0.8,7.88,6.53,4.91
Mar,1,22,1438,,1,1,0.77,-2.8,14.3,,15.91,0.0,22.0,,6.79,0.0,0.0,0.61,6.04,6.53,3.76
Mar,1,23,1439,,1,1,0.77,-3.9,14.0,,19.2,0.0,22.0,,8.52,0.0,0.0,0.61,6.04,6.53,3.76
Mar,1,24,1440,,1,1,0.77,-3.9,13.78,,21.19,0.0,22.0,,9.41,0.0,0.0,0.61,6.04,6.53,3.76
Mar,2,1,1441,,1,1,0.77,-4.4,13.51,,23.41,0.0,22.0,,10.59,0.0,0.0,0.61,6.04,6.53,3.76
Mar,2,2,1442,,1,1,0.77,-5.0,13.24,,25.55,0.0,22.0,,11.83,0.0,0.0,0.61,6.04,6.53,3.76
Mar,2,3,1443,,1,1,0.77,-5.0,13.01,,26.93,0.0,22.0,,12.47,0.0,0.0,0.61,6.04,6.53,3.76
Mar,2,4,1444,,1,1,0.77,-5.0,12.78,,28.12,0.0,22.0,,13.02,0.0,0.0,0.61,6.04,6.53,3.76
Mar,2,5,1445,,1,1,0.77,-5.0,12.56,,29.15,0.0,22.0,,13.5,0.0,0.0,0.61,6.04,6.53,3.76
Mar,2,6,1446,,1,1,0.77,-5.0,12.34,,30.04,0.0,22.0,,13.91,0.0,0.0,0.61,6.04,6.53,3.76
Mar,2,7,1447,,1,1,1.0,-5.0,11.27,,273.89,0.0,22.0,,128.46,0.0,14.7,0.8,7.88,6.53,4.91
Mar,2,8,1448,,1,1,1.0,-5.6,11.16,,264.32,0.0,22.0,,109.9,0.0,14.7,0.8,7.88,6.53,4.91
Mar,2,9,1449,,1,1,1.0,-3.9,11.16,,247.89,0.0,22.0,,110.06,0.0,14.7,0.8,7.88,6.53,4.91
Mar,2,10,1450,,1,1,1.0,-1.7,11.33,,221.2,0.0,22.0,,90.76,0.0,14.7,0.8,7.88,6.53,4.91
Mar,2,11,1451,,1,1,1.0,1.1,11.76,,179.44,0.0,22.0,,67.76,0.0,14.7,0.8,7.88,6.53,4.91
Mar,2,12,1452,,1,1,1.0,1.7,12.03,,153.18,0.0,22.0,,57.04,0.0,14.7,0.8,7.88,6.53,4.91
Mar,2,13,1453,,1,1,1.0,5.0,12.63,,106.09,0.0,22.0,,36.71,0.0,14.7,0.8,7.88,6.53,4.91
Mar,2,14,1454,,1,1,1.0,6.7,13.07,,76.43,0.0,22.0,,25.46,0.0,14.7,0.8,7.88,6.53,4.91
Mar,2,15,1455,,1,1,1.0,6.7,13.24,,70.04,0.0,22.0,,23.33,0.0,14.7,0.8,7.88,6.53,4.91
Mar,2,16,1456,,1,1,1.0,6.1,13.22,,77.31,0.0,22.0,,26.1,0.0,14.7,0.8,7.88,6.53,4.91
Mar,2,17,1457,,1,1,1.0,5.0,13.07,,93.92,0.0,22.0,,32.5,0.0,14.7,0.8,7.88,6.53,4.91
Mar,2,18,1458,,1,1,1.0,2.8,12.72,,122.61,0.0,22.0,,44.53,0.0,14.7,0.8,7.88,6.53,4.91
Mar,2,19,1459,,1,1,1.0,1.1,12.41,,145.69,0.0,22.0,,55.01,0.0,14.7,0.8,7.88,6.53,4.91
Mar,2,20,1460,,1,1,1.0,1.1,12.28,,152.67,0.0,22.0,,57.65,0.0,14.7,0.8,7.88,6.53,4.91
Mar,2,21,1461,,1,1,1.0,0.6,12.09,,163.41,0.0,22.0,,62.44,0.0,14.7,0.8,7.88,6.53,4.91
Mar,2,22,1462,,1,1,0.77,1.7,12.43,,17.38,0.0,22.0,,6.47,0.0,0.0,0.61,6.04,6.53,3.76
Mar,2,23,1463,,1,1,0.77,2.2,12.38,,17.83,0.0,22.0,,6.56,0.0,0.0,0.61,6.04,6.53,3.76
Mar,2,24,1464,,1,1,0.77,3.3,12.39,,17.5,0.0,22.0,,6.28,0.0,0.0,0.61,6.04,6.53,3.76
Mar,3,1,1465,,1,1,0.77,6.1,12.56,,15.24,0.0,22.0,,5.14,0.0,0.0,0.61,6.04,6.53,3.76
Mar,3,2,1466,,1,1,0.77,0.6,12.09,,21.05,0.0,22.0,,8.04,0.0,0.0,0.61,6.04,6.53,3.76
Mar,3,3,1467,,1,1,0.77,1.1,12.03,,21.25,0.0,22.0,,8.02,0.0,0.0,0.61,6.04,6.53,3.76
Mar,3,4,1468,,1,1,0.77,0.0,11.84,,22.93,0.0,22.0,,8.89,0.0,0.0,0.61,6.04,6.53,3.76
Mar,3,5,1469,,1,1,0.77,6.1,12.23,,17.35,0.0,22.0,,5.86,0.0,0.0,0.61,6.04,6.53,3.76
Mar,3,6,1470,,1,1,0.77,5.6,12.19,,17.81,0.0,22.0,,6.08,0.0,0.0,0.61,6.04,6.53,3.76
Mar,3,7,1471,,1,1,1.0,2.2,11.41,,193.0,0.0,22.0,,71.05,0.0,14.7,0.8,7.88,6.53,4.91
Mar,3,8,1472,,1,1,1.0,8.9,12.48,,107.34,0.0,22.0,,34.1,0.0,14.7,0.8,7.88,6.53,4.91
Mar,3,9,1473,,1,1,1.0,10.6,13.01,,71.44,0.0,22.0,,21.9,0.0,14.7,0.8,7.88,6.53,4.91
Mar,3,10,1474,,1,1,1.0,12.8,13.69,,27.52,0.0,22.0,,8.06,0.0,14.7,0.8,7.88,6.53,4.91
Mar,3,11,1475,,1,1,1.0,13.3,14.24,,0.0,1.77,22.02,,0.0,0.29,14.7,0.8,7.88,6.53,4.91
Mar,3,12,1476,,1,1,1.0,14.4,14.88,,0.0,34.32,22.47,,0.0,5.76,14.7,0.8,7.88,6.53,4.91
Mar,3,13,1477,,1,1,1.0,15.6,15.5,,0.0,66.52,22.91,,0.0,11.51,14.7,0.8,7.88,6.53,4.91
Mar,3,14,1478,,1,1,1.0,16.1,15.91,,0.0,83.31,23.13,,0.0,14.6,14.7,0.8,7.88,6.53,4.91
Mar,3,15,1479,,1,1,1.0,16.7,16.32,,0.0,100.59,23.37,,0.0,17.9,14.7,0.8,7.88,6.53,4.91
Mar,3,16,1480,,1,1,1.0,17.2,16.73,,0.0,117.93,23.61,,0.0,21.27,14.7,0.8,7.88,6.53,4.91
Mar,3,17,1481,,1,1,1.0,16.1,16.74,,0.0,106.64,23.45,,0.0,18.69,14.7,0.8,7.88,6.53,4.91
Mar,3,18,1482,,1,1,1.0,15.0,16.71,,0.0,92.56,23.26,,0.0,15.77,14.7,0.8,7.88,6.53,4.91
Mar,3,19,1483,,1,1,1.0,13.9,16.68,,0.0,78.17,23.06,,0.0,12.96,14.7,0.8,7.88,6.53,4.91
Mar,3,20,1484,,1,1,1.0,13.9,16.76,,0.0,72.51,22.99,,0.0,12.02,14.7,0.8,7.88,6.53,4.91
Mar,3,21,1485,,1,1,1.0,11.7,16.55,,0.0,46.29,22.63,,0.0,7.28,14.7,0.8,7.88,6.53,4.91
Mar,3,22,1486,,1,1,0.77,10.6,16.54,,0.0,0.0,22.78,,0.0,0.0,0.0,0.61,6.04,6.53,3.76
Mar,3,23,1487,,1,1,0.77,11.1,16.58,,0.0,0.0,22.7,,0.0,0.0,0.0,0.61,6.04,6.53,3.76
Mar,3,24,1488,,1,1,0.77,11.1,16.58,,0.0,0.0,22.59,,0.0,0.0,0.0,0.61,6.04,6.53,3.76
Mar,4,1,1489,,1,1,0.77,11.1,16.59,,0.0,0.0,22.48,,0.0,0.0,0.0,0.61,6.04,6.53,3.76
Mar,4,2,1490,,1,1,0.77,10.0,16.5,,0.0,0.0,22.29,,0.0,0.0,0.0,0.61,6.04,6.53,3.76
Mar,4,3,1491,,1,1,0.77,11.1,16.58,,0.0,0.0,22.26,,0.0,0.0,0.0,0.61,6.04,6.53,3.76
Mar,4,4,1492,,1,1,0.77,10.0,16.5,,0.0,0.0,22.07,,0.0,0.0,0.0,0.61,6.04,6.53,3.76
Mar,4,5,1493,,1,1,0.77,8.9,16.39,,1.7,0.0,22.0,,0.54,0.0,0.0,0.61,6.04,6.53,3.76
Mar,4,6,1494,,1,1,0.77,7.2,16.22,,4.86,0.0,22.0,,1.6,0.0,0.0,0.61,6.04,6.53,3.76
Mar,4,7,1495,,1,1,1.0,10.6,16.18,,55.36,0.0,22.0,,16.97,0.0,14.7,0.8,7.88,6.53,4.91
Mar,4,8,1496,,1,1,1.0,12.8,16.8,,13.02,0.0,22.0,,3.81,0.0,14.7,0.8,7.88,6.53,4.91
Mar,4,9,1497,,1,1,1.0,13.9,17.17,,0.0,6.55,22.09,,0.0,1.09,14.7,0.8,7.88,6.53,4.91
Mar,4,10,1498,,1,1,1.0,16.1,17.84,,0.0,46.83,22.64,,0.0,8.21,14.7,0.8,7.88,6.53,4.91
Mar,4,11,1499,,1,1,1.0,16.7,18.11,,0.0,58.58,22.8,,0.0,10.43,14.7,0.8,7.88,6.53,4.91
Mar,4,12,1500,,1,1,1.0,17.8,18.71,,0.0,93.81,23.28,,0.0,17.2,14.7,0.8,7.88,6.53,4.91
Mar,4,13,1501,,1,1,1.0,18.9,19.3,,0.0,129.05,23.76,,0.0,24.38,14.7,0.8,7.88,6.53,4.91
Mar,4,14,1502,,1,1,1.0,19.4,19.65,,0.0,146.55,24.0,,0.0,28.08,14.7,0.8,7.88,6.53,4.91
Mar,4,15,1503,,1,1,1.0,18.3,19.86,,0.0,154.16,24.0,,0.0,28.65,14.7,0.8,7.88,6.53,4.91
Mar,4,16,1504,,1,1,1.0,18.9,20.12,,0.0,165.49,24.0,,0.0,31.27,14.7,0.8,7.88,6.53,4.91
Mar,4,17,1505,,1,1,1.0,18.3,20.22,,0.0,162.89,24.0,,0.0,30.27,14.7,0.8,7.88,6.53,4.91
Mar,4,18,1506,,1,1,1.0,17.2,20.15,,0.0,149.05,24.0,,0.0,26.88,14.7,0.8,7.88,6.53,4.91
Mar,4,19,1507,,1,1,1.0,16.7,20.16,,0.0,142.63,23.94,,0.0,25.39,14.7,0.8,7.88,6.53,4.91
Mar,4,20,1508,,1,1,1.0,15.0,20.01,,0.0,124.42,23.69,,0.0,21.2,14.7,0.8,7.88,6.53,4.91
Mar,4,21,1509,,1,1,1.0,15.0,20.03,,0.0,119.6,23.63,,0.0,20.38,14.7,0.8,7.88,6.53,4.91
Mar,4,22,1510,,1,1,0.77,14.4,20.06,,0.0,0.0,23.75,,0.0,0.0,0.0,0.61,6.04,6.53,3.76
Mar,4,23,1511,,1,1,0.77,13.9,20.02,,0.0,0.0,23.65,,0.0,0.0,0.0,0.61,6.04,6.53,3.76
Mar,4,24,1512,,1,1,0.77,13.9,20.02,,0.0,0.0,23.57,,0.0,0.0,0.0,0.61,6.04,6.53,3.76
Mar,5,1,1513,,1,1,0.77,13.3,19.96,,0.0,0.0,23.45,,0.0,0.0,0.0,0.61,6.04,6.53,3.76
Mar,5,2,1514,,1,1,0.77,12.8,19.9,,0.0,0.0,23.33,,0.0,0.0,0.0,0.61,6.04,6.53,3.76
Mar,5,3,1515,,1,1,0.77,12.2,19.83,,0.0,0.0,23.19,,0.0,0.0,0.0,0.61,6.04,6.53,3.76
Mar,5,4,1516,,1,1,0.77,11.7,19.75,,0.0,0.0,23.05,,0.0,0.0,0.0,0.61,6.04,6.53,3.76
Mar,5,5,1517,,1,1,0.77,11.1,19.66,,0.0,0.0,22.9,,0.0,0.0,0.0,0.61,6.04,6.53,3.76
Mar,5,6,1518,,1,1,0.77,11.7,19.66,,0.0,0.0,22.84,,0.0,0.0,0.0,0.61,6.04,6.53,3.76
Mar,5,7,1519,,1,1,1.0,12.2,19.29,,0.0,18.84,22.26,,0.0,3.0,14.7,0.8,7.88,6.53,4.91
Mar,5,8,1520,,1,1,1.0,10.6,19.24,,0.0,9.64,22.13,,0.0,1.48,14.7,0.8,7.88,6.53,4.91
Mar,5,9,1521,,1,1,1.0,8.9,19.02,,11.83,0.0,22.0,,3.76,0.0,14.7,0.8,7.88,6.53,4.91
Mar,5,10,1522,,1,1,1.0,6.1,18.65,,42.81,0.0,22.0,,14.45,0.0,14.7,0.8,7.88,6.53,4.91
Mar,5,11,1523,,1,1,1.0,7.8,18.85,,27.99,0.0,22.0,,9.1,0.0,14.7,0.8,7.88,6.53,4.91
Mar,5,12,1524,,1,1,1.0,7.8,18.84,,31.05,0.0,22.0,,10.1,0.0,14.7,0.8,7.88,6.53,4.91
Mar,5,13,1525,,1,1,1.0,7.2,18.89,,28.7,0.0,22.0,,9.46,0.0,14.7,0.8,7.88,6.53,4.91
Mar,5,14,1526,,1,1,1.0,3.9,18.39,,67.16,0.0,22.0,,23.8,0.0,14.7,0.8,7.88,6.53,4.91
Mar,5,15,1527,,1,1,1.0,0.6,17.81,,106.66,0.0,22.0,,40.75,0.0,14.7,0.8,7.88,6.53,4.91
Mar,5,16,1528,,1,1,1.0,1.7,17.74,,105.44,0.0,22.0,,39.26,0.0,14.7,0.8,7.88,6.53,4.91
Mar,5,17,1529,,1,1,1.0,2.2,17.57,,111.11,0.0,22.0,,40.9,0.0,14.7,0.8,7.88,6.53,4.91
Mar,5,18,1530,,1,1,1.0,2.2,17.33,,121.49,0.0,22.0,,44.72,0.0,14.7,0.8,7.88,6.53,4.91
Mar,5,19,1531,,1,1,1.0,2.2,17.11,,129.78,0.0,22.0,,47.78,0.0,14.7,0.8,7.88,6.53,4.91
Mar,5,20,1532,,1,1,1.0,1.7,16.83,,141.65,0.0,22.0,,52.75,0.0,14.7,0.8,7.88,6.53,4.91
Mar,5,21,1533,,1,1,1.0,1.7,16.6,,148.1,0.0,22.0,,55.15,0.0,14.7,0.8,7.88,6.53,4.91
Mar,5,22,1534,,1,1,0.77,1.7,16.95,,16.53,0.0,22.0,,6.16,0.0,0.0,0.61,6.04,6.53,3.76
Mar,5,23,1535,,1,1,0.77,1.7,16.77,,17.6,0.0,22.0,,6.55,0.0,0.0,0.61,6.04,6.53,3.76
Mar,5,24,1536,,1,1,0.77,1.7,16.6,,18.52,0.0,22.0,,6.9,0.0,0.0,0.61,6.04,6.53,3.76
Mar,6,1,1537,,1,1,0.77,1.7,16.43,,19.32,0.0,22.0,,7.19,0.0,0.0,0.61,6.04,6.53,3.76
Mar,6,2,1538,,1,1,0.77,1.7,16.26,,20.02,0.0,22.0,,7.46,0.0,0.0,0.61,6.04,6.53,3.76
Mar,6,3,1539,,1,1,0.77,1.1,16.05,,21.22,0.0,22.0,,8.01,0.0,0.0,0.61,6.04,6.53,3.76
Mar,6,4,1540,,1,1,0.77,0.6,15.84,,22.3,0.0,22.0,,8.52,0.0,0.0,0.61,6.04,6.53,3.76
Mar,6,5,1541,,1,1,0.77,0.0,15.61,,23.45,0.0,22.0,,9.09,0.0,0.0,0.61,6.04,6.53,3.76
Mar,6,6,1542,,1,1,0.77,-1.1,15.34,,25.08,0.0,22.0,,10.08,0.0,0.0,0.61,6.04,6.53,3.76
Mar,6,7,1543,,1,1,1.0,-1.1,14.34,,230.02,0.0,22.0,,92.47,0.0,14.7,0.8,7.88,6.53,4.91
Mar,6,8,1544,,1,1,1.0,-1.1,14.3,,215.65,0.0,22.0,,86.69,0.0,14.7,0.8,7.88,6.53,4.91
Mar,6,9,1545,,1,1,1.0,-1.1,14.18,,209.0,0.0,22.0,,84.02,0.0,14.7,0.8,7.88,6.53,4.91
Mar,6,10,1546,,1,1,1.0,-2.8,13.89,,215.77,0.0,22.0,,92.02,0.0,14.7,0.8,7.88,6.53,4.91
Mar,6,11,1547,,1,1,1.0,-0.6,14.27,,172.98,0.0,22.0,,68.38,0.0,14.7,0.8,7.88,6.53,4.91
Mar,6,12,1548,,1,1,1.0,1.7,14.68,,133.73,0.0,22.0,,49.8,0.0,14.7,0.8,7.88,6.53,4.91
Mar,6,13,1549,,1,1,1.0,2.8,15.03,,103.02,0.0,22.0,,37.41,0.0,14.7,0.8,7.88,6.53,4.91
Mar,6,14,1550,,1,1,1.0,3.9,15.34,,78.47,0.0,22.0,,27.81,0.0,14.7,0.8,7.88,6.53,4.91
Mar,6,15,1551,,1,1,1.0,5.0,15.58,,62.74,0.0,22.0,,21.71,0.0,14.7,0.8,7.88,6.53,4.91
Mar,6,16,1552,,1,1,1.0,5.0,15.64,,61.28,0.0,22.0,,21.2,0.0,14.7,0.8,7.88,6.53,4.91
Mar,6,17,1553,,1,1,1.0,2.8,15.31,,88.66,0.0,22.0,,32.2,0.0,14.7,0.8,7.88,6.53,4.91
Mar,6,18,1554,,1,1,1.0,1.1,14.89,,118.91,0.0,22.0,,44.9,0.0,14.7,0.8,7.88,6.53,4.91
Mar,6,19,1555,,1,1,1.0,0.6,14.64,,134.25,0.0,22.0,,51.3,0.0,14.7,0.8,7.88,6.53,4.91
Mar,6,20,1556,,1,1,1.0,0.0,14.37,,149.32,0.0,22.0,,57.88,0.0,14.7,0.8,7.88,6.53,4.91
Mar,6,21,1557,,1,1,1.0,-0.6,14.09,,163.43,0.0,22.0,,64.61,0.0,14.7,0.8,7.88,6.53,4.91
Mar,6,22,1558,,1,1,0.77,-0.6,14.42,,18.11,0.0,22.0,,7.16,0.0,0.0,0.61,6.04,6.53,3.76
Mar,6,23,1559,,1,1,0.77,-0.6,14.25,,19.49,0.0,22.0,,7.7,0.0,0.0,0.61,6.04,6.53,3.76
Mar,6,24,1560,,1,1,0.77,-1.7,13.99,,21.8,0.0,22.0,,8.94,0.0,0.0,0.61,6.04,6.53,3.76
Mar,7,1,1561,,1,1,0.77,-1.7,13.81,,22.93,0.0,22.0,,9.41,0.0,0.0,0.61,6.04,6.53,3.76
Mar,7,2,1562,,1,1,0.77,-2.8,13.54,,25.02,0.0,22.0,,10.67,0.0,0.0,0.61,6.04,6.53,3.76
Mar,7,3,1563,,1,1,0.77,-3.3,13.3,,26.48,0.0,22.0,,11.5,0.0,0.0,0.61,6.04,6.53,3.76
Mar,7,4,1564,,1,1,0.77,-2.8,13.14,,26.83,0.0,22.0,,11.44,0.0,0.0,0.61,6.04,6.53,3.76
Mar,7,5,1565,,1,1,0.77,-3.9,12.86,,28.65,0.0,22.0,,12.72,0.0,0.0,0.61,6.04,6.53,3.76
Mar,7,6,1566,,1,1,0.77,-4.4,12.61,,29.86,0.0,22.0,,13.51,0.0,0.0,0.61,6.04,6.53,3.76
Mar,7,7,1567,,1,1,1.0,-4.4,11.58,,269.11,0.0,22.0,,121.75,0.0,14.7,0.8,7.88,6.53,4.91
Mar,7,8,1568,,1,1,1.0,-3.9,11.64,,247.13,0.0,22.0,,109.72,0.0,14.7,0.8,7.88,6.53,4.91
Mar,7,9,1569,,1,1,1.0,-2.2,11.9,,213.36,0.0,22.0,,89.08,0.0,14.7,0.8,7.88,6.53,4.91
Mar,7,10,1570,,1,1,1.0,0.6,12.45,,162.17,0.0,22.0,,61.96,0.0,14.7,0.8,7.88,6.53,4.91
Mar,7,11,1571,,1,1,1.0,2.2,12.86,,127.33,0.0,22.0,,46.87,0.0,14.7,0.8,7.88,6.53,4.91
Mar,7,12,1572,,1,1,1.0,2.2,13.09,,109.63,0.0,22.0,,40.36,0.0,14.7,0.8,7.88,6.53,4.91
Mar,7,13,1573,,1,1,1.0,3.9,13.57,,75.09,0.0,22.0,,26.61,0.0,14.7,0.8,7.88,6.53,4.91
Mar,7,14,1574,,1,1,1.0,5.0,13.96,,51.98,0.0,22.0,,17.99,0.0,14.7,0.8,7.88,6.53,4.91
Mar,7,15,1575,,1,1,1.0,5.0,14.14,,45.48,0.0,22.0,,15.74,0.0,14.7,0.8,7.88,6.53,4.91
Mar,7,16,1576,,1,1,1.0,5.0,14.25,,45.67,0.0,22.0,,15.8,0.0,14.7,0.8,7.88,6.53,4.91
Mar,7,17,1577,,1,1,1.0,3.9,14.12,,63.09,0.0,22.0,,22.36,0.0,14.7,0.8,7.88,6.53,4.91
Mar,7,18,1578,,1,1,1.0,2.8,13.83,,89.62,0.0,22.0,,32.55,0.0,14.7,0.8,7.88,6.53,4.91
Mar,7,19,1579,,1,1,1.0,1.1,13.49,,117.2,0.0,22.0,,44.26,0.0,14.7,0.8,7.88,6.53,4.91
Mar,7,20,1580,,1,1,1.0,1.1,13.34,,128.04,0.0,22.0,,48.35,0.0,14.7,0.8,7.88,6.53,4.91
Mar,7,21,1581,,1,1,1.0,1.1,13.18,,137.41,0.0,22.0,,51.89,0.0,14.7,0.8,7.88,6.53,4.91
Mar,7,22,1582,,1,1,0.77,0.6,13.41,,15.22,0.0,22.0,,5.82,0.0,0.0,0.61,6.04,6.53,3.76
Mar,7,23,1583,,1,1,0.77,-1.1,13.14,,18.44,0.0,22.0,,7.41,0.0,0.0,0.61,6.04,6.53,3.76
Mar,7,24,1584,,1,1,0.77,-1.1,12.98,,19.89,0.0,22.0,,8.0,0.0,0.0,0.61,6.04,6.53,3.76
Mar,8,1,1585,,1,1,0.77,-0.6,12.87,,20.64,0.0,22.0,,8.16,0.0,0.0,0.61,6.04,6.53,3.76
Mar,8,2,1586,,1,1,0.77,1.1,12.87,,19.96,0.0,22.0,,7.54,0.0,0.0,0.61,6.04,6.53,3.76
Mar,8,3,1587,,1,1,0.77,0.6,12.71,,21.2,0.0,22.0,,8.1,0.0,0.0,0.61,6.04,6.53,3.76
Mar,8,4,1588,,1,1,0.77,0.0,12.55,,22.5,0.0,22.0,,8.72,0.0,0.0,0.61,6.04,6.53,3.76
Mar,8,5,1589,,1,1,0.77,0.0,12.42,,23.15,0.0,22.0,,8.97,0.0,0.0,0.61,6.04,6.53,3.76
Mar,8,6,1590,,1,1,0.77,0.6,12.35,,23.1,0.0,22.0,,8.83,0.0,0.0,0.61,6.04,6.53,3.76
Mar,8,7,1591,,1,1,1.0,1.1,11.75,,205.64,0.0,22.0,,77.65,0.0,14.7,0.8,7.88,6.53,4.91
Mar,8,8,1592,,1,1,1.0,2.8,12.18,,164.6,0.0,22.0,,59.78,0.0,14.7,0.8,7.88,6.53,4.91
Mar,8,9,1593,,1,1,1.0,3.9,12.51,,135.78,0.0,22.0,,48.12,0.0,14.7,0.8,7.88,6.53,4.91
Mar,8,10,1594,,1,1,1.0,5.0,12.92,,104.16,0.0,22.0,,36.04,0.0,14.7,0.8,7.88,6.53,4.91
Mar,8,11,1595,,1,1,1.0,6.1,13.38,,72.52,0.0,22.0,,24.48,0.0,14.7,0.8,7.88,6.53,4.91
Mar,8,12,1596,,1,1,1.0,6.7,13.72,,53.17,0.0,22.0,,17.71,0.0,14.7,0.8,7.88,6.53,4.91
Mar,8,13,1597,,1,1,1.0,7.8,14.08,,34.14,0.0,22.0,,11.1,0.0,14.7,0.8,7.88,6.53,4.91
Mar,8,14,1598,,1,1,1.0,7.8,14.39,,20.87,0.0,22.0,,6.79,0.0,14.7,0.8,7.88,6.53,4.91
Mar,8,15,1599,,1,1,1.0,7.2,14.52,,22.6,0.0,22.0,,7.45,0.0,14.7,0.8,7.88,6.53,4.91
Mar,8,16,1600,,1,1,1.0,7.2,14.66,,22.51,0.0,22.0,,7.42,0.0,14.7,0.8,7.88,6.53,4.91
Mar,8,17,1601,,1,1,1.0,5.6,14.46,,47.3,0.0,22.0,,16.15,0.0,14.7,0.8,7.88,6.53,4.91
Mar,8,18,1602,,1,1,1.0,3.3,14.07,,83.28,0.0,22.0,,29.91,0.0,14.7,0.8,7.88,6.53,4.91
Mar,8,19,1603,,1,1,1.0,2.8,13.89,,99.5,0.0,22.0,,36.13,0.0,14.7,0.8,7.88,6.53,4.91
Mar,8,20,1604,,1,1,1.0,2.2,13.69,,115.33,0.0,22.0,,42.46,0.0,14.7,0.8,7.88,6.53,4.91
Mar,8,21,1605,,1,1,1.0,1.7,13.49,,129.15,0.0,22.0,,48.09,0.0,14.7,0.8,7.88,6.53,4.91
Mar,8,22,1606,,1,1,0.77,0.0,13.61,,15.38,0.0,22.0,,5.96,0.0,0.0,0.61,6.04,6.53,3.76
Mar,8,23,1607,,1,1,0.77,-1.7,13.32,,18.71,0.0,22.0,,7.68,0.0,0.0,0.61,6.04,6.53,3.76
Mar,8,24,1608,,1,1,0.77,-4.4,12.93,,23.0,0.0,22.0,,10.41,0.0,0.0,0.61,6.04,6.53,3.76
Mar,9,1,1609,,1,1,0.77,-2.8,12.84,,22.96,0.0,22.0,,9.79,0.0,0.0,0.61,6.04,6.53,3.76
Mar,9,2,1610,,1,1,0.77,-3.3,12.62,,24.69,0.0,22.0,,10.72,0.0,0.0,0.61,6.04,6.53,3.76
Mar,9,3,1611,,1,1,0.77,-3.9,12.38,,26.41,0.0,22.0,,11.73,0.0,0.0,0.61,6.04,6.53,3.76
Mar,9,4,1612,,1,1,0.77,-4.4,12.14,,27.92,0.0,22.0,,12.63,0.0,0.0,0.61,6.04,6.53,3.76
Mar,9,5,1613,,1,1,0.77,-3.9,11.98,,28.34,0.0,22.0,,12.58,0.0,0.0,0.61,6.04,6.53,3.76
Mar,9,6,1614,,1,1,0.77,-3.3,11.85,,28.48,0.0,22.0,,12.37,0.0,0.0,0.61,6.04,6.53,3.76
Mar,9,7,1615,,1,1,1.0,-3.3,10.96,,255.62,0.0,22.0,,111.0,0.0,14.7,0.8,7.88,6.53,4.91
Mar,9,8,1616,,1,1,1.0,-0.6,11.44,,205.72,0.0,22.0,,81.33,0.0,14.7,0.8,7.88,6.53,4.91
Mar,9,9,1617,,1,1,1.0,3.9,12.13,,145.75,0.0,22.0,,51.65,0.0,14.7,0.8,7.88,6.53,4.91
Mar,9,10,1618,,1,1,1.0,7.2,12.84,,91.9,0.0,22.0,,30.28,0.0,14.7,0.8,7.88,6.53,4.91
Mar,9,11,1619,,1,1,1.0,10.6,13.65,,36.48,0.0,22.0,,11.18,0.0,14.7,0.8,7.88,6.53,4.91
Mar,9,12,1620,,1,1,1.0,13.3,14.42,,0.0,10.27,22.14,,0.0,1.68,14.7,0.8,7.88,6.53,4.91
Mar,9,13,1621,,1,1,1.0,15.0,15.12,,0.0,48.07,22.65,,0.0,8.19,14.7,0.8,7.88,6.53,4.91
Mar,9,14,1622,,1,1,1.0,14.4,15.51,,0.0,62.77,22.85,,0.0,10.53,14.7,0.8,7.88,6.53,4.91
Mar,9,15,1623,,1,1,1.0,15.0,15.95,,0.0,82.22,23.12,,0.0,14.01,14.7,0.8,7.88,6.53,4.91
Mar,9,16,1624,,1,1,1.0,14.4,16.17,,0.0,85.11,23.16,,0.0,14.28,14.7,0.8,7.88,6.53,4.91
Mar,9,17,1625,,1,1,1.0,12.8,16.14,,0.0,70.79,22.96,,0.0,11.43,14.7,0.8,7.88,6.53,4.91
Mar,9,18,1626,,1,1,1.0,10.6,15.89,,0.0,39.79,22.54,,0.0,6.1,14.7,0.8,7.88,6.53,4.91
Mar,9,19,1627,,1,1,1.0,9.4,15.75,,0.0,17.83,22.24,,0.0,2.66,14.7,0.8,7.88,6.53,4.91
Mar,9,20,1628,,1,1,1.0,8.3,15.6,,4.78,0.0,22.0,,1.54,0.0,14.7,0.8,7.88,6.53,4.91
Mar,9,21,1629,,1,1,1.0,6.7,15.36,,32.98,0.0,22.0,,10.99,0.0,14.7,0.8,7.88,6.53,4.91
Mar,9,22,1630,,1,1,0.77,6.1,15.49,,1.3,0.0,22.0,,0.44,0.0,0.0,0.61,6.04,6.53,3.76
Mar,9,23,1631,,1,1,0.77,6.7,15.47,,2.82,0.0,22.0,,0.94,0.0,0.0,0.61,6.04,6.53,3.76
Mar,9,24,1632,,1,1,0.77,7.2,15.46,,4.1,0.0,22.0,,1.35,0.0,0.0,0.61,6.04,6.53,3.76
Mar,10,1,1633,,1,1,0.77,7.8,15.46,,4.99,0.0,22.0,,1.62,0.0,0.0,0.61,6.04,6.53,3.76
Mar,10,2,1634,,1,1,0.77,8.3,15.47,,5.72,0.0,22.0,,1.84,0.0,0.0,0.61,6.04,6.53,3.76
Mar,10,3,1635,,1,1,0.77,8.9,15.5,,6.14,0.0,22.0,,1.95,0.0,0.0,0.61,6.04,6.53,3.76
Mar,10,4,1636,,1,1,0.77,8.3,15.43,,7.58,0.0,22.0,,2.44,0.0,0.0,0.61,6.04,6.53,3.76
Mar,10,5,1637,,1,1,0.77,7.8,15.36,,8.86,0.0,22.0,,2.88,0.0,0.0,0.61,6.04,6.53,3.76
Mar,10,6,1638,,1,1,0.77,8.3,15.37,,9.07,0.0,22.0,,2.92,0.0,0.0,0.61,6.04,6.53,3.76
Mar,10,7,1639,,1,1,1.0,8.9,15.09,,98.58,0.0,22.0,,31.32,0.0,14.7,0.8,7.88,6.53,4.91
Mar,10,8,1640,,1,1,1.0,10.6,15.54,,63.94,0.0,22.0,,19.6,0.0,14.7,0.8,7.88,6.53,4.91
Mar,10,9,1641,,1,1,1.0,13.3,16.16,,21.84,0.0,22.0,,6.33,0.0,14.7,0.8,7.88,6.53,4.91
Mar,10,10,1642,,1,1,1.0,16.1,16.88,,0.0,23.67,22.32,,0.0,4.15,14.7,0.8,7.88,6.53,4.91
Mar,10,11,1643,,1,1,1.0,17.2,17.5,,0.0,59.42,22.81,,0.0,10.72,14.7,0.8,7.88,6.53,4.91
Mar,10,12,1644,,1,1,1.0,18.3,18.14,,0.0,96.74,23.32,,0.0,17.98,14.7,0.8,7.88,6.53,4.91
Mar,10,13,1645,,1,1,1.0,18.9,18.67,,0.0,126.51,23.72,,0.0,23.9,14.7,0.8,7.88,6.53,4.91
Mar,10,14,1646,,1,1,1.0,19.4,19.16,,0.0,153.85,24.0,,0.0,29.48,14.7,0.8,7.88,6.53,4.91
Mar,10,15,1647,,1,1,1.0,19.4,19.55,,0.0,172.5,24.0,,0.0,33.05,14.7,0.8,7.88,6.53,4.91
Mar,10,16,1648,,1,1,1.0,18.3,19.71,,0.0,173.04,24.0,,0.0,32.15,14.7,0.8,7.88,6.53,4.91
Mar,10,17,1649,,1,1,1.0,17.8,19.81,,0.0,169.07,24.0,,0.0,30.99,14.7,0.8,7.88,6.53,4.91
Mar,10,18,1650,,1,1,1.0,15.0,19.52,,0.0,137.08,23.87,,0.0,23.35,14.7,0.8,7.88,6.53,4.91
Mar,10,19,1651,,1,1,1.0,12.8,19.27,,0.0,111.24,23.51,,0.0,17.96,14.7,0.8,7.88,6.53,4.91
Mar,10,20,1652,,1,1,1.0,11.1,19.04,,0.0,86.8,23.18,,0.0,13.46,14.7,0.8,7.88,6.53,4.91
Mar,10,21,1653,,1,1,1.0,10.6,18.93,,0.0,71.21,22.97,,0.0,10.92,14.7,0.8,7.88,6.53,4.91
Mar,10,22,1654,,1,1,0.77,10.6,19.1,,0.0,0.0,23.24,,0.0,0.0,0.0,0.61,6.04,6.53,3.76
Mar,10,23,1655,,1,1,0.77,10.6,19.05,,0.0,0.0,23.12,,0.0,0.0,0.0,0.61,6.04,6.53,3.76
Mar,10,24,1656,,1,1,0.77,9.4,18.9,,0.0,0.0,22.89,,0.0,0.0,0.0,0.61,6.04,6.53,3.76
Mar,11,1,1657,,1,1,0.77,8.3,18.74,,0.0,0.0,22.66,,0.0,0.0,0.0,0.61,6.04,6.53,3.76
Mar,11,2,1658,,1,1,0.77,8.9,18.7,,0.0,0.0,22.55,,0.0,0.0,0.0,0.61,6.04,6.53,3.76
Mar,11,3,1659,,1,1,0.77,8.3,18.58,,0.0,0.0,22.35,,0.0,0.0,0.0,0.61,6.04,6.53,3.76
Mar,11,4,1660,,1,1,0.77,6.7,18.36,,0.0,0.0,22.07,,0.0,0.0,0.0,0.61,6.04,6.53,3.76
Mar,11,5,1661,,1,1,0.77,8.3,18.39,,0.0,0.0,22.02,,0.0,0.0,0.0,0.61,6.04,6.53,3.76
Mar,11,6,1662,,1,1,0.77,6.1,18.13,,3.78,0.0,22.0,,1.28,0.0,0.0,0.61,6.04,6.53,3.76
Mar,11,7,1663,,1,1,1.0,5.6,17.37,,93.11,0.0,22.0,,31.78,0.0,14.7,0.8,7.88,6.53,4.91
Mar,11,8,1664,,1,1,1.0,11.7,18.33,,18.28,0.0,22.0,,5.47,0.0,14.7,0.8,7.88,6.53,4.91
Mar,11,9,1665,,1,1,1.0,13.3,18.79,,0.0,11.35,22.15,,0.0,1.85,14.7,0.8,7.88,6.53,4.91
Mar,11,10,1666,,1,1,1.0,15.6,19.39,,0.0,49.32,22.67,,0.0,8.53,14.7,0.8,7.88,6.53,4.91
Mar,11,11,1667,,1,1,1.0,16.7,19.92,,0.0,81.95,23.12,,0.0,14.59,14.7,0.8,7.88,6.53,4.91
Mar,11,12,1668,,1,1,1.0,16.7,20.33,,0.0,106.39,23.45,,0.0,18.94,14.7,0.8,7.88,6.53,4.91
Mar,11,13,1669,,1,1,1.0,16.7,20.62,,0.0,122.02,23.66,,0.0,21.72,14.7,0.8,7.88,6.53,4.91
Mar,11,14,1670,,1,1,1.0,18.3,21.24,,0.0,162.3,24.0,,0.0,30.16,14.7,0.8,7.88,6.53,4.91
Mar,11,15,1671,,1,1,1.0,18.3,21.36,,0.0,164.48,24.0,,0.0,30.56,14.7,0.8,7.88,6.53,4.91
Mar,11,16,1672,,1,1,1.0,15.6,21.24,,0.0,148.51,24.0,,0.0,25.69,14.7,0.8,7.88,6.53,4.91
Mar,11,17,1673,,1,1,1.0,14.4,21.12,,0.0,134.06,23.83,,0.0,22.5,14.7,0.8,7.88,6.53,4.91
Mar,11,18,1674,,1,1,1.0,12.8,20.87,,0.0,111.45,23.52,,0.0,17.99,14.7,0.8,7.88,6.53,4.91
Mar,11,19,1675,,1,1,1.0,7.8,20.18,,0.0,55.94,22.76,,0.0,8.07,14.7,0.8,7.88,6.53,4.91
Mar,11,20,1676,,1,1,1.0,3.9,19.53,,0.0,3.19,22.04,,0.0,0.42,14.7,0.8,7.88,6.53,4.91
Mar,11,21,1677,,1,1,1.0,2.8,19.15,,28.92,0.0,22.0,,10.5,0.0,14.7,0.8,7.88,6.53,4.91
Mar,11,22,1678,,1,1,0.77,3.9,19.62,,0.0,0.0,22.19,,0.0,0.0,0.0,0.61,6.04,6.53,3.76
Mar,11,23,1679,,1,1,0.77,4.4,19.48,,0.04,0.0,22.0,,0.01,0.0,0.0,0.61,6.04,6.53,3.76
Mar,11,24,1680,,1,1,0.77,3.3,19.22,,3.84,0.0,22.0,,1.38,0.0,0.0,0.61,6.04,6.53,3.76
Mar,12,1,1681,,1,1,0.77,1.7,18.9,,7.88,0.0,22.0,,2.93,0.0,0.0,0.61,6.04,6.53,3.76
Mar,12,2,1682,,1,1,0.77,2.8,18.77,,9.01,0.0,22.0,,3.27,0.0,0.0,0.61,6.04,6.53,3.76
Mar,12,3,1683,,1,1,0.77,0.6,18.4,,13.07,0.0,22.0,,4.99,0.0,0.0,0.61,6.04,6.53,3.76
Mar,12,4,1684,,1,1,0.77,0.0,18.13,,15.47,0.0,22.0,,6.0,0.0,0.0,0.61,6.04,6.53,3.76
Mar,12,5,1685,,1,1,0.77,-0.6,17.85,,17.68,0.0,22.0,,6.99,0.0,0.0,0.61,6.04,6.53,3.76
Mar,12,6,1686,,1,1,0.77,-1.1,17.57,,19.62,0.0,22.0,,7.89,0.0,0.0,0.61,6.04,6.53,3.76
Mar,12,7,1687,,1,1,1.0,-1.1,16.44,,202.11,0.0,22.0,,81.25,0.0,14.7,0.8,7.88,6.53,4.91
Mar,12,8,1688,,1,1,1.0,2.2,16.87,,152.55,0.0,22.0,,56.16,0.0,14.7,0.8,7.88,6.53,4.91
Mar,12,9,1689,,1,1,1.0,5.6,17.35,,105.9,0.0,22.0,,36.15,0.0,14.7,0.8,7.88,6.53,4.91
Mar,12,10,1690,,1,1,1.0,7.2,17.74,,71.75,0.0,22.0,,23.64,0.0,14.7,0.8,7.88,6.53,4.91
Mar,12,11,1691,,1,1,1.0,8.3,18.12,,41.72,0.0,22.0,,13.42,0.0,14.7,0.8,7.88,6.53,4.91
Mar,12,12,1692,,1,1,1.0,9.4,18.51,,14.4,0.0,22.0,,4.53,0.0,14.7,0.8,7.88,6.53,4.91
Mar,12,13,1693,,1,1,1.0,9.4,18.78,,0.0,1.68,22.02,,0.0,0.25,14.7,0.8,7.88,6.53,4.91
Mar,12,14,1694,,1,1,1.0,9.4,19.0,,0.0,11.93,22.16,,0.0,1.78,14.7,0.8,7.88,6.53,4.91
Mar,12,15,1695,,1,1,1.0,9.4,19.14,,0.0,16.54,22.23,,0.0,2.47,14.7,0.8,7.88,6.53,4.91
Mar,12,16,1696,,1,1,1.0,8.3,19.04,,0.0,3.26,22.04,,0.0,0.48,14.7,0.8,7.88,6.53,4.91
Mar,12,17,1697,,1,1,1.0,7.2,18.82,,18.3,0.0,22.0,,6.03,0.0,14.7,0.8,7.88,6.53,4.91
Mar,12,18,1698,,1,1,1.0,3.9,18.23,,64.48,0.0,22.0,,22.85,0.0,14.7,0.8,7.88,6.53,4.91
Mar,12,19,1699,,1,1,1.0,2.2,17.81,,93.44,0.0,22.0,,34.4,0.0,14.7,0.8,7.88,6.53,4.91
Mar,12,20,1700,,1,1,1.0,1.7,17.51,,110.23,0.0,22.0,,41.05,0.0,14.7,0.8,7.88,6.53,4.91
Mar,12,21,1701,,1,1,1.0,1.1,17.2,,126.58,0.0,22.0,,47.8,0.0,14.7,0.8,7.88,6.53,4.91
Mar,12,22,1702,,1,1,0.77,0.0,17.48,,14.19,0.0,22.0,,5.5,0.0,0.0,0.61,6.04,6.53,3.76
Mar,12,23,1703,,1,1,0.77,0.0,17.26,,15.96,0.0,22.0,,6.19,0.0,0.0,0.61,6.04,6.53,3.76
Mar,12,24,1704,,1,1,0.77,-0.6,17.0,,18.1,0.0,22.0,,7.16,0.0,0.0,0.61,6.04,6.53,3.76
Mar,13,1,1705,,1,1,0.77,-1.7,16.69,,20.6,0.0,22.0,,8.45,0.0,0.0,0.61,6.04,6.53,3.76
Mar,13,2,1706,,1,1,0.77,-2.2,16.41,,22.4,0.0,22.0,,9.35,0.0,0.0,0.61,6.04,6.53,3.76
Mar,13,3,1707,,1,1,0.77,-2.8,16.12,,24.17,0.0,22.0,,10.31,0.0,0.0,0.61,6.04,6.53,3.76
Mar,13,4,1708,,1,1,0.77,-3.3,15.84,,25.74,0.0,22.0,,11.18,0.0,0.0,0.61,6.04,6.53,3.76
Mar,13,5,1709,,1,1,0.77,-3.3,15.59,,26.7,0.0,22.0,,11.59,0.0,0.0,0.61,6.04,6.53,3.76
Mar,13,6,1710,,1,1,0.77,-3.3,15.35,,27.54,0.0,22.0,,11.96,0.0,0.0,0.61,6.04,6.53,3.76
Mar,13,7,1711,,1,1,1.0,-2.2,14.37,,240.55,0.0,22.0,,100.43,0.0,14.7,0.8,7.88,6.53,4.91
Mar,13,8,1712,,1,1,1.0,3.9,15.23,,158.28,0.0,22.0,,56.09,0.0,14.7,0.8,7.88,6.53,4.91
Mar,13,9,1713,,1,1,1.0,5.6,15.59,,122.39,0.0,22.0,,41.78,0.0,14.7,0.8,7.88,6.53,4.91
Mar,13,10,1714,,1,1,1.0,7.2,16.02,,85.86,0.0,22.0,,28.29,0.0,14.7,0.8,7.88,6.53,4.91
Mar,13,11,1715,,1,1,1.0,8.9,16.52,,48.11,0.0,22.0,,15.29,0.0,14.7,0.8,7.88,6.53,4.91
Mar,13,12,1716,,1,1,1.0,9.4,16.89,,24.46,0.0,22.0,,7.69,0.0,14.7,0.8,7.88,6.53,4.91
Mar,13,13,1717,,1,1,1.0,9.4,17.19,,8.54,0.0,22.0,,2.69,0.0,14.7,0.8,7.88,6.53,4.91
Mar,13,14,1718,,1,1,1.0,9.4,17.45,,0.0,3.65,22.05,,0.0,0.54,14.7,0.8,7.88,6.53,4.91
Mar,13,15,1719,,1,1,1.0,9.4,17.6,,0.0,6.26,22.09,,0.0,0.93,14.7,0.8,7.88,6.53,4.91
Mar,13,16,1720,,1,1,1.0,9.4,17.72,,0.0,6.91,22.09,,0.0,1.03,14.7,0.8,7.88,6.53,4.91
Mar,13,17,1721,,1,1,1.0,8.9,17.67,,4.9,0.0,22.0,,1.56,0.0,14.7,0.8,7.88,6.53,4.91
Mar,13,18,1722,,1,1,1.0,6.7,17.28,,40.2,0.0,22.0,,13.39,0.0,14.7,0.8,7.88,6.53,4.91
Mar,13,19,1723,,1,1,1.0,4.4,16.87,,73.1,0.0,22.0,,25.62,0.0,14.7,0.8,7.88,6.53,4.91
Mar,13,20,1724,,1,1,1.0,2.8,16.51,,99.05,0.0,22.0,,35.97,0.0,14.7,0.8,7.88,6.53,4.91
Mar,13,21,1725,,1,1,1.0,1.7,16.18,,119.65,0.0,22.0,,44.56,0.0,14.7,0.8,7.88,6.53,4.91
Mar,13,22,1726,,1,1,0.77,1.7,16.51,,12.22,0.0,22.0,,4.55,0.0,0.0,0.61,6.04,6.53,3.76
Mar,13,23,1727,,1,1,0.77,1.1,16.3,,14.48,0.0,22.0,,5.47,0.0,0.0,0.61,6.04,6.53,3.76
Mar,13,24,1728,,1,1,0.77,1.1,16.12,,15.96,0.0,22.0,,6.03,0.0,0.0,0.61,6.04,6.53,3.76
Mar,14,1,1729,,1,1,0.77,1.1,15.95,,17.24,0.0,22.0,,6.51,0.0,0.0,0.61,6.04,6.53,3.76
Mar,14,2,1730,,1,1,0.77,1.7,15.83,,17.75,0.0,22.0,,6.61,0.0,0.0,0.61,6.04,6.53,3.76
Mar,14,3,1731,,1,1,0.77,0.0,15.53,,20.37,0.0,22.0,,7.9,0.0,0.0,0.61,6.04,6.53,3.76
Mar,14,4,1732,,1,1,0.77,-2.2,15.17,,23.54,0.0,22.0,,9.83,0.0,0.0,0.61,6.04,6.53,3.76
Mar,14,5,1733,,1,1,0.77,-2.8,14.91,,25.16,0.0,22.0,,10.73,0.0,0.0,0.61,6.04,6.53,3.76
Mar,14,6,1734,,1,1,0.77,-3.9,14.59,,27.2,0.0,22.0,,12.08,0.0,0.0,0.61,6.04,6.53,3.76
Mar,14,7,1735,,1,1,1.0,-3.3,13.53,,248.61,0.0,22.0,,107.96,0.0,14.7,0.8,7.88,6.53,4.91
Mar,14,8,1736,,1,1,1.0,-2.2,13.6,,225.26,0.0,22.0,,94.05,0.0,14.7,0.8,7.88,6.53,4.91
Mar,14,9,1737,,1,1,1.0,-1.1,13.58,,211.18,0.0,22.0,,84.89,0.0,14.7,0.8,7.88,6.53,4.91
Mar,14,10,1738,,1,1,1.0,1.7,13.97,,169.22,0.0,22.0,,63.01,0.0,14.7,0.8,7.88,6.53,4.91
Mar,14,11,1739,,1,1,1.0,3.9,14.28,,137.52,0.0,22.0,,48.73,0.0,14.7,0.8,7.88,6.53,4.91
Mar,14,12,1740,,1,1,1.0,6.7,14.82,,93.13,0.0,22.0,,31.02,0.0,14.7,0.8,7.88,6.53,4.91
Mar,14,13,1741,,1,1,1.0,6.1,14.95,,84.26,0.0,22.0,,28.44,0.0,14.7,0.8,7.88,6.53,4.91
Mar,14,14,1742,,1,1,1.0,7.2,15.29,,60.29,0.0,22.0,,19.86,0.0,14.7,0.8,7.88,6.53,4.91
Mar,14,15,1743,,1,1,1.0,7.8,15.47,,50.72,0.0,22.0,,16.5,0.0,14.7,0.8,7.88,6.53,4.91
Mar,14,16,1744,,1,1,1.0,7.2,15.45,,57.39,0.0,22.0,,18.91,0.0,14.7,0.8,7.88,6.53,4.91
Mar,14,17,1745,,1,1,1.0,3.9,15.02,,93.11,0.0,22.0,,33.0,0.0,14.7,0.8,7.88,6.53,4.91
Mar,14,18,1746,,1,1,1.0,2.2,14.65,,119.93,0.0,22.0,,44.15,0.0,14.7,0.8,7.88,6.53,4.91
Mar,14,19,1747,,1,1,1.0,1.7,14.43,,133.13,0.0,22.0,,49.58,0.0,14.7,0.8,7.88,6.53,4.91
Mar,14,20,1748,,1,1,1.0,1.1,14.19,,146.39,0.0,22.0,,55.28,0.0,14.7,0.8,7.88,6.53,4.91
Mar,14,21,1749,,1,1,1.0,0.6,13.95,,157.98,0.0,22.0,,60.36,0.0,14.7,0.8,7.88,6.53,4.91
Mar,14,22,1750,,1,1,0.77,0.0,14.2,,18.28,0.0,22.0,,7.09,0.0,0.0,0.61,6.04,6.53,3.76
Mar,14,23,1751,,1,1,0.77,0.0,14.05,,19.5,0.0,22.0,,7.56,0.0,0.0,0.61,6.04,6.53,3.76
Mar,14,24,1752,,1,1,0.77,-0.6,13.84,,21.16,0.0,22.0,,8.36,0.0,0.0,0.61,6.04,6.53,3.76
Mar,15,1,1753,,1,1,0.77,0.0,13.73,,21.52,0.0,22.0,,8.34,0.0,0.0,0.61,6.04,6.53,3.76
Mar,15,2,1754,,1,1,0.77,-0.6,13.53,,22.91,0.0,22.0,,9.06,0.0,0.0,0.61,6.04,6.53,3.76
Mar,15,3,1755,,1,1,0.77,-1.1,13.34,,24.15,0.0,22.0,,9.71,0.0,0.0,0.61,6.04,6.53,3.76
Mar,15,4,1756,,1,1,0.77,-1.7,13.13,,25.43,0.0,22.0,,10.43,0.0,0.0,0.61,6.04,6.53,3.76
Mar,15,5,1757,,1,1,0.77,-2.2,12.92,,26.58,0.0,22.0,,11.1,0.0,0.0,0.61,6.04,6.53,3.76
Mar,15,6,1758,,1,1,0.77,-2.2,12.74,,27.18,0.0,22.0,,11.35,0.0,0.0,0.61,6.04,6.53,3.76
Mar,15,7,1759,,1,1,1.0,-1.7,11.91,,241.09,0.0,22.0,,98.92,0.0,14.7,0.8,7.88,6.53,4.91
Mar,15,8,1760,,1,1,1.0,-0.6,12.05,,216.19,0.0,22.0,,85.46,0.0,14.7,0.8,7.88,6.53,4.91
Mar,15,9,1761,,1,1,1.0,-0.6,11.96,,211.5,0.0,22.0,,83.61,0.0,14.7,0.8,7.88,6.53,4.91
Mar,15,10,1762,,1,1,1.0,0.6,12.05,,193.98,0.0,22.0,,74.12,0.0,14.7,0.8,7.88,6.53,4.91
Mar,15,11,1763,,1,1,1.0,2.8,12.31,,166.41,0.0,22.0,,60.43,0.0,14.7,0.8,7.88,6.53,4.91
Mar,15,12,1764,,1,1,1.0,4.4,12.71,,132.2,0.0,22.0,,46.34,0.0,14.7,0.8,7.88,6.53,4.91
Mar,15,13,1765,,1,1,1.0,4.4,12.77,,126.7,0.0,22.0,,44.41,0.0,14.7,0.8,7.88,6.53,4.91
Mar,15,14,1766,,1,1,1.0,5.6,13.07,,104.03,0.0,22.0,,35.51,0.0,14.7,0.8,7.88,6.53,4.91
Mar,15,15,1767,,1,1,1.0,5.6,13.26,,91.92,0.0,22.0,,31.38,0.0,14.7,0.8,7.88,6.53,4.91
Mar,15,16,1768,,1,1,1.0,6.7,13.45,,81.37,0.0,22.0,,27.1,0.0,14.7,0.8,7.88,6.53,4.91
Mar,15,17,1769,,1,1,1.0,5.0,13.24,,100.71,0.0,22.0,,34.85,0.0,14.7,0.8,7.88,6.53,4.91
Mar,15,18,1770,,1,1,1.0,3.9,13.03,,118.53,0.0,22.0,,42.01,0.0,14.7,0.8,7.88,6.53,4.91
Mar,15,19,1771,,1,1,1.0,1.7,12.67,,144.91,0.0,22.0,,53.96,0.0,14.7,0.8,7.88,6.53,4.91
Mar,15,20,1772,,1,1,1.0,0.6,12.41,,161.27,0.0,22.0,,61.62,0.0,14.7,0.8,7.88,6.53,4.91
Mar,15,21,1773,,1,1,1.0,0.6,12.27,,167.04,0.0,22.0,,63.82,0.0,14.7,0.8,7.88,6.53,4.91
Mar,15,22,1774,,1,1,0.77,-1.1,12.38,,20.77,0.0,22.0,,8.35,0.0,0.0,0.61,6.04,6.53,3.76
Mar,15,23,1775,,1,1,0.77,-1.7,12.19,,22.51,0.0,22.0,,9.24,0.0,0.0,0.61,6.04,6.53,3.76
Mar,15,24,1776,,1,1,0.77,-2.2,12.0,,24.05,0.0,22.0,,10.04,0.0,0.0,0.61,6.04,6.53,3.76
Mar,16,1,1777,,1,1,0.77,-2.8,11.79,,25.6,0.0,22.0,,10.92,0.0,0.0,0.61,6.04,6.53,3.76
Mar,16,2,1778,,1,1,0.77,-2.8,11.63,,26.47,0.0,22.0,,11.29,0.0,0.0,0.61,6.04,6.53,3.76
Mar,16,3,1779,,1,1,0.77,-2.8,11.47,,27.22,0.0,22.0,,11.61,0.0,0.0,0.61,6.04,6.53,3.76
Mar,16,4,1780,,1,1,0.77,-2.2,11.36,,27.26,0.0,22.0,,11.38,0.0,0.0,0.61,6.04,6.53,3.76
Mar,16,5,1781,,1,1,0.77,-2.2,11.21,,27.77,0.0,22.0,,11.59,0.0,0.0,0.61,6.04,6.53,3.76
Mar,16,6,1782,,1,1,0.77,-2.2,11.07,,28.21,0.0,22.0,,11.78,0.0,0.0,0.61,6.04,6.53,3.76
Mar,16,7,1783,,1,1,1.0,-2.2,10.28,,250.98,0.0,22.0,,104.78,0.0,14.7,0.8,7.88,6.53,4.91
Mar,16,8,1784,,1,1,1.0,-2.2,10.29,,237.18,0.0,22.0,,99.02,0.0,14.7,0.8,7.88,6.53,4.91
Mar,16,9,1785,,1,1,1.0,-1.7,10.25,,229.52,0.0,22.0,,94.17,0.0,14.7,0.8,7.88,6.53,4.91
Mar,16,10,1786,,1,1,1.0,-1.1,10.25,,218.96,0.0,22.0,,88.02,0.0,14.7,0.8,7.88,6.53,4.91
Mar,16,11,1787,,1,1,1.0,0.6,10.46,,195.26,0.0,22.0,,74.61,0.0,14.7,0.8,7.88,6.53,4.91
Mar,16,12,1788,,1,1,1.0,1.1,10.55,,182.83,0.0,22.0,,69.04,0.0,14.7,0.8,7.88,6.53,4.91
Mar,16,13,1789,,1,1,1.0,1.7,10.65,,171.17,0.0,22.0,,63.74,0.0,14.7,0.8,7.88,6.53,4.91
Mar,16,14,1790,,1,1,1.0,2.8,10.82,,156.29,0.0,22.0,,56.76,0.0,14.7,0.8,7.88,6.53,4.91
Mar,16,15,1791,,1,1,1.0,2.8,10.84,,153.55,0.0,22.0,,55.76,0.0,14.7,0.8,7.88,6.53,4.91
Mar,16,16,1792,,1,1,1.0,2.8,10.83,,153.4,0.0,22.0,,55.71,0.0,14.7,0.8,7.88,6.53,4.91
Mar,16,17,1793,,1,1,1.0,3.3,10.89,,148.66,0.0,22.0,,53.39,0.0,14.7,0.8,7.88,6.53,4.91
Mar,16,18,1794,,1,1,1.0,2.2,10.69,,162.77,0.0,22.0,,59.92,0.0,14.7,0.8,7.88,6.53,4.91
Mar,16,19,1795,,1,1,1.0,0.6,10.43,,180.54,0.0,22.0,,68.98,0.0,14.7,0.8,7.88,6.53,4.91
Mar,16,20,1796,,1,1,1.0,-0.6,10.18,,194.99,0.0,22.0,,77.08,0.0,14.7,0.8,7.88,6.53,4.91
Mar,16,21,1797,,1,1,1.0,-1.1,10.0,,203.06,0.0,22.0,,81.63,0.0,14.7,0.8,7.88,6.53,4.91
Mar,16,22,1798,,1,1,0.77,-1.7,10.19,,24.56,0.0,22.0,,10.08,0.0,0.0,0.61,6.04,6.53,3.76
Mar,16,23,1799,,1,1,0.77,-2.8,9.98,,26.44,0.0,22.0,,11.28,0.0,0.0,0.61,6.04,6.53,3.76
Mar,16,24,1800,,1,1,0.77,-2.8,9.85,,27.19,0.0,22.0,,11.6,0.0,0.0,0.61,6.04,6.53,3.76
Mar,17,1,1801,,1,1,0.77,-2.8,9.73,,27.84,0.0,22.0,,11.87,0.0,0.0,0.61,6.04,6.53,3.76
Mar,17,2,1802,,1,1,0.77,-3.3,9.56,,28.92,0.0,22.0,,12.56,0.0,0.0,0.61,6.04,6.53,3.76
Mar,17,3,1803,,1,1,0.77,-4.4,9.34,,30.56,0.0,22.0,,13.83,0.0,0.0,0.61,6.04,6.53,3.76
Mar,17,4,1804,,1,1,0.77,-5.6,9.09,,32.34,0.0,22.0,,13.45,0.0,0.0,0.61,6.04,6.53,3.76
Mar,17,5,1805,,1,1,0.77,-4.4,9.02,,31.72,0.0,22.0,,14.35,0.0,0.0,0.61,6.04,6.53,3.76
Mar,17,6,1806,,1,1,0.77,-6.1,8.74,,33.85,0.0,22.0,,14.25,0.0,0.0,0.61,6.04,6.53,3.76
Mar,17,7,1807,,1,1,1.0,-3.9,8.18,,273.77,0.0,22.0,,121.55,0.0,14.7,0.8,7.88,6.53,4.91
Mar,17,8,1808,,1,1,1.0,1.7,9.09,,194.77,0.0,22.0,,72.53,0.0,14.7,0.8,7.88,6.53,4.91
Mar,17,9,1809,,1,1,1.0,7.2,10.05,,121.08,0.0,22.0,,39.89,0.0,14.7,0.8,7.88,6.53,4.91
Mar,17,10,1810,,1,1,1.0,9.4,10.72,,76.85,0.0,22.0,,24.16,0.0,14.7,0.8,7.88,6.53,4.91
Mar,17,11,1811,,1,1,1.0,10.6,11.28,,45.11,0.0,22.0,,13.83,0.0,14.7,0.8,7.88,6.53,4.91
Mar,17,12,1812,,1,1,1.0,11.7,11.9,,12.6,0.0,22.0,,3.77,0.0,14.7,0.8,7.88,6.53,4.91
Mar,17,13,1813,,1,1,1.0,13.3,12.61,,0.0,22.61,22.31,,0.0,3.69,14.7,0.8,7.88,6.53,4.91
Mar,17,14,1814,,1,1,1.0,13.3,13.09,,0.0,40.86,22.56,,0.0,6.68,14.7,0.8,7.88,6.53,4.91
Mar,17,15,1815,,1,1,1.0,13.3,13.47,,0.0,51.93,22.71,,0.0,8.48,14.7,0.8,7.88,6.53,4.91
Mar,17,16,1816,,1,1,1.0,13.3,13.74,,0.0,55.24,22.75,,0.0,9.02,14.7,0.8,7.88,6.53,4.91
Mar,17,17,1817,,1,1,1.0,12.2,13.78,,0.0,41.54,22.57,,0.0,6.61,14.7,0.8,7.88,6.53,4.91
Mar,17,18,1818,,1,1,1.0,10.0,13.61,,0.0,13.36,22.18,,0.0,2.02,14.7,0.8,7.88,6.53,4.91
Mar,17,19,1819,,1,1,1.0,8.3,13.44,,14.32,0.0,22.0,,4.61,0.0,14.7,0.8,7.88,6.53,4.91
Mar,17,20,1820,,1,1,1.0,7.2,13.32,,36.53,0.0,22.0,,12.04,0.0,14.7,0.8,7.88,6.53,4.91
Mar,17,21,1821,,1,1,1.0,5.6,13.11,,62.41,0.0,22.0,,21.3,0.0,14.7,0.8,7.88,6.53,4.91
Mar,17,22,1822,,1,1,0.77,3.3,13.07,,7.13,0.0,22.0,,2.56,0.0,0.0,0.61,6.04,6.53,3.76
Mar,17,23,1823,,1,1,0.77,1.7,12.86,,10.72,0.0,22.0,,3.99,0.0,0.0,0.61,6.04,6.53,3.76
Mar,17,24,1824,,1,1,0.77,1.1,12.71,,13.19,0.0,22.0,,4.98,0.0,0.0,0.61,6.04,6.53,3.76
Mar,18,1,1825,,1,1,0.77,-1.1,12.42,,17.07,0.0,22.0,,6.86,0.0,0.0,0.61,6.04,6.53,3.76
Mar,18,2,1826,,1,1,0.77,-1.1,12.28,,18.71,0.0,22.0,,7.52,0.0,0.0,0.61,6.04,6.53,3.76
Mar,18,3,1827,,1,1,0.77,-2.2,12.05,,21.24,0.0,22.0,,8.87,0.0,0.0,0.61,6.04,6.53,3.76
Mar,18,4,1828,,1,1,0.77,-1.1,11.98,,21.44,0.0,22.0,,8.62,0.0,0.0,0.61,6.04,6.53,3.76
Mar,18,5,1829,,1,1,0.77,-1.7,11.8,,23.1,0.0,22.0,,9.48,0.0,0.0,0.61,6.04,6.53,3.76
Mar,18,6,1830,,1,1,0.77,-1.7,11.65,,24.05,0.0,22.0,,9.87,0.0,0.0,0.61,6.04,6.53,3.76
Mar,18,7,1831,,1,1,1.0,0.6,11.2,,202.94,0.0,22.0,,77.54,0.0,14.7,0.8,7.88,6.53,4.91
Mar,18,8,1832,,1,1,1.0,6.7,12.22,,120.22,0.0,22.0,,40.04,0.0,14.7,0.8,7.88,6.53,4.91
Mar,18,9,1833,,1,1,1.0,12.2,13.22,,47.46,0.0,22.0,,14.07,0.0,14.7,0.8,7.88,6.53,4.91
Mar,18,10,1834,,1,1,1.0,13.3,13.79,,15.47,0.0,22.0,,4.48,0.0,14.7,0.8,7.88,6.53,4.91
Mar,18,11,1835,,1,1,1.0,14.4,14.35,,0.0,13.03,22.18,,0.0,2.19,14.7,0.8,7.88,6.53,4.91
Mar,18,12,1836,,1,1,1.0,16.1,15.09,,0.0,53.38,22.73,,0.0,9.35,14.7,0.8,7.88,6.53,4.91
Mar,18,13,1837,,1,1,1.0,17.2,15.74,,0.0,87.95,23.2,,0.0,15.86,14.7,0.8,7.88,6.53,4.91
Mar,18,14,1838,,1,1,1.0,17.2,16.23,,0.0,110.22,23.5,,0.0,19.88,14.7,0.8,7.88,6.53,4.91
Mar,18,15,1839,,1,1,1.0,16.1,16.5,,0.0,117.05,23.59,,0.0,20.51,14.7,0.8,7.88,6.53,4.91
Mar,18,16,1840,,1,1,1.0,15.0,16.65,,0.0,115.07,23.57,,0.0,19.6,14.7,0.8,7.88,6.53,4.91
Mar,18,17,1841,,1,1,1.0,14.4,16.75,,0.0,110.21,23.5,,0.0,18.5,14.7,0.8,7.88,6.53,4.91
Mar,18,18,1842,,1,1,1.0,12.8,16.63,,0.0,89.09,23.21,,0.0,14.38,14.7,0.8,7.88,6.53,4.91
Mar,18,19,1843,,1,1,1.0,8.9,16.17,,0.0,43.89,22.6,,0.0,6.48,14.7,0.8,7.88,6.53,4.91
Mar,18,20,1844,,1,1,1.0,6.7,15.86,,0.0,9.39,22.13,,0.0,1.32,14.7,0.8,7.88,6.53,4.91
Mar,18,21,1845,,1,1,1.0,5.6,15.64,,17.85,0.0,22.0,,6.09,0.0,14.7,0.8,7.88,6.53,4.91
Mar,18,22,1846,,1,1,0.77,5.6,15.85,,0.0,0.0,22.16,,0.0,0.0,0.0,0.61,6.04,6.53,3.76
Mar,18,23,1847,,1,1,0.77,4.4,15.67,,1.71,0.0,22.0,,0.6,0.0,0.0,0.61,6.04,6.53,3.76
Mar,18,24,1848,,1,1,0.77,4.4,15.57,,4.17,0.0,22.0,,1.46,0.0,0.0,0.61,6.04,6.53,3.76
Mar,19,1,1849,,1,1,0.77,5.0,15.52,,5.69,0.0,22.0,,1.97,0.0,0.0,0.61,6.04,6.53,3.76
Mar,19,2,1850,,1,1,0.77,5.6,15.48,,6.87,0.0,22.0,,2.35,0.0,0.0,0.61,6.04,6.53,3.76
Mar,19,3,1851,,1,1,0.77,5.0,15.36,,8.96,0.0,22.0,,3.1,0.0,0.0,0.61,6.04,6.53,3.76
Mar,19,4,1852,,1,1,0.77,4.4,15.22,,10.91,0.0,22.0,,3.82,0.0,0.0,0.61,6.04,6.53,3.76
Mar,19,5,1853,,1,1,0.77,2.8,15.0,,13.74,0.0,22.0,,4.99,0.0,0.0,0.61,6.04,6.53,3.76
Mar,19,6,1854,,1,1,0.77,1.7,14.79,,16.05,0.0,22.0,,5.98,0.0,0.0,0.61,6.04,6.53,3.76
Mar,19,7,1855,,1,1,1.0,0.6,13.9,,180.0,0.0,22.0,,68.78,0.0,14.7,0.8,7.88,6.53,4.91
Mar,19,8,1856,,1,1,1.0,3.3,14.39,,133.97,0.0,22.0,,48.11,0.0,14.7,0.8,7.88,6.53,4.91
Mar,19,9,1857,,1,1,1.0,6.7,14.97,,87.19,0.0,22.0,,29.04,0.0,14.7,0.8,7.88,6.53,4.91
Mar,19,10,1858,,1,1,1.0,10.0,15.63,,39.41,0.0,22.0,,12.24,0.0,14.7,0.8,7.88,6.53,4.91
Mar,19,11,1859,,1,1,1.0,11.7,16.17,,5.67,0.0,22.0,,1.7,0.0,14.7,0.8,7.88,6.53,4.91
Mar,19,12,1860,,1,1,1.0,13.3,16.73,,0.0,25.88,22.35,,0.0,4.23,14.7,0.8,7.88,6.53,4.91
Mar,19,13,1861,,1,1,1.0,14.4,17.25,,0.0,53.86,22.73,,0.0,9.04,14.7,0.8,7.88,6.53,4.91
Mar,19,14,1862,,1,1,1.0,15.0,17.69,,0.0,76.22,23.04,,0.0,12.99,14.7,0.8,7.88,6.53,4.91
Mar,19,15,1863,,1,1,1.0,15.6,18.04,,0.0,92.73,23.26,,0.0,16.04,14.7,0.8,7.88,6.53,4.91
Mar,19,16,1864,,1,1,1.0,14.4,18.11,,0.0,88.53,23.21,,0.0,14.86,14.7,0.8,7.88,6.53,4.91
Mar,19,17,1865,,1,1,1.0,11.7,17.86,,0.0,61.01,22.83,,0.0,9.6,14.7,0.8,7.88,6.53,4.91
Mar,19,18,1866,,1,1,1.0,11.7,17.86,,0.0,51.59,22.7,,0.0,8.11,14.7,0.8,7.88,6.53,4.91
Mar,19,19,1867,,1,1,1.0,9.4,17.55,,0.0,20.53,22.28,,0.0,3.07,14.7,0.8,7.88,6.53,4.91
Mar,19,20,1868,,1,1,1.0,8.9,17.43,,0.0,3.51,22.05,,0.0,0.52,14.7,0.8,7.88,6.53,4.91
Mar,19,21,1869,,1,1,1.0,8.9,17.37,,9.29,0.0,22.0,,2.95,0.0,14.7,0.8,7.88,6.53,4.91
Mar,19,22,1870,,1,1,0.77,8.9,17.55,,0.0,0.0,22.18,,0.0,0.0,0.0,0.61,6.04,6.53,3.76
Mar,19,23,1871,,1,1,0.77,8.9,17.49,,0.0,0.0,22.04,,0.0,0.0,0.0,0.61,6.04,6.53,3.76
Mar,19,24,1872,,1,1,0.77,7.8,17.35,,2.3,0.0,22.0,,0.75,0.0,0.0,0.61,6.04,6.53,3.76
Mar,20,1,1873,,1,1,0.77,8.9,17.37,,2.79,0.0,22.0,,0.89,0.0,0.0,0.61,6.04,6.53,3.76
Mar,20,2,1874,,1,1,0.77,9.4,17.36,,3.57,0.0,22.0,,1.12,0.0,0.0,0.61,6.04,6.53,3.76
Mar,20,3,1875,,1,1,0.77,8.9,17.28,,5.15,0.0,22.0,,1.64,0.0,0.0,0.61,6.04,6.53,3.76
Mar,20,4,1876,,1,1,0.77,8.9,17.23,,6.11,0.0,22.0,,1.94,0.0,0.0,0.61,6.04,6.53,3.76
Mar,20,5,1877,,1,1,0.77,8.9,17.19,,6.95,0.0,22.0,,2.21,0.0,0.0,0.61,6.04,6.53,3.76
Mar,20,6,1878,,1,1,0.77,8.3,17.09,,8.28,0.0,22.0,,2.66,0.0,0.0,0.61,6.04,6.53,3.76
Mar,20,7,1879,,1,1,1.0,8.3,16.62,,99.92,0.0,22.0,,32.15,0.0,14.7,0.8,7.88,6.53,4.91
Mar,20,8,1880,,1,1,1.0,8.9,16.89,,76.22,0.0,22.0,,24.22,0.0,14.7,0.8,7.88,6.53,4.91
Mar,20,9,1881,,1,1,1.0,11.1,17.36,,40.07,0.0,22.0,,12.15,0.0,14.7,0.8,7.88,6.53,4.91
Mar,20,10,1882,,1,1,1.0,11.1,17.64,,22.51,0.0,22.0,,6.83,0.0,14.7,0.8,7.88,6.53,4.91
Mar,20,11,1883,,1,1,1.0,13.3,18.2,,0.0,13.8,22.19,,0.0,2.25,14.7,0.8,7.88,6.53,4.91
Mar,20,12,1884,,1,1,1.0,13.3,18.38,,0.0,20.04,22.27,,0.0,3.27,14.7,0.8,7.88,6.53,4.91
Mar,20,13,1885,,1,1,1.0,14.4,18.95,,0.0,54.61,22.74,,0.0,9.17,14.7,0.8,7.88,6.53,4.91
Mar,20,14,1886,,1,1,1.0,14.4,19.25,,0.0,70.35,22.96,,0.0,11.81,14.7,0.8,7.88,6.53,4.91
Mar,20,15,1887,,1,1,1.0,13.9,19.45,,0.0,78.19,23.06,,0.0,12.96,14.7,0.8,7.88,6.53,4.91
Mar,20,16,1888,,1,1,1.0,13.9,19.62,,0.0,84.42,23.15,,0.0,13.99,14.7,0.8,7.88,6.53,4.91
Mar,20,17,1889,,1,1,1.0,12.2,19.48,,0.0,67.35,22.92,,0.0,10.72,14.7,0.8,7.88,6.53,4.91
Mar,20,18,1890,,1,1,1.0,11.1,19.3,,0.0,48.02,22.65,,0.0,7.45,14.7,0.8,7.88,6.53,4.91
Mar,20,19,1891,,1,1,1.0,8.9,18.96,,0.0,16.81,22.23,,0.0,2.48,14.7,0.8,7.88,6.53,4.91
Mar,20,20,1892,,1,1,1.0,7.8,18.72,,6.67,0.0,22.0,,2.17,0.0,14.7,0.8,7.88,6.53,4.91
Mar,20,21,1893,,1,1,1.0,6.1,18.38,,36.45,0.0,22.0,,12.3,0.0,14.7,0.8,7.88,6.53,4.91
Mar,20,22,1894,,1,1,0.77,5.6,18.61,,1.53,0.0,22.0,,0.52,0.0,0.0,0.61,6.04,6.53,3.76
Mar,20,23,1895,,1,1,0.77,3.3,18.29,,6.07,0.0,22.0,,2.18,0.0,0.0,0.61,6.04,6.53,3.76
Mar,20,24,1896,,1,1,0.77,2.8,18.07,,8.69,0.0,22.0,,3.16,0.0,0.0,0.61,6.04,6.53,3.76
Mar,21,1,1897,,1,1,0.77,0.6,17.71,,12.8,0.0,22.0,,4.89,0.0,0.0,0.61,6.04,6.53,3.76
Mar,21,2,1898,,1,1,0.77,-0.6,17.4,,15.84,0.0,22.0,,6.26,0.0,0.0,0.61,6.04,6.53,3.76
Mar,21,3,1899,,1,1,0.77,-1.1,17.14,,18.04,0.0,22.0,,7.25,0.0,0.0,0.61,6.04,6.53,3.76
Mar,21,4,1900,,1,1,0.77,-1.1,16.9,,19.54,0.0,22.0,,7.85,0.0,0.0,0.61,6.04,6.53,3.76
Mar,21,5,1901,,1,1,0.77,0.0,16.77,,19.73,0.0,22.0,,7.65,0.0,0.0,0.61,6.04,6.53,3.76
Mar,21,6,1902,,1,1,0.77,0.0,16.56,,20.75,0.0,22.0,,8.04,0.0,0.0,0.61,6.04,6.53,3.76
Mar,21,7,1903,,1,1,1.0,0.0,15.59,,200.95,0.0,22.0,,77.89,0.0,14.7,0.8,7.88,6.53,4.91
Mar,21,8,1904,,1,1,1.0,5.0,16.33,,130.6,0.0,22.0,,45.19,0.0,14.7,0.8,7.88,6.53,4.91
Mar,21,9,1905,,1,1,1.0,7.8,16.84,,85.44,0.0,22.0,,27.79,0.0,14.7,0.8,7.88,6.53,4.91
Mar,21,10,1906,,1,1,1.0,10.0,17.27,,51.93,0.0,22.0,,16.13,0.0,14.7,0.8,7.88,6.53,4.91
Mar,21,11,1907,,1,1,1.0,11.7,17.76,,17.35,0.0,22.0,,5.2,0.0,14.7,0.8,7.88,6.53,4.91
Mar,21,12,1908,,1,1,1.0,12.2,18.12,,0.0,4.02,22.05,,0.0,0.64,14.7,0.8,7.88,6.53,4.91
Mar,21,13,1909,,1,1,1.0,13.9,18.66,,0.0,36.51,22.5,,0.0,6.05,14.7,0.8,7.88,6.53,4.91
Mar,21,14,1910,,1,1,1.0,12.2,18.5,,0.0,17.93,22.24,,0.0,2.85,14.7,0.8,7.88,6.53,4.91
Mar,21,15,1911,,1,1,1.0,11.7,18.51,,0.0,12.0,22.16,,0.0,1.89,14.7,0.8,7.88,6.53,4.91
Mar,21,16,1912,,1,1,1.0,10.6,18.41,,2.21,0.0,22.0,,0.68,0.0,14.7,0.8,7.88,6.53,4.91
Mar,21,17,1913,,1,1,1.0,10.0,18.31,,15.72,0.0,22.0,,4.88,0.0,14.7,0.8,7.88,6.53,4.91
Mar,21,18,1914,,1,1,1.0,9.4,18.19,,28.52,0.0,22.0,,8.97,0.0,14.7,0.8,7.88,6.53,4.91
Mar,21,19,1915,,1,1,1.0,8.9,18.05,,41.81,0.0,22.0,,13.28,0.0,14.7,0.8,7.88,6.53,4.91
Mar,21,20,1916,,1,1,1.0,7.2,17.76,,64.87,0.0,22.0,,21.37,0.0,14.7,0.8,7.88,6.53,4.91
Mar,21,21,1917,,1,1,1.0,6.1,17.51,,82.2,0.0,22.0,,27.75,0.0,14.7,0.8,7.88,6.53,4.91
Mar,21,22,1918,,1,1,0.77,5.6,17.71,,8.47,0.0,22.0,,2.89,0.0,0.0,0.61,6.04,6.53,3.76
Mar,21,23,1919,,1,1,0.77,3.9,17.46,,11.46,0.0,22.0,,4.06,0.0,0.0,0.61,6.04,6.53,3.76
Mar,21,24,1920,,1,1,0.77,2.2,17.17,,14.44,0.0,22.0,,5.32,0.0,0.0,0.61,6.04,6.53,3.76
Mar,22,1,1921,,1,1,0.77,2.8,17.05,,15.07,0.0,22.0,,5.47,0.0,0.0,0.61,6.04,6.53,3.76
Mar,22,2,1922,,1,1,0.77,2.8,16.89,,16.08,0.0,22.0,,5.84,0.0,0.0,0.61,6.04,6.53,3.76
Mar,22,3,1923,,1,1,0.77,2.8,16.74,,16.96,0.0,22.0,,6.16,0.0,0.0,0.61,6.04,6.53,3.76
Mar,22,4,1924,,1,1,0.77,0.6,16.4,,19.95,0.0,22.0,,7.62,0.0,0.0,0.61,6.04,6.53,3.76
Mar,22,5,1925,,1,1,0.77,0.6,16.22,,20.81,0.0,22.0,,7.95,0.0,0.0,0.61,6.04,6.53,3.76
Mar,22,6,1926,,1,1,0.77,1.7,16.13,,20.44,0.0,22.0,,7.61,0.0,0.0,0.61,6.04,6.53,3.76
Mar,22,7,1927,,1,1,1.0,2.2,15.34,,187.79,0.0,22.0,,69.13,0.0,14.7,0.8,7.88,6.53,4.91
Mar,22,8,1928,,1,1,1.0,3.9,15.69,,148.06,0.0,22.0,,52.47,0.0,14.7,0.8,7.88,6.53,4.91
Mar,22,9,1929,,1,1,1.0,5.6,15.86,,127.33,0.0,22.0,,43.46,0.0,14.7,0.8,7.88,6.53,4.91
Mar,22,10,1930,,1,1,1.0,6.7,16.17,,98.17,0.0,22.0,,32.7,0.0,14.7,0.8,7.88,6.53,4.91
Mar,22,11,1931,,1,1,1.0,9.4,16.75,,52.34,0.0,22.0,,16.46,0.0,14.7,0.8,7.88,6.53,4.91
Mar,22,12,1932,,1,1,1.0,8.9,16.93,,41.51,0.0,22.0,,13.19,0.0,14.7,0.8,7.88,6.53,4.91
Mar,22,13,1933,,1,1,1.0,10.0,17.24,,22.32,0.0,22.0,,6.93,0.0,14.7,0.8,7.88,6.53,4.91
Mar,22,14,1934,,1,1,1.0,11.7,17.59,,2.5,0.0,22.0,,0.75,0.0,14.7,0.8,7.88,6.53,4.91
Mar,22,15,1935,,1,1,1.0,10.6,17.65,,5.4,0.0,22.0,,1.66,0.0,14.7,0.8,7.88,6.53,4.91
Mar,22,16,1936,,1,1,1.0,10.0,17.68,,10.61,0.0,22.0,,3.3,0.0,14.7,0.8,7.88,6.53,4.91
Mar,22,17,1937,,1,1,1.0,9.4,17.59,,23.35,0.0,22.0,,7.34,0.0,14.7,0.8,7.88,6.53,4.91
Mar,22,18,1938,,1,1,1.0,8.3,17.39,,42.56,0.0,22.0,,13.69,0.0,14.7,0.8,7.88,6.53,4.91
Mar,22,19,1939,,1,1,1.0,7.2,17.17,,61.33,0.0,22.0,,20.21,0.0,14.7,0.8,7.88,6.53,4.91
Mar,22,20,1940,,1,1,1.0,6.7,17.01,,73.5,0.0,22.0,,24.48,0.0,14.7,0.8,7.88,6.53,4.91
Mar,22,21,1941,,1,1,1.0,6.7,16.9,,80.21,0.0,22.0,,26.72,0.0,14.7,0.8,7.88,6.53,4.91
Mar,22,22,1942,,1,1,0.77,6.1,17.07,,8.46,0.0,22.0,,2.86,0.0,0.0,0.61,6.04,6.53,3.76
Mar,22,23,1943,,1,1,0.77,5.6,16.93,,10.12,0.0,22.0,,3.45,0.0,0.0,0.61,6.04,6.53,3.76
Mar,22,24,1944,,1,1,0.77,5.6,16.83,,11.17,0.0,22.0,,3.81,0.0,0.0,0.61,6.04,6.53,3.76
Mar,23,1,1945,,1,1,0.77,5.6,16.73,,12.08,0.0,22.0,,4.12,0.0,0.0,0.61,6.04,6.53,3.76
Mar,23,2,1946,,1,1,0.77,5.0,16.58,,13.47,0.0,22.0,,4.66,0.0,0.0,0.61,6.04,6.53,3.76
Mar,23,3,1947,,1,1,0.77,4.4,16.42,,14.81,0.0,22.0,,5.19,0.0,0.0,0.61,6.04,6.53,3.76
Mar,23,4,1948,,1,1,0.77,2.8,16.18,,17.11,0.0,22.0,,6.21,0.0,0.0,0.61,6.04,6.53,3.76
Mar,23,5,1949,,1,1,0.77,1.7,15.94,,18.97,0.0,22.0,,7.06,0.0,0.0,0.61,6.04,6.53,3.76
Mar,23,6,1950,,1,1,0.77,1.1,15.74,,20.31,0.0,22.0,,7.67,0.0,0.0,0.61,6.04,6.53,3.76
Mar,23,7,1951,,1,1,1.0,1.7,14.96,,188.31,0.0,22.0,,70.12,0.0,14.7,0.8,7.88,6.53,4.91
Mar,23,8,1952,,1,1,1.0,5.6,15.54,,133.01,0.0,22.0,,45.4,0.0,14.7,0.8,7.88,6.53,4.91
Mar,23,9,1953,,1,1,1.0,8.9,16.08,,86.69,0.0,22.0,,27.54,0.0,14.7,0.8,7.88,6.53,4.91
Mar,23,10,1954,,1,1,1.0,10.0,16.47,,56.6,0.0,22.0,,17.58,0.0,14.7,0.8,7.88,6.53,4.91
Mar,23,11,1955,,1,1,1.0,11.7,17.04,,17.6,0.0,22.0,,5.27,0.0,14.7,0.8,7.88,6.53,4.91
Mar,23,12,1956,,1,1,1.0,12.8,17.52,,0.0,11.77,22.16,,0.0,1.9,14.7,0.8,7.88,6.53,4.91
Mar,23,13,1957,,1,1,1.0,14.4,18.07,,0.0,43.56,22.59,,0.0,7.31,14.7,0.8,7.88,6.53,4.91
Mar,23,14,1958,,1,1,1.0,15.0,18.5,,0.0,66.93,22.91,,0.0,11.4,14.7,0.8,7.88,6.53,4.91
Mar,23,15,1959,,1,1,1.0,14.4,18.72,,0.0,75.26,23.02,,0.0,12.63,14.7,0.8,7.88,6.53,4.91
Mar,23,16,1960,,1,1,1.0,15.6,19.03,,0.0,90.45,23.23,,0.0,15.65,14.7,0.8,7.88,6.53,4.91
Mar,23,17,1961,,1,1,1.0,14.4,19.01,,0.0,81.13,23.1,,0.0,13.62,14.7,0.8,7.88,6.53,4.91
Mar,23,18,1962,,1,1,1.0,12.8,18.82,,0.0,60.19,22.82,,0.0,9.72,14.7,0.8,7.88,6.53,4.91
Mar,23,19,1963,,1,1,1.0,11.7,18.68,,0.0,42.27,22.58,,0.0,6.65,14.7,0.8,7.88,6.53,4.91
Mar,23,20,1964,,1,1,1.0,10.6,18.51,,0.0,23.2,22.32,,0.0,3.56,14.7,0.8,7.88,6.53,4.91
Mar,23,21,1965,,1,1,1.0,8.3,18.17,,8.68,0.0,22.0,,2.79,0.0,14.7,0.8,7.88,6.53,4.91
Mar,23,22,1966,,1,1,0.77,7.2,18.29,,0.0,0.0,22.11,,0.0,0.0,0.0,0.61,6.04,6.53,3.76
Mar,23,23,1967,,1,1,0.77,5.0,18.01,,2.94,0.0,22.0,,1.02,0.0,0.0,0.61,6.04,6.53,3.76
Mar,23,24,1968,,1,1,0.77,1.7,17.6,,8.44,0.0,22.0,,3.14,0.0,0.0,0.61,6.04,6.53,3.76
Mar,24,1,1969,,1,1,0.77,2.2,17.45,,10.1,0.0,22.0,,3.72,0.0,0.0,0.61,6.04,6.53,3.76
Mar,24,2,1970,,1,1,0.77,2.2,17.28,,11.92,0.0,22.0,,4.39,0.0,0.0,0.61,6.04,6.53,3.76
Mar,24,3,1971,,1,1,0.77,0.6,16.97,,15.12,0.0,22.0,,5.78,0.0,0.0,0.61,6.04,6.53,3.76
Mar,24,4,1972,,1,1,0.77,2.8,16.96,,14.41,0.0,22.0,,5.23,0.0,0.0,0.61,6.04,6.53,3.76
Mar,24,5,1973,,1,1,0.77,1.7,16.71,,16.63,0.0,22.0,,6.19,0.0,0.0,0.61,6.04,6.53,3.76
Mar,24,6,1974,,1,1,0.77,1.1,16.49,,18.29,0.0,22.0,,6.91,0.0,0.0,0.61,6.04,6.53,3.76
Mar,24,7,1975,,1,1,1.0,2.2,15.76,,170.99,0.0,22.0,,62.95,0.0,14.7,0.8,7.88,6.53,4.91
Mar,24,8,1976,,1,1,1.0,8.9,16.77,,85.0,0.0,22.0,,27.01,0.0,14.7,0.8,7.88,6.53,4.91
Mar,24,9,1977,,1,1,1.0,12.8,17.48,,30.64,0.0,22.0,,8.97,0.0,14.7,0.8,7.88,6.53,4.91
Mar,24,10,1978,,1,1,1.0,15.0,18.1,,0.0,11.2,22.15,,0.0,1.91,14.7,0.8,7.88,6.53,4.91
Mar,24,11,1979,,1,1,1.0,17.8,18.86,,0.0,59.65,22.81,,0.0,10.93,14.7,0.8,7.88,6.53,4.91
Mar,24,12,1980,,1,1,1.0,18.9,19.46,,0.0,96.87,23.32,,0.0,18.3,14.7,0.8,7.88,6.53,4.91
Mar,24,13,1981,,1,1,1.0,20.0,20.06,,0.0,133.76,23.82,,0.0,26.07,14.7,0.8,7.88,6.53,4.91
Mar,24,14,1982,,1,1,1.0,20.6,20.56,,0.0,163.92,24.0,,0.0,32.43,14.7,0.8,7.88,6.53,4.91
Mar,24,15,1983,,1,1,1.0,20.6,20.97,,0.0,185.56,24.0,,0.0,36.71,14.7,0.8,7.88,6.53,4.91
Mar,24,16,1984,,1,1,1.0,20.6,21.24,,0.0,194.73,24.0,,0.0,37.59,14.7,0.8,7.88,6.53,4.91
Mar,24,17,1985,,1,1,1.0,18.9,21.21,,0.0,180.7,24.0,,0.0,34.14,14.7,0.8,7.88,6.53,4.91
Mar,24,18,1986,,1,1,1.0,18.3,21.22,,0.0,172.13,24.0,,0.0,31.99,14.7,0.8,7.88,6.53,4.91
Mar,24,19,1987,,1,1,1.0,16.1,21.01,,0.0,147.95,24.0,,0.0,25.92,14.7,0.8,7.88,6.53,4.91
Mar,24,20,1988,,1,1,1.0,12.8,20.61,,0.0,113.37,23.54,,0.0,18.3,14.7,0.8,7.88,6.53,4.91
Mar,24,21,1989,,1,1,1.0,11.7,20.43,,0.0,94.52,23.29,,0.0,14.87,14.7,0.8,7.88,6.53,4.91
Mar,24,22,1990,,1,1,0.77,10.6,20.51,,0.0,0.0,23.45,,0.0,0.0,0.0,0.61,6.04,6.53,3.76
Mar,24,23,1991,,1,1,0.77,9.4,20.34,,0.0,0.0,23.22,,0.0,0.0,0.0,0.61,6.04,6.53,3.76
Mar,24,24,1992,,1,1,0.77,8.9,20.2,,0.0,0.0,23.03,,0.0,0.0,0.0,0.61,6.04,6.53,3.76
Mar,25,1,1993,,1,1,0.77,7.2,19.96,,0.0,0.0,22.73,,0.0,0.0,0.0,0.61,6.04,6.53,3.76
Mar,25,2,1994,,1,1,0.77,6.7,19.79,,0.0,0.0,22.51,,0.0,0.0,0.0,0.61,6.04,6.53,3.76
Mar,25,3,1995,,1,1,0.77,6.1,19.6,,0.0,0.0,22.27,,0.0,0.0,0.0,0.61,6.04,6.53,3.76
Mar,25,4,1996,,1,1,0.77,5.6,19.42,,0.0,0.0,22.04,,0.0,0.0,0.0,0.61,6.04,6.53,3.76
Mar,25,5,1997,,1,1,0.77,6.1,19.31,,1.43,0.0,22.0,,0.48,0.0,0.0,0.61,6.04,6.53,3.76
Mar,25,6,1998,,1,1,0.77,3.9,18.99,,5.77,0.0,22.0,,2.04,0.0,0.0,0.61,6.04,6.53,3.76
Mar,25,7,1999,,1,1,1.0,4.4,18.2,,101.43,0.0,22.0,,35.55,0.0,14.7,0.8,7.88,6.53,4.91
Mar,25,8,2000,,1,1,1.0,10.6,19.04,,32.42,0.0,22.0,,9.94,0.0,14.7,0.8,7.88,6.53,4.91
Mar,25,9,2001,,1,1,1.0,11.7,19.41,,5.97,0.0,22.0,,1.79,0.0,14.7,0.8,7.88,6.53,4.91
Mar,25,10,2002,,1,1,1.0,15.0,20.06,,0.0,37.67,22.51,,0.0,6.42,14.7,0.8,7.88,6.53,4.91
Mar,25,11,2003,,1,1,1.0,18.3,20.82,,0.0,88.88,23.21,,0.0,16.52,14.7,0.8,7.88,6.53,4.91
Mar,25,12,2004,,1,1,1.0,20.0,21.42,,0.0,129.09,23.76,,0.0,25.16,14.7,0.8,7.88,6.53,4.91
Mar,25,13,2005,,1,1,1.0,21.1,21.89,,0.0,158.94,24.0,,0.0,31.84,14.7,0.8,7.88,6.53,4.91
Mar,25,14,2006,,1,1,1.0,20.0,22.19,,0.0,161.8,24.0,,0.0,31.54,14.7,0.8,7.88,6.53,4.91
Mar,25,15,2007,,1,1,1.0,21.1,22.44,,0.0,154.66,24.0,,0.0,30.99,14.7,0.8,7.88,6.53,4.91
Mar,25,16,2008,,1,1,1.0,20.0,22.43,,0.0,146.48,24.0,,0.0,28.55,14.7,0.8,7.88,6.53,4.91
Mar,25,17,2009,,1,1,1.0,18.9,22.41,,0.0,139.47,24.0,,0.0,26.35,14.7,0.8,7.88,6.53,4.91
Mar,25,18,2010,,1,1,1.0,17.2,22.25,,0.0,133.58,24.0,,0.0,24.09,14.7,0.8,7.88,6.53,4.91
Mar,25,19,2011,,1,1,1.0,15.6,22.07,,0.0,129.76,23.83,,0.0,22.45,14.7,0.8,7.88,6.53,4.91
Mar,25,20,2012,,1,1,1.0,12.8,21.7,,0.0,104.21,23.42,,0.0,16.82,14.7,0.8,7.88,6.53,4.91
Mar,25,21,2013,,1,1,1.0,12.2,21.55,,0.0,90.3,23.23,,0.0,14.37,14.7,0.8,7.88,6.53,4.91
Mar,25,22,2014,,1,1,0.77,10.6,21.61,,0.0,0.0,23.34,,0.0,0.0,0.0,0.61,6.04,6.53,3.76
Mar,25,23,2015,,1,1,0.77,10.6,21.51,,0.0,0.0,23.21,,0.0,0.0,0.0,0.61,6.04,6.53,3.76
Mar,25,24,2016,,1,1,0.77,6.7,21.1,,0.0,0.0,22.76,,0.0,0.0,0.0,0.61,6.04,6.53,3.76
Mar,26,1,2017,,1,1,0.77,8.3,21.07,,0.0,0.0,22.7,,0.0,0.0,0.0,0.61,6.04,6.53,3.76
Mar,26,2,2018,,1,1,0.77,10.6,21.13,,0.0,0.0,22.73,,0.0,0.0,0.0,0.61,6.04,6.53,3.76
Mar,26,3,2019,,1,1,0.77,10.0,20.99,,0.0,0.0,22.56,,0.0,0.0,0.0,0.61,6.04,6.53,3.76
Mar,26,4,2020,,1,1,0.77,9.4,20.84,,0.0,0.0,22.39,,0.0,0.0,0.0,0.61,6.04,6.53,3.76
Mar,26,5,2021,,1,1,0.77,8.9,20.7,,0.0,0.0,22.21,,0.0,0.0,0.0,0.61,6.04,6.53,3.76
Mar,26,6,2022,,1,1,0.77,7.8,20.5,,0.24,0.0,22.0,,0.08,0.0,0.0,0.61,6.04,6.53,3.76
Mar,26,7,2023,,1,1,1.0,8.3,19.86,,55.23,0.0,22.0,,17.77,0.0,14.7,0.8,7.88,6.53,4.91
Mar,26,8,2024,,1,1,1.0,10.6,20.33,,16.82,0.0,22.0,,5.16,0.0,14.7,0.8,7.88,6.53,4.91
Mar,26,9,2025,,1,1,1.0,12.8,20.74,,0.0,12.53,22.17,,0.0,2.02,14.7,0.8,7.88,6.53,4.91
Mar,26,10,2026,,1,1,1.0,14.4,21.18,,0.0,41.78,22.57,,0.0,7.01,14.7,0.8,7.88,6.53,4.91
Mar,26,11,2027,,1,1,1.0,15.0,21.53,,0.0,65.59,22.89,,0.0,11.17,14.7,0.8,7.88,6.53,4.91
Mar,26,12,2028,,1,1,1.0,16.1,21.97,,0.0,95.29,23.3,,0.0,16.7,14.7,0.8,7.88,6.53,4.91
Mar,26,13,2029,,1,1,1.0,16.7,22.19,,0.0,94.95,23.49,,0.0,16.9,14.7,0.8,7.88,6.53,4.91
Mar,26,14,2030,,1,1,1.0,17.2,22.4,,0.0,92.63,23.66,,0.0,16.71,14.7,0.8,7.88,6.53,4.91
Mar,26,15,2031,,1,1,1.0,17.2,22.51,,0.0,90.37,23.74,,0.0,16.3,14.7,0.8,7.88,6.53,4.91
Mar,26,16,2032,,1,1,1.0,13.3,22.05,,0.0,88.16,23.25,,0.0,14.4,14.7,0.8,7.88,6.53,4.91
Mar,26,17,2033,,1,1,1.0,12.8,21.92,,0.0,80.19,23.09,,0.0,12.94,14.7,0.8,7.88,6.53,4.91
Mar,26,18,2034,,1,1,1.0,10.6,21.57,,0.0,52.17,22.71,,0.0,8.0,14.7,0.8,7.88,6.53,4.91
Mar,26,19,2035,,1,1,1.0,9.4,21.29,,0.0,29.73,22.4,,0.0,4.44,14.7,0.8,7.88,6.53,4.91
Mar,26,20,2036,,1,1,1.0,8.3,21.01,,0.0,6.83,22.09,,0.0,1.0,14.7,0.8,7.88,6.53,4.91
Mar,26,21,2037,,1,1,1.0,8.3,20.84,,7.13,0.0,22.0,,2.29,0.0,14.7,0.8,7.88,6.53,4.91
Mar,26,22,2038,,1,1,0.77,3.9,20.76,,1.74,0.0,22.0,,0.62,0.0,0.0,0.61,6.04,6.53,3.76
Mar,26,23,2039,,1,1,0.77,0.6,20.28,,7.65,0.0,22.0,,2.92,0.0,0.0,0.61,6.04,6.53,3.76
Mar,26,24,2040,,1,1,0.77,0.6,20.02,,10.18,0.0,22.0,,3.89,0.0,0.0,0.61,6.04,6.53,3.76
Mar,27,1,2041,,1,1,0.77,0.6,19.77,,12.36,0.0,22.0,,4.72,0.0,0.0,0.61,6.04,6.53,3.76
Mar,27,2,2042,,1,1,0.77,0.0,19.47,,14.85,0.0,22.0,,5.76,0.0,0.0,0.61,6.04,6.53,3.76
Mar,27,3,2043,,1,1,0.77,0.0,19.21,,16.53,0.0,22.0,,6.41,0.0,0.0,0.61,6.04,6.53,3.76
Mar,27,4,2044,,1,1,0.77,0.6,19.01,,17.38,0.0,22.0,,6.64,0.0,0.0,0.61,6.04,6.53,3.76
Mar,27,5,2045,,1,1,0.77,0.0,18.73,,19.2,0.0,22.0,,7.44,0.0,0.0,0.61,6.04,6.53,3.76
Mar,27,6,2046,,1,1,0.77,-0.6,18.44,,20.9,0.0,22.0,,8.26,0.0,0.0,0.61,6.04,6.53,3.76
Mar,27,7,2047,,1,1,1.0,-0.6,17.27,,206.1,0.0,22.0,,81.48,0.0,14.7,0.8,7.88,6.53,4.91
Mar,27,8,2048,,1,1,1.0,0.0,17.31,,183.98,0.0,22.0,,71.31,0.0,14.7,0.8,7.88,6.53,4.91
Mar,27,9,2049,,1,1,1.0,1.1,17.38,,162.16,0.0,22.0,,61.23,0.0,14.7,0.8,7.88,6.53,4.91
Mar,27,10,2050,,1,1,1.0,3.9,17.76,,120.94,0.0,22.0,,42.86,0.0,14.7,0.8,7.88,6.53,4.91
Mar,27,11,2051,,1,1,1.0,8.9,18.52,,56.45,0.0,22.0,,17.94,0.0,14.7,0.8,7.88,6.53,4.91
Mar,27,12,2052,,1,1,1.0,8.9,18.72,,40.44,0.0,22.0,,12.85,0.0,14.7,0.8,7.88,6.53,4.91
Mar,27,13,2053,,1,1,1.0,10.0,19.05,,16.4,0.0,22.0,,5.09,0.0,14.7,0.8,7.88,6.53,4.91
Mar,27,14,2054,,1,1,1.0,8.9,19.13,,13.22,0.0,22.0,,4.2,0.0,14.7,0.8,7.88,6.53,4.91
Mar,27,15,2055,,1,1,1.0,11.1,19.52,,0.0,12.0,22.16,,0.0,1.86,14.7,0.8,7.88,6.53,4.91
Mar,27,16,2056,,1,1,1.0,9.4,19.39,,2.78,0.0,22.0,,0.87,0.0,14.7,0.8,7.88,6.53,4.91
Mar,27,17,2057,,1,1,1.0,8.9,19.26,,16.06,0.0,22.0,,5.1,0.0,14.7,0.8,7.88,6.53,4.91
Mar,27,18,2058,,1,1,1.0,8.9,19.15,,26.85,0.0,22.0,,8.53,0.0,14.7,0.8,7.88,6.53,4.91
Mar,27,19,2059,,1,1,1.0,6.7,18.76,,57.09,0.0,22.0,,19.02,0.0,14.7,0.8,7.88,6.53,4.91
Mar,27,20,2060,,1,1,1.0,5.6,18.47,,76.38,0.0,22.0,,26.07,0.0,14.7,0.8,7.88,6.53,4.91
Mar,27,21,2061,,1,1,1.0,3.9,18.09,,100.67,0.0,22.0,,35.68,0.0,14.7,0.8,7.88,6.53,4.91
Mar,27,22,2062,,1,1,0.77,2.2,18.27,,11.77,0.0,22.0,,4.33,0.0,0.0,0.61,6.04,6.53,3.76
Mar,27,23,2063,,1,1,0.77,3.3,18.17,,12.26,0.0,22.0,,4.4,0.0,0.0,0.61,6.04,6.53,3.76
Mar,27,24,2064,,1,1,0.77,2.2,17.91,,14.65,0.0,22.0,,5.39,0.0,0.0,0.61,6.04,6.53,3.76
Mar,28,1,2065,,1,1,0.77,0.6,17.59,,17.48,0.0,22.0,,6.68,0.0,0.0,0.61,6.04,6.53,3.76
Mar,28,2,2066,,1,1,0.77,-0.6,17.29,,19.89,0.0,22.0,,7.86,0.0,0.0,0.61,6.04,6.53,3.76
Mar,28,3,2067,,1,1,0.77,-1.1,17.02,,21.54,0.0,22.0,,8.66,0.0,0.0,0.61,6.04,6.53,3.76
Mar,28,4,2068,,1,1,0.77,-1.1,16.79,,22.57,0.0,22.0,,9.07,0.0,0.0,0.61,6.04,6.53,3.76
Mar,28,5,2069,,1,1,0.77,-1.1,16.57,,23.46,0.0,22.0,,9.43,0.0,0.0,0.61,6.04,6.53,3.76
Mar,28,6,2070,,1,1,0.77,-2.2,16.25,,25.34,0.0,22.0,,10.58,0.0,0.0,0.61,6.04,6.53,3.76
Mar,28,7,2071,,1,1,1.0,-0.6,15.38,,217.51,0.0,22.0,,85.99,0.0,14.7,0.8,7.88,6.53,4.91
Mar,28,8,2072,,1,1,1.0,2.8,15.9,,161.87,0.0,22.0,,58.78,0.0,14.7,0.8,7.88,6.53,4.91
Mar,28,9,2073,,1,1,1.0,6.1,16.41,,113.01,0.0,22.0,,38.15,0.0,14.7,0.8,7.88,6.53,4.91
Mar,28,10,2074,,1,1,1.0,7.8,16.83,,76.94,0.0,22.0,,25.02,0.0,14.7,0.8,7.88,6.53,4.91
Mar,28,11,2075,,1,1,1.0,8.3,17.14,,53.42,0.0,22.0,,17.19,0.0,14.7,0.8,7.88,6.53,4.91
Mar,28,12,2076,,1,1,1.0,8.9,17.46,,31.11,0.0,22.0,,9.88,0.0,14.7,0.8,7.88,6.53,4.91
Mar,28,13,2077,,1,1,1.0,10.0,17.85,,6.15,0.0,22.0,,1.91,0.0,14.7,0.8,7.88,6.53,4.91
Mar,28,14,2078,,1,1,1.0,9.4,18.04,,0.0,0.55,22.01,,0.0,0.08,14.7,0.8,7.88,6.53,4.91
Mar,28,15,2079,,1,1,1.0,10.6,18.35,,0.0,16.72,22.23,,0.0,2.56,14.7,0.8,7.88,6.53,4.91
Mar,28,16,2080,,1,1,1.0,10.6,18.48,,0.0,18.78,22.26,,0.0,2.88,14.7,0.8,7.88,6.53,4.91
Mar,28,17,2081,,1,1,1.0,10.0,18.41,,0.0,6.91,22.09,,0.0,1.05,14.7,0.8,7.88,6.53,4.91
Mar,28,18,2082,,1,1,1.0,8.9,18.2,,14.73,0.0,22.0,,4.68,0.0,14.7,0.8,7.88,6.53,4.91
Mar,28,19,2083,,1,1,1.0,6.7,17.83,,46.71,0.0,22.0,,15.56,0.0,14.7,0.8,7.88,6.53,4.91
Mar,28,20,2084,,1,1,1.0,5.6,17.57,,67.4,0.0,22.0,,23.01,0.0,14.7,0.8,7.88,6.53,4.91
Mar,28,21,2085,,1,1,1.0,7.2,17.63,,61.85,0.0,22.0,,20.38,0.0,14.7,0.8,7.88,6.53,4.91
Mar,28,22,2086,,1,1,0.77,4.4,17.62,,8.06,0.0,22.0,,2.83,0.0,0.0,0.61,6.04,6.53,3.76
Mar,28,23,2087,,1,1,0.77,3.3,17.39,,10.78,0.0,22.0,,3.87,0.0,0.0,0.61,6.04,6.53,3.76
Mar,28,24,2088,,1,1,0.77,1.1,17.05,,14.49,0.0,22.0,,5.47,0.0,0.0,0.61,6.04,6.53,3.76
Mar,29,1,2089,,1,1,0.77,1.1,16.86,,15.97,0.0,22.0,,6.03,0.0,0.0,0.61,6.04,6.53,3.76
Mar,29,2,2090,,1,1,0.77,0.6,16.64,,17.76,0.0,22.0,,6.79,0.0,0.0,0.61,6.04,6.53,3.76
Mar,29,3,2091,,1,1,0.77,1.1,16.49,,18.41,0.0,22.0,,6.95,0.0,0.0,0.61,6.04,6.53,3.76
Mar,29,4,2092,,1,1,0.77,1.1,16.31,,19.36,0.0,22.0,,7.31,0.0,0.0,0.61,6.04,6.53,3.76
Mar,29,5,2093,,1,1,0.77,1.7,16.18,,19.58,0.0,22.0,,7.29,0.0,0.0,0.61,6.04,6.53,3.76
Mar,29,6,2094,,1,1,0.77,2.8,16.11,,19.12,0.0,22.0,,6.94,0.0,0.0,0.61,6.04,6.53,3.76
Mar,29,7,2095,,1,1,1.0,2.8,15.34,,179.79,0.0,22.0,,65.29,0.0,14.7,0.8,7.88,6.53,4.91
Mar,29,8,2096,,1,1,1.0,3.9,15.53,,153.52,0.0,22.0,,54.4,0.0,14.7,0.8,7.88,6.53,4.91
Mar,29,9,2097,,1,1,1.0,5.6,15.71,,131.2,0.0,22.0,,44.78,0.0,14.7,0.8,7.88,6.53,4.91
Mar,29,10,2098,,1,1,1.0,6.1,15.93,,108.76,0.0,22.0,,36.71,0.0,14.7,0.8,7.88,6.53,4.91
Mar,29,11,2099,,1,1,1.0,4.4,15.68,,123.04,0.0,22.0,,43.13,0.0,14.7,0.8,7.88,6.53,4.91
Mar,29,12,2100,,1,1,1.0,4.4,15.67,,118.9,0.0,22.0,,41.68,0.0,14.7,0.8,7.88,6.53,4.91
Mar,29,13,2101,,1,1,1.0,1.1,15.18,,149.94,0.0,22.0,,56.62,0.0,14.7,0.8,7.88,6.53,4.91
Mar,29,14,2102,,1,1,1.0,0.6,14.99,,155.75,0.0,22.0,,59.51,0.0,14.7,0.8,7.88,6.53,4.91
Mar,29,15,2103,,1,1,1.0,2.2,15.09,,140.17,0.0,22.0,,51.6,0.0,14.7,0.8,7.88,6.53,4.91
Mar,29,16,2104,,1,1,1.0,3.3,15.11,,131.75,0.0,22.0,,47.31,0.0,14.7,0.8,7.88,6.53,4.91
Mar,29,17,2105,,1,1,1.0,2.2,14.89,,142.81,0.0,22.0,,52.57,0.0,14.7,0.8,7.88,6.53,4.91
Mar,29,18,2106,,1,1,1.0,0.0,14.46,,167.63,0.0,22.0,,64.97,0.0,14.7,0.8,7.88,6.53,4.91
Mar,29,19,2107,,1,1,1.0,-0.6,14.16,,180.04,0.0,22.0,,71.17,0.0,14.7,0.8,7.88,6.53,4.91
Mar,29,20,2108,,1,1,1.0,-1.1,13.89,,190.12,0.0,22.0,,76.43,0.0,14.7,0.8,7.88,6.53,4.91
Mar,29,21,2109,,1,1,1.0,-1.7,13.59,,200.68,0.0,22.0,,82.34,0.0,14.7,0.8,7.88,6.53,4.91
Mar,29,22,2110,,1,1,0.77,-2.8,13.85,,24.52,0.0,22.0,,10.46,0.0,0.0,0.61,6.04,6.53,3.76
Mar,29,23,2111,,1,1,0.77,-2.8,13.65,,25.53,0.0,22.0,,10.89,0.0,0.0,0.61,6.04,6.53,3.76
Mar,29,24,2112,,1,1,0.77,-2.8,13.45,,26.41,0.0,22.0,,11.26,0.0,0.0,0.61,6.04,6.53,3.76
Mar,30,1,2113,,1,1,0.77,-2.8,13.26,,27.17,0.0,22.0,,11.59,0.0,0.0,0.61,6.04,6.53,3.76
Mar,30,2,2114,,1,1,0.77,-2.2,13.12,,27.22,0.0,22.0,,11.36,0.0,0.0,0.61,6.04,6.53,3.76
Mar,30,3,2115,,1,1,0.77,-2.8,12.89,,28.34,0.0,22.0,,12.09,0.0,0.0,0.61,6.04,6.53,3.76
Mar,30,4,2116,,1,1,0.77,-3.3,12.66,,29.34,0.0,22.0,,12.74,0.0,0.0,0.61,6.04,6.53,3.76
Mar,30,5,2117,,1,1,0.77,-3.9,12.42,,30.43,0.0,22.0,,13.51,0.0,0.0,0.61,6.04,6.53,3.76
Mar,30,6,2118,,1,1,0.77,-4.4,12.19,,31.39,0.0,22.0,,14.2,0.0,0.0,0.61,6.04,6.53,3.76
Mar,30,7,2119,,1,1,1.0,-2.8,11.45,,257.65,0.0,22.0,,109.88,0.0,14.7,0.8,7.88,6.53,4.91
Mar,30,8,2120,,1,1,1.0,-0.6,11.85,,212.01,0.0,22.0,,83.81,0.0,14.7,0.8,7.88,6.53,4.91
Mar,30,9,2121,,1,1,1.0,1.7,12.24,,173.19,0.0,22.0,,64.49,0.0,14.7,0.8,7.88,6.53,4.91
Mar,30,10,2122,,1,1,1.0,4.4,12.77,,128.29,0.0,22.0,,44.97,0.0,14.7,0.8,7.88,6.53,4.91
Mar,30,11,2123,,1,1,1.0,7.8,13.51,,73.02,0.0,22.0,,23.75,0.0,14.7,0.8,7.88,6.53,4.91
Mar,30,12,2124,,1,1,1.0,9.4,14.03,,40.25,0.0,22.0,,12.66,0.0,14.7,0.8,7.88,6.53,4.91
Mar,30,13,2125,,1,1,1.0,11.1,14.61,,6.18,0.0,22.0,,1.87,0.0,14.7,0.8,7.88,6.53,4.91
Mar,30,14,2126,,1,1,1.0,11.7,15.05,,0.0,13.78,22.19,,0.0,2.17,14.7,0.8,7.88,6.53,4.91
Mar,30,15,2127,,1,1,1.0,12.2,15.4,,0.0,26.57,22.36,,0.0,4.23,14.7,0.8,7.88,6.53,4.91
Mar,30,16,2128,,1,1,1.0,11.1,15.47,,0.0,19.41,22.26,,0.0,3.01,14.7,0.8,7.88,6.53,4.91
Mar,30,17,2129,,1,1,1.0,11.1,15.57,,0.0,14.66,22.2,,0.0,2.27,14.7,0.8,7.88,6.53,4.91
Mar,30,18,2130,,1,1,1.0,10.0,15.47,,4.97,0.0,22.0,,1.54,0.0,14.7,0.8,7.88,6.53,4.91
Mar,30,19,2131,,1,1,1.0,8.3,15.26,,31.61,0.0,22.0,,10.17,0.0,14.7,0.8,7.88,6.53,4.91
Mar,30,20,2132,,1,1,1.0,6.1,14.95,,61.84,0.0,22.0,,20.87,0.0,14.7,0.8,7.88,6.53,4.91
Mar,30,21,2133,,1,1,1.0,4.4,14.66,,87.21,0.0,22.0,,30.57,0.0,14.7,0.8,7.88,6.53,4.91
Mar,30,22,2134,,1,1,0.77,3.3,14.79,,9.28,0.0,22.0,,3.33,0.0,0.0,0.61,6.04,6.53,3.76
Mar,30,23,2135,,1,1,0.77,2.8,14.64,,11.47,0.0,22.0,,4.17,0.0,0.0,0.61,6.04,6.53,3.76
Mar,30,24,2136,,1,1,0.77,1.1,14.39,,14.7,0.0,22.0,,5.55,0.0,0.0,0.61,6.04,6.53,3.76
Mar,31,1,2137,,1,1,0.77,0.6,14.21,,16.66,0.0,22.0,,6.37,0.0,0.0,0.61,6.04,6.53,3.76
Mar,31,2,2138,,1,1,0.77,0.6,14.07,,17.96,0.0,22.0,,6.86,0.0,0.0,0.61,6.04,6.53,3.76
Mar,31,3,2139,,1,1,0.77,1.1,13.96,,18.58,0.0,22.0,,7.02,0.0,0.0,0.61,6.04,6.53,3.76
Mar,31,4,2140,,1,1,0.77,1.1,13.83,,19.51,0.0,22.0,,7.37,0.0,0.0,0.61,6.04,6.53,3.76
Mar,31,5,2141,,1,1,0.77,0.6,13.66,,20.82,0.0,22.0,,7.96,0.0,0.0,0.61,6.04,6.53,3.76
Mar,31,6,2142,,1,1,0.77,0.6,13.53,,21.56,0.0,22.0,,8.24,0.0,0.0,0.61,6.04,6.53,3.76
Mar,31,7,2143,,1,1,1.0,3.3,13.15,,175.49,0.0,22.0,,63.02,0.0,14.7,0.8,7.88,6.53,4.91
Mar,31,8,2144,,1,1,1.0,7.2,13.87,,115.16,0.0,22.0,,37.94,0.0,14.7,0.8,7.88,6.53,4.91
Mar,31,9,2145,,1,1,1.0,10.6,14.54,,65.12,0.0,22.0,,19.96,0.0,14.7,0.8,7.88,6.53,4.91
Mar,31,10,2146,,1,1,1.0,13.3,15.24,,17.64,0.0,22.0,,5.11,0.0,14.7,0.8,7.88,6.53,4.91
Mar,31,11,2147,,1,1,1.0,15.6,15.95,,0.0,24.82,22.34,,0.0,4.29,14.7,0.8,7.88,6.53,4.91
Mar,31,12,2148,,1,1,1.0,16.7,16.54,,0.0,56.22,22.77,,0.0,10.01,14.7,0.8,7.88,6.53,4.91
Mar,31,13,2149,,1,1,1.0,17.8,17.17,,0.0,91.25,23.24,,0.0,16.73,14.7,0.8,7.88,6.53,4.91
Mar,31,14,2150,,1,1,1.0,18.3,17.7,,0.0,119.2,23.62,,0.0,22.15,14.7,0.8,7.88,6.53,4.91
Mar,31,15,2151,,1,1,1.0,19.4,18.26,,0.0,150.12,24.0,,0.0,28.77,14.7,0.8,7.88,6.53,4.91
Mar,31,16,2152,,1,1,1.0,19.4,18.56,,0.0,161.58,24.0,,0.0,30.96,14.7,0.8,7.88,6.53,4.91
Mar,31,17,2153,,1,1,1.0,18.3,18.64,,0.0,155.64,24.0,,0.0,28.92,14.7,0.8,7.88,6.53,4.91
Mar,31,18,2154,,1,1,1.0,16.7,18.58,,0.0,139.98,23.91,,0.0,24.92,14.7,0.8,7.88,6.53,4.91
Mar,31,19,2155,,1,1,1.0,14.4,18.37,,0.0,115.57,23.57,,0.0,19.4,14.7,0.8,7.88,6.53,4.91
Mar,31,20,2156,,1,1,1.0,12.2,18.14,,0.0,89.19,23.21,,0.0,14.19,14.7,0.8,7.88,6.53,4.91
Mar,31,21,2157,,1,1,1.0,10.6,17.94,,0.0,65.16,22.89,,0.0,9.99,14.7,0.8,7.88,6.53,4.91
Mar,31,22,2158,,1,1,0.77,9.2,17.96,,0.0,0.0,23.04,,0.0,0.0,0.0,0.61,6.04,6.53,3.76
Mar,31,23,2159,,1,1,0.77,7.7,17.78,,0.0,0.0,22.77,,0.0,0.0,0.0,0.61,6.04,6.53,3.76
Mar,31,24,2160,,1,1,0.77,6.3,17.59,,0.0,0.0,22.48,,0.0,0.0,0.0,0.61,6.04,6.53,3.76
Apr,1,1,2161,,1,1,0.77,4.9,17.37,,0.0,0.0,22.17,,0.0,0.0,0.0,0.61,6.04,6.53,3.88
Apr,1,2,2162,,1,1,0.77,3.5,17.13,,1.92,0.0,22.0,,0.69,0.0,0.0,0.61,6.04,6.53,3.88
Apr,1,3,2163,,1,1,0.77,2.0,16.86,,6.08,0.0,22.0,,2.25,0.0,0.0,0.61,6.04,6.53,3.88
Apr,1,4,2164,,1,1,0.77,0.6,16.58,,9.91,0.0,22.0,,3.79,0.0,0.0,0.61,6.04,6.53,3.88
Apr,1,5,2165,,1,1,0.77,0.0,16.34,,12.74,0.0,22.0,,4.94,0.0,0.0,0.61,6.04,6.53,3.88
Apr,1,6,2166,,1,1,0.77,0.6,16.19,,14.1,0.0,22.0,,5.39,0.0,0.0,0.61,6.04,6.53,3.88
Apr,1,7,2167,,1,1,1.0,2.0,15.43,,153.83,0.0,22.0,,56.89,0.0,14.7,0.8,7.88,6.53,5.07
Apr,1,8,2168,,1,1,1.0,1.1,15.32,,153.5,0.0,22.0,,57.96,0.0,14.7,0.8,7.88,6.53,5.07
Apr,1,9,2169,,1,1,1.0,1.7,15.23,,150.85,0.0,22.0,,56.17,0.0,14.7,0.8,7.88,6.53,5.07
Apr,1,10,2170,,1,1,1.0,1.7,15.1,,152.37,0.0,22.0,,56.74,0.0,14.7,0.8,7.88,6.53,5.07
Apr,1,11,2171,,1,1,1.0,1.7,15.01,,150.95,0.0,22.0,,56.21,0.0,14.7,0.8,7.88,6.53,5.07
Apr,1,12,2172,,1,1,1.0,2.2,14.97,,145.58,0.0,22.0,,53.59,0.0,14.7,0.8,7.88,6.53,5.07
Apr,1,13,2173,,1,1,1.0,2.2,14.86,,146.58,0.0,22.0,,53.96,0.0,14.7,0.8,7.88,6.53,5.07
Apr,1,14,2174,,1,1,1.0,2.8,14.95,,133.34,0.0,22.0,,48.42,0.0,14.7,0.8,7.88,6.53,5.07
Apr,1,15,2175,,1,1,1.0,2.8,14.81,,137.73,0.0,22.0,,50.02,0.0,14.7,0.8,7.88,6.53,5.07
Apr,1,16,2176,,1,1,1.0,2.8,14.69,,140.8,0.0,22.0,,51.13,0.0,14.7,0.8,7.88,6.53,5.07
Apr,1,17,2177,,1,1,1.0,1.7,14.42,,155.07,0.0,22.0,,57.75,0.0,14.7,0.8,7.88,6.53,5.07
Apr,1,18,2178,,1,1,1.0,0.6,14.11,,170.01,0.0,22.0,,64.96,0.0,14.7,0.8,7.88,6.53,5.07
Apr,1,19,2179,,1,1,1.0,-0.6,13.77,,186.02,0.0,22.0,,73.54,0.0,14.7,0.8,7.88,6.53,5.07
Apr,1,20,2180,,1,1,1.0,-1.1,13.51,,195.3,0.0,22.0,,78.51,0.0,14.7,0.8,7.88,6.53,5.07
Apr,1,21,2181,,1,1,1.0,-1.7,13.22,,205.16,0.0,22.0,,84.18,0.0,14.7,0.8,7.88,6.53,5.07
Apr,1,22,2182,,1,1,0.77,-2.8,13.47,,25.2,0.0,22.0,,10.75,0.0,0.0,0.61,6.04,6.53,3.88
Apr,1,23,2183,,1,1,0.77,-3.3,13.23,,26.63,0.0,22.0,,11.56,0.0,0.0,0.61,6.04,6.53,3.88
Apr,1,24,2184,,1,1,0.77,-3.9,12.98,,28.08,0.0,22.0,,12.47,0.0,0.0,0.61,6.04,6.53,3.88
Apr,2,1,2185,,1,1,0.77,-4.0,12.77,,28.96,0.0,22.0,,12.91,0.0,0.0,0.61,6.04,6.53,3.88
Apr,2,2,2186,,1,1,0.77,-4.0,12.57,,29.65,0.0,22.0,,13.21,0.0,0.0,0.61,6.04,6.53,3.88
Apr,2,3,2187,,1,1,0.77,-4.4,12.33,,30.65,0.0,22.0,,13.87,0.0,0.0,0.61,6.04,6.53,3.88
Apr,2,4,2188,,1,1,0.77,-5.0,12.08,,31.81,0.0,22.0,,14.73,0.0,0.0,0.61,6.04,6.53,3.88
Apr,2,5,2189,,1,1,0.77,-5.0,11.87,,32.34,0.0,22.0,,14.97,0.0,0.0,0.61,6.04,6.53,3.88
Apr,2,6,2190,,1,1,0.77,-5.6,11.61,,33.4,0.0,22.0,,13.89,0.0,0.0,0.61,6.04,6.53,3.88
Apr,2,7,2191,,1,1,1.0,-6.0,10.53,,295.77,0.0,22.0,,136.52,0.0,14.7,0.8,7.88,6.53,5.07
Apr,2,8,2192,,1,1,1.0,-5.0,10.59,,271.96,0.0,22.0,,126.53,0.0,14.7,0.8,7.88,6.53,5.07
Apr,2,9,2193,,1,1,1.0,-4.4,10.48,,263.54,0.0,22.0,,119.23,0.0,14.7,0.8,7.88,6.53,5.07
Apr,2,10,2194,,1,1,1.0,-3.9,10.39,,255.03,0.0,22.0,,113.23,0.0,14.7,0.8,7.88,6.53,5.07
Apr,2,11,2195,,1,1,1.0,-3.9,10.25,,251.34,0.0,22.0,,111.59,0.0,14.7,0.8,7.88,6.53,5.07
Apr,2,12,2196,,1,1,1.0,-3.3,10.23,,239.77,0.0,22.0,,104.12,0.0,14.7,0.8,7.88,6.53,5.07
Apr,2,13,2197,,1,1,1.0,-3.3,10.12,,236.44,0.0,22.0,,102.68,0.0,14.7,0.8,7.88,6.53,5.07
Apr,2,14,2198,,1,1,1.0,-3.3,10.0,,234.54,0.0,22.0,,101.85,0.0,14.7,0.8,7.88,6.53,5.07
Apr,2,15,2199,,1,1,1.0,-3.9,9.79,,239.82,0.0,22.0,,106.47,0.0,14.7,0.8,7.88,6.53,5.07
Apr,2,16,2200,,1,1,1.0,-4.4,9.57,,245.79,0.0,22.0,,111.2,0.0,14.7,0.8,7.88,6.53,5.07
Apr,2,17,2201,,1,1,1.0,-4.4,9.38,,248.37,0.0,22.0,,112.36,0.0,14.7,0.8,7.88,6.53,5.07
Apr,2,18,2202,,1,1,1.0,-5.0,9.12,,257.03,0.0,22.0,,119.0,0.0,14.7,0.8,7.88,6.53,5.07
Apr,2,19,2203,,1,1,1.0,-5.6,8.84,,265.63,0.0,22.0,,110.44,0.0,14.7,0.8,7.88,6.53,5.07
Apr,2,20,2204,,1,1,1.0,-6.0,8.58,,272.16,0.0,22.0,,114.26,0.0,14.7,0.8,7.88,6.53,5.07
Apr,2,21,2205,,1,1,1.0,-6.1,8.36,,275.69,0.0,22.0,,117.15,0.0,14.7,0.8,7.88,6.53,5.07
Apr,2,22,2206,,1,1,0.77,-6.7,8.64,,33.96,0.0,22.0,,14.5,0.0,0.0,0.61,6.04,6.53,3.88
Apr,2,23,2207,,1,1,0.77,-6.7,8.46,,34.59,0.0,22.0,,14.77,0.0,0.0,0.61,6.04,6.53,3.88
Apr,2,24,2208,,1,1,0.77,-6.1,8.34,,34.52,0.0,22.0,,14.53,0.0,0.0,0.61,6.04,6.53,3.88
Apr,3,1,2209,,1,1,0.77,-6.1,8.18,,34.94,0.0,22.0,,14.7,0.0,0.0,0.61,6.04,6.53,3.88
Apr,3,2,2210,,1,1,0.77,-6.1,8.02,,35.29,0.0,22.0,,14.85,0.0,0.0,0.61,6.04,6.53,3.88
Apr,3,3,2211,,1,1,0.77,-8.9,7.63,,38.44,0.0,22.0,,17.36,0.0,0.0,0.61,6.04,6.53,3.88
Apr,3,4,2212,,1,1,0.77,-7.0,7.59,,37.04,0.0,22.0,,15.94,0.0,0.0,0.61,6.04,6.53,3.88
Apr,3,5,2213,,1,1,0.77,-6.7,7.45,,37.01,0.0,22.0,,15.81,0.0,0.0,0.61,6.04,6.53,3.88
Apr,3,6,2214,,1,1,0.77,-6.7,7.3,,37.23,0.0,22.0,,15.9,0.0,0.0,0.61,6.04,6.53,3.88
Apr,3,7,2215,,1,1,1.0,-5.6,6.6,,307.01,0.0,22.0,,142.93,0.0,14.7,0.8,7.88,6.53,5.07
Apr,3,8,2216,,1,1,1.0,-5.0,6.7,,285.72,0.0,22.0,,140.29,0.0,14.7,0.8,7.88,6.53,5.07
Apr,3,9,2217,,1,1,1.0,-3.9,6.75,,271.35,0.0,22.0,,120.47,0.0,14.7,0.8,7.88,6.53,5.07
Apr,3,10,2218,,1,1,1.0,-3.3,6.77,,260.36,0.0,22.0,,113.06,0.0,14.7,0.8,7.88,6.53,5.07
Apr,3,11,2219,,1,1,1.0,-3.3,6.86,,245.35,0.0,22.0,,106.54,0.0,14.7,0.8,7.88,6.53,5.07
Apr,3,12,2220,,1,1,1.0,-2.2,7.12,,220.52,0.0,22.0,,92.07,0.0,14.7,0.8,7.88,6.53,5.07
Apr,3,13,2221,,1,1,1.0,0.0,7.6,,182.07,0.0,22.0,,70.57,0.0,14.7,0.8,7.88,6.53,5.07
Apr,3,14,2222,,1,1,1.0,3.3,8.22,,137.74,0.0,22.0,,49.46,0.0,14.7,0.8,7.88,6.53,5.07
Apr,3,15,2223,,1,1,1.0,3.3,8.45,,127.28,0.0,22.0,,45.71,0.0,14.7,0.8,7.88,6.53,5.07
Apr,3,16,2224,,1,1,1.0,3.3,8.59,,124.02,0.0,22.0,,44.54,0.0,14.7,0.8,7.88,6.53,5.07
Apr,3,17,2225,,1,1,1.0,2.2,8.51,,136.9,0.0,22.0,,50.4,0.0,14.7,0.8,7.88,6.53,5.07
Apr,3,18,2226,,1,1,1.0,2.2,8.52,,141.75,0.0,22.0,,52.18,0.0,14.7,0.8,7.88,6.53,5.07
Apr,3,19,2227,,1,1,1.0,-0.6,8.14,,174.54,0.0,22.0,,69.0,0.0,14.7,0.8,7.88,6.53,5.07
Apr,3,20,2228,,1,1,1.0,-2.2,7.87,,195.73,0.0,22.0,,81.72,0.0,14.7,0.8,7.88,6.53,5.07
Apr,3,21,2229,,1,1,1.0,-3.3,7.63,,212.21,0.0,22.0,,92.15,0.0,14.7,0.8,7.88,6.53,5.07
Apr,3,22,2230,,1,1,0.77,-3.9,7.82,,25.24,0.0,22.0,,11.21,0.0,0.0,0.61,6.04,6.53,3.88
Apr,3,23,2231,,1,1,0.77,-3.9,7.71,,26.41,0.0,22.0,,11.73,0.0,0.0,0.61,6.04,6.53,3.88
Apr,3,24,2232,,1,1,0.77,-3.9,7.6,,27.42,0.0,22.0,,12.17,0.0,0.0,0.61,6.04,6.53,3.88
Apr,4,1,2233,,1,1,0.77,-2.2,7.63,,26.57,0.0,22.0,,11.09,0.0,0.0,0.61,6.04,6.53,3.88
Apr,4,2,2234,,1,1,0.77,-2.6,7.53,,27.58,0.0,22.0,,11.68,0.0,0.0,0.61,6.04,6.53,3.88
Apr,4,3,2235,,1,1,0.77,-2.8,7.43,,28.33,0.0,22.0,,12.08,0.0,0.0,0.61,6.04,6.53,3.88
Apr,4,4,2236,,1,1,0.77,-1.7,7.44,,27.72,0.0,22.0,,11.37,0.0,0.0,0.61,6.04,6.53,3.88
Apr,4,5,2237,,1,1,0.77,-2.8,7.28,,29.16,0.0,22.0,,12.44,0.0,0.0,0.61,6.04,6.53,3.88
Apr,4,6,2238,,1,1,0.77,-5.0,7.02,,31.78,0.0,22.0,,14.71,0.0,0.0,0.61,6.04,6.53,3.88
Apr,4,7,2239,,1,1,1.0,-1.1,6.87,,242.11,0.0,22.0,,97.33,0.0,14.7,0.8,7.88,6.53,5.07
Apr,4,8,2240,,1,1,1.0,0.0,7.27,,206.76,0.0,22.0,,80.14,0.0,14.7,0.8,7.88,6.53,5.07
Apr,4,9,2241,,1,1,1.0,1.7,7.69,,174.67,0.0,22.0,,65.04,0.0,14.7,0.8,7.88,6.53,5.07
Apr,4,10,2242,,1,1,1.0,3.9,8.27,,133.75,0.0,22.0,,47.4,0.0,14.7,0.8,7.88,6.53,5.07
Apr,4,11,2243,,1,1,1.0,7.2,9.03,,84.42,0.0,22.0,,27.81,0.0,14.7,0.8,7.88,6.53,5.07
Apr,4,12,2244,,1,1,1.0,8.3,9.56,,57.41,0.0,22.0,,18.47,0.0,14.7,0.8,7.88,6.53,5.07
Apr,4,13,2245,,1,1,1.0,9.4,10.09,,33.3,0.0,22.0,,10.47,0.0,14.7,0.8,7.88,6.53,5.07
Apr,4,14,2246,,1,1,1.0,10.6,10.63,,9.85,0.0,22.0,,3.02,0.0,14.7,0.8,7.88,6.53,5.07
Apr,4,15,2247,,1,1,1.0,10.6,10.97,,4.6,0.0,22.0,,1.41,0.0,14.7,0.8,7.88,6.53,5.07
Apr,4,16,2248,,1,1,1.0,8.9,10.97,,23.49,0.0,22.0,,7.46,0.0,14.7,0.8,7.88,6.53,5.07
Apr,4,17,2249,,1,1,1.0,6.1,10.74,,56.95,0.0,22.0,,19.22,0.0,14.7,0.8,7.88,6.53,5.07
Apr,4,18,2250,,1,1,1.0,3.9,10.5,,87.19,0.0,22.0,,30.9,0.0,14.7,0.8,7.88,6.53,5.07
Apr,4,19,2251,,1,1,1.0,2.2,10.26,,113.61,0.0,22.0,,41.82,0.0,14.7,0.8,7.88,6.53,5.07
Apr,4,20,2252,,1,1,1.0,1.1,10.07,,133.31,0.0,22.0,,50.34,0.0,14.7,0.8,7.88,6.53,5.07
Apr,4,21,2253,,1,1,1.0,1.1,10.0,,141.97,0.0,22.0,,53.61,0.0,14.7,0.8,7.88,6.53,5.07
Apr,4,22,2254,,1,1,0.77,0.6,10.14,,15.91,0.0,22.0,,6.08,0.0,0.0,0.61,6.04,6.53,3.88
Apr,4,23,2255,,1,1,0.77,1.7,10.16,,16.2,0.0,22.0,,6.03,0.0,0.0,0.61,6.04,6.53,3.88
Apr,4,24,2256,,1,1,0.77,1.1,10.06,,17.92,0.0,22.0,,6.77,0.0,0.0,0.61,6.04,6.53,3.88
Apr,5,1,2257,,1,1,0.77,0.6,9.96,,19.45,0.0,22.0,,7.43,0.0,0.0,0.61,6.04,6.53,3.88
Apr,5,2,2258,,1,1,0.77,0.0,9.84,,20.98,0.0,22.0,,8.13,0.0,0.0,0.61,6.04,6.53,3.88
Apr,5,3,2259,,1,1,0.77,0.0,9.77,,21.84,0.0,22.0,,8.47,0.0,0.0,0.61,6.04,6.53,3.88
Apr,5,4,2260,,1,1,0.77,0.0,9.69,,22.58,0.0,22.0,,8.75,0.0,0.0,0.61,6.04,6.53,3.88
Apr,5,5,2261,,1,1,0.77,0.0,9.62,,23.22,0.0,22.0,,9.0,0.0,0.0,0.61,6.04,6.53,3.88
Apr,5,6,2262,,1,1,0.77,0.0,9.55,,23.77,0.0,22.0,,9.21,0.0,0.0,0.61,6.04,6.53,3.88
Apr,5,7,2263,,1,1,1.0,0.0,9.06,,214.41,0.0,22.0,,83.1,0.0,14.7,0.8,7.88,6.53,5.07
Apr,5,8,2264,,1,1,1.0,0.0,9.26,,194.01,0.0,22.0,,75.2,0.0,14.7,0.8,7.88,6.53,5.07
Apr,5,9,2265,,1,1,1.0,2.8,9.7,,158.66,0.0,22.0,,57.62,0.0,14.7,0.8,7.88,6.53,5.07
Apr,5,10,2266,,1,1,1.0,5.6,10.35,,111.01,0.0,22.0,,37.89,0.0,14.7,0.8,7.88,6.53,5.07
Apr,5,11,2267,,1,1,1.0,7.2,10.88,,78.22,0.0,22.0,,25.77,0.0,14.7,0.8,7.88,6.53,5.07
Apr,5,12,2268,,1,1,1.0,8.3,11.37,,51.64,0.0,22.0,,16.62,0.0,14.7,0.8,7.88,6.53,5.07
Apr,5,13,2269,,1,1,1.0,10.6,12.04,,14.46,0.0,22.0,,4.43,0.0,14.7,0.8,7.88,6.53,5.07
Apr,5,14,2270,,1,1,1.0,10.6,12.43,,1.8,0.0,22.0,,0.55,0.0,14.7,0.8,7.88,6.53,5.07
Apr,5,15,2271,,1,1,1.0,11.1,12.8,,0.0,8.72,22.12,,0.0,1.35,14.7,0.8,7.88,6.53,5.07
Apr,5,16,2272,,1,1,1.0,11.1,13.07,,0.0,11.92,22.16,,0.0,1.85,14.7,0.8,7.88,6.53,5.07
Apr,5,17,2273,,1,1,1.0,11.1,13.22,,0.0,6.53,22.09,,0.0,1.01,14.7,0.8,7.88,6.53,5.07
Apr,5,18,2274,,1,1,1.0,8.9,13.04,,22.38,0.0,22.0,,7.11,0.0,14.7,0.8,7.88,6.53,5.07
Apr,5,19,2275,,1,1,1.0,5.0,12.58,,69.59,0.0,22.0,,24.08,0.0,14.7,0.8,7.88,6.53,5.07
Apr,5,20,2276,,1,1,1.0,3.9,12.4,,90.23,0.0,22.0,,31.98,0.0,14.7,0.8,7.88,6.53,5.07
Apr,5,21,2277,,1,1,1.0,1.7,12.06,,120.41,0.0,22.0,,44.84,0.0,14.7,0.8,7.88,6.53,5.07
Apr,5,22,2278,,1,1,0.77,1.1,12.23,,12.94,0.0,22.0,,4.89,0.0,0.0,0.61,6.04,6.53,3.88
Apr,5,23,2279,,1,1,0.77,0.6,12.09,,15.14,0.0,22.0,,5.78,0.0,0.0,0.61,6.04,6.53,3.88
Apr,5,24,2280,,1,1,0.77,0.6,11.98,,16.65,0.0,22.0,,6.36,0.0,0.0,0.61,6.04,6.53,3.88
Apr,6,1,2281,,1,1,0.77,2.8,12.06,,15.72,0.0,22.0,,5.71,0.0,0.0,0.61,6.04,6.53,3.88
Apr,6,2,2282,,1,1,0.77,2.2,11.95,,17.26,0.0,22.0,,6.35,0.0,0.0,0.61,6.04,6.53,3.88
Apr,6,3,2283,,1,1,0.77,2.2,11.87,,18.12,0.0,22.0,,6.67,0.0,0.0,0.61,6.04,6.53,3.88
Apr,6,4,2284,,1,1,0.77,1.1,11.71,,19.97,0.0,22.0,,7.54,0.0,0.0,0.61,6.04,6.53,3.88
Apr,6,5,2285,,1,1,0.77,0.6,11.58,,21.22,0.0,22.0,,8.11,0.0,0.0,0.61,6.04,6.53,3.88
Apr,6,6,2286,,1,1,0.77,0.0,11.43,,22.51,0.0,22.0,,8.72,0.0,0.0,0.61,6.04,6.53,3.88
Apr,6,7,2287,,1,1,1.0,1.7,11.05,,191.02,0.0,22.0,,71.13,0.0,14.7,0.8,7.88,6.53,5.07
Apr,6,8,2288,,1,1,1.0,4.4,11.64,,142.08,0.0,22.0,,49.8,0.0,14.7,0.8,7.88,6.53,5.07
Apr,6,9,2289,,1,1,1.0,7.2,12.21,,99.13,0.0,22.0,,32.66,0.0,14.7,0.8,7.88,6.53,5.07
Apr,6,10,2290,,1,1,1.0,10.0,12.89,,53.58,0.0,22.0,,16.64,0.0,14.7,0.8,7.88,6.53,5.07
Apr,6,11,2291,,1,1,1.0,12.8,13.61,,9.54,0.0,22.0,,2.79,0.0,14.7,0.8,7.88,6.53,5.07
Apr,6,12,2292,,1,1,1.0,14.4,14.23,,0.0,21.86,22.3,,0.0,3.67,14.7,0.8,7.88,6.53,5.07
Apr,6,13,2293,,1,1,1.0,16.7,14.95,,0.0,60.68,22.83,,0.0,10.8,14.7,0.8,7.88,6.53,5.07
Apr,6,14,2294,,1,1,1.0,18.9,15.67,,0.0,99.65,23.36,,0.0,18.83,14.7,0.8,7.88,6.53,5.07
Apr,6,15,2295,,1,1,1.0,19.4,16.15,,0.0,120.96,23.65,,0.0,23.18,14.7,0.8,7.88,6.53,5.07
Apr,6,16,2296,,1,1,1.0,19.4,16.5,,0.0,133.29,23.81,,0.0,25.54,14.7,0.8,7.88,6.53,5.07
Apr,6,17,2297,,1,1,1.0,18.9,16.71,,0.0,135.32,23.84,,0.0,25.57,14.7,0.8,7.88,6.53,5.07
Apr,6,18,2298,,1,1,1.0,17.2,16.7,,0.0,122.06,23.66,,0.0,22.02,14.7,0.8,7.88,6.53,5.07
Apr,6,19,2299,,1,1,1.0,12.8,16.29,,0.0,79.05,23.08,,0.0,12.76,14.7,0.8,7.88,6.53,5.07
Apr,6,20,2300,,1,1,1.0,12.2,16.27,,0.0,65.75,22.9,,0.0,10.46,14.7,0.8,7.88,6.53,5.07
Apr,6,21,2301,,1,1,1.0,11.7,16.25,,0.0,52.64,22.72,,0.0,8.28,14.7,0.8,7.88,6.53,5.07
Apr,6,22,2302,,1,1,0.77,10.0,16.18,,0.0,0.0,22.81,,0.0,0.0,0.0,0.61,6.04,6.53,3.88
Apr,6,23,2303,,1,1,0.77,8.9,16.08,,0.0,0.0,22.59,,0.0,0.0,0.0,0.61,6.04,6.53,3.88
Apr,6,24,2304,,1,1,0.77,8.3,16.01,,0.0,0.0,22.4,,0.0,0.0,0.0,0.61,6.04,6.53,3.88
Apr,7,1,2305,,1,1,0.77,7.2,15.88,,0.0,0.0,22.15,,0.0,0.0,0.0,0.61,6.04,6.53,3.88
Apr,7,2,2306,,1,1,0.77,6.1,15.74,,1.35,0.0,22.0,,0.46,0.0,0.0,0.61,6.04,6.53,3.88
Apr,7,3,2307,,1,1,0.77,7.8,15.81,,1.75,0.0,22.0,,0.57,0.0,0.0,0.61,6.04,6.53,3.88
Apr,7,4,2308,,1,1,0.77,6.7,15.67,,4.54,0.0,22.0,,1.51,0.0,0.0,0.61,6.04,6.53,3.88
Apr,7,5,2309,,1,1,0.77,3.9,15.38,,8.93,0.0,22.0,,3.16,0.0,0.0,0.61,6.04,6.53,3.88
Apr,7,6,2310,,1,1,0.77,3.3,15.23,,11.13,0.0,22.0,,4.0,0.0,0.0,0.61,6.04,6.53,3.88
Apr,7,7,2311,,1,1,1.0,6.7,15.05,,101.77,0.0,22.0,,33.9,0.0,14.7,0.8,7.88,6.53,5.07
Apr,7,8,2312,,1,1,1.0,12.2,16.02,,29.0,0.0,22.0,,8.6,0.0,14.7,0.8,7.88,6.53,5.07
Apr,7,9,2313,,1,1,1.0,13.9,16.52,,0.0,0.79,22.01,,0.0,0.13,14.7,0.8,7.88,6.53,5.07
Apr,7,10,2314,,1,1,1.0,15.6,17.07,,0.0,31.85,22.43,,0.0,5.51,14.7,0.8,7.88,6.53,5.07
Apr,7,11,2315,,1,1,1.0,18.3,17.79,,0.0,74.78,23.02,,0.0,13.9,14.7,0.8,7.88,6.53,5.07
Apr,7,12,2316,,1,1,1.0,19.4,18.35,,0.0,106.9,23.46,,0.0,20.48,14.7,0.8,7.88,6.53,5.07
Apr,7,13,2317,,1,1,1.0,21.1,19.0,,0.0,145.36,23.98,,0.0,29.12,14.7,0.8,7.88,6.53,5.07
Apr,7,14,2318,,1,1,1.0,21.7,19.52,,0.0,174.26,24.0,,0.0,35.45,14.7,0.8,7.88,6.53,5.07
Apr,7,15,2319,,1,1,1.0,21.7,19.91,,0.0,191.59,24.0,,0.0,38.65,14.7,0.8,7.88,6.53,5.07
Apr,7,16,2320,,1,1,1.0,20.0,20.01,,0.0,185.19,24.0,,0.0,36.1,14.7,0.8,7.88,6.53,5.07
Apr,7,17,2321,,1,1,1.0,19.4,20.12,,0.0,180.96,24.0,,0.0,34.67,14.7,0.8,7.88,6.53,5.07
Apr,7,18,2322,,1,1,1.0,16.7,19.91,,0.0,154.39,24.0,,0.0,27.48,14.7,0.8,7.88,6.53,5.07
Apr,7,19,2323,,1,1,1.0,13.9,19.61,,0.0,123.96,23.69,,0.0,20.55,14.7,0.8,7.88,6.53,5.07
Apr,7,20,2324,,1,1,1.0,12.8,19.48,,0.0,106.83,23.45,,0.0,17.24,14.7,0.8,7.88,6.53,5.07
Apr,7,21,2325,,1,1,1.0,11.7,19.32,,0.0,88.15,23.2,,0.0,13.86,14.7,0.8,7.88,6.53,5.07
Apr,7,22,2326,,1,1,0.77,10.0,19.33,,0.0,0.0,23.31,,0.0,0.0,0.0,0.61,6.04,6.53,3.88
Apr,7,23,2327,,1,1,0.77,8.3,19.12,,0.0,0.0,23.03,,0.0,0.0,0.0,0.61,6.04,6.53,3.88
Apr,7,24,2328,,1,1,0.77,8.9,19.08,,0.0,0.0,22.91,,0.0,0.0,0.0,0.61,6.04,6.53,3.88
Apr,8,1,2329,,1,1,0.77,12.0,19.26,,0.0,0.0,23.02,,0.0,0.0,0.0,0.61,6.04,6.53,3.88
Apr,8,2,2330,,1,1,0.77,8.3,18.92,,0.0,0.0,22.61,,0.0,0.0,0.0,0.61,6.04,6.53,3.88
Apr,8,3,2331,,1,1,0.77,8.3,18.83,,0.0,0.0,22.46,,0.0,0.0,0.0,0.61,6.04,6.53,3.88
Apr,8,4,2332,,1,1,0.77,7.2,18.65,,0.0,0.0,22.21,,0.0,0.0,0.0,0.61,6.04,6.53,3.88
Apr,8,5,2333,,1,1,0.77,7.2,18.55,,0.0,0.0,22.04,,0.0,0.0,0.0,0.61,6.04,6.53,3.88
Apr,8,6,2334,,1,1,0.77,6.7,18.4,,2.11,0.0,22.0,,0.7,0.0,0.0,0.61,6.04,6.53,3.88
Apr,8,7,2335,,1,1,1.0,7.2,17.85,,68.75,0.0,22.0,,22.65,0.0,14.7,0.8,7.88,6.53,5.07
Apr,8,8,2336,,1,1,1.0,8.3,18.06,,51.78,0.0,22.0,,16.66,0.0,14.7,0.8,7.88,6.53,5.07
Apr,8,9,2337,,1,1,1.0,10.0,18.41,,25.8,0.0,22.0,,8.01,0.0,14.7,0.8,7.88,6.53,5.07
Apr,8,10,2338,,1,1,1.0,13.3,19.04,,0.0,17.4,22.24,,0.0,2.84,14.7,0.8,7.88,6.53,5.07
Apr,8,11,2339,,1,1,1.0,15.6,19.6,,0.0,53.18,22.72,,0.0,9.2,14.7,0.8,7.88,6.53,5.07
Apr,8,12,2340,,1,1,1.0,16.1,19.98,,0.0,75.06,23.02,,0.0,13.15,14.7,0.8,7.88,6.53,5.07
Apr,8,13,2341,,1,1,1.0,17.2,20.42,,0.0,102.32,23.39,,0.0,18.46,14.7,0.8,7.88,6.53,5.07
Apr,8,14,2342,,1,1,1.0,17.8,20.8,,0.0,124.97,23.7,,0.0,22.91,14.7,0.8,7.88,6.53,5.07
Apr,8,15,2343,,1,1,1.0,16.7,20.94,,0.0,129.43,23.76,,0.0,23.04,14.7,0.8,7.88,6.53,5.07
Apr,8,16,2344,,1,1,1.0,16.1,21.03,,0.0,131.5,23.79,,0.0,23.04,14.7,0.8,7.88,6.53,5.07
Apr,8,17,2345,,1,1,1.0,15.6,21.04,,0.0,127.09,23.73,,0.0,21.98,14.7,0.8,7.88,6.53,5.07
Apr,8,18,2346,,1,1,1.0,14.4,20.92,,0.0,113.22,23.54,,0.0,19.0,14.7,0.8,7.88,6.53,5.07
Apr,8,19,2347,,1,1,1.0,9.4,20.25,,0.0,59.68,22.81,,0.0,8.91,14.7,0.8,7.88,6.53,5.07
Apr,8,20,2348,,1,1,1.0,5.6,19.65,,0.0,10.64,22.14,,0.0,1.47,14.7,0.8,7.88,6.53,5.07
Apr,8,21,2349,,1,1,1.0,2.8,19.09,,34.6,0.0,22.0,,12.57,0.0,14.7,0.8,7.88,6.53,5.07
Apr,8,22,2350,,1,1,0.77,1.7,19.38,,0.79,0.0,22.0,,0.29,0.0,0.0,0.61,6.04,6.53,3.88
Apr,8,23,2351,,1,1,0.77,1.7,19.16,,3.99,0.0,22.0,,1.49,0.0,0.0,0.61,6.04,6.53,3.88
Apr,8,24,2352,,1,1,0.77,1.7,18.94,,6.76,0.0,22.0,,2.52,0.0,0.0,0.61,6.04,6.53,3.88
Apr,9,1,2353,,1,1,0.77,1.1,18.68,,9.76,0.0,22.0,,3.69,0.0,0.0,0.61,6.04,6.53,3.88
Apr,9,2,2354,,1,1,0.77,-1.7,18.23,,14.71,0.0,22.0,,6.04,0.0,0.0,0.61,6.04,6.53,3.88
Apr,9,3,2355,,1,1,0.77,0.6,18.15,,14.48,0.0,22.0,,5.53,0.0,0.0,0.61,6.04,6.53,3.88
Apr,9,4,2356,,1,1,0.77,0.0,17.89,,16.68,0.0,22.0,,6.47,0.0,0.0,0.61,6.04,6.53,3.88
Apr,9,5,2357,,1,1,0.77,1.7,17.8,,16.4,0.0,22.0,,6.11,0.0,0.0,0.61,6.04,6.53,3.88
Apr,9,6,2358,,1,1,0.77,1.1,17.56,,18.09,0.0,22.0,,6.83,0.0,0.0,0.61,6.04,6.53,3.88
Apr,9,7,2359,,1,1,1.0,5.6,17.21,,136.82,0.0,22.0,,46.7,0.0,14.7,0.8,7.88,6.53,5.07
Apr,9,8,2360,,1,1,1.0,9.4,17.87,,78.77,0.0,22.0,,24.77,0.0,14.7,0.8,7.88,6.53,5.07
Apr,9,9,2361,,1,1,1.0,12.2,18.38,,37.41,0.0,22.0,,11.09,0.0,14.7,0.8,7.88,6.53,5.07
Apr,9,10,2362,,1,1,1.0,13.9,18.85,,4.41,0.0,22.0,,1.26,0.0,14.7,0.8,7.88,6.53,5.07
Apr,9,11,2363,,1,1,1.0,15.6,19.35,,0.0,27.08,22.37,,0.0,4.68,14.7,0.8,7.88,6.53,5.07
Apr,9,12,2364,,1,1,1.0,16.7,19.81,,0.0,55.67,22.76,,0.0,9.91,14.7,0.8,7.88,6.53,5.07
Apr,9,13,2365,,1,1,1.0,15.6,20.01,,0.0,64.6,22.88,,0.0,11.17,14.7,0.8,7.88,6.53,5.07
Apr,9,14,2366,,1,1,1.0,15.6,20.16,,0.0,70.36,22.96,,0.0,12.17,14.7,0.8,7.88,6.53,5.07
Apr,9,15,2367,,1,1,1.0,15.0,20.35,,0.0,79.29,23.08,,0.0,13.51,14.7,0.8,7.88,6.53,5.07
Apr,9,16,2368,,1,1,1.0,12.2,20.12,,0.0,57.83,22.79,,0.0,9.2,14.7,0.8,7.88,6.53,5.07
Apr,9,17,2369,,1,1,1.0,11.1,19.99,,0.0,43.7,22.59,,0.0,6.78,14.7,0.8,7.88,6.53,5.07
Apr,9,18,2370,,1,1,1.0,8.9,19.63,,0.0,12.67,22.17,,0.0,1.87,14.7,0.8,7.88,6.53,5.07
Apr,9,19,2371,,1,1,1.0,6.7,19.23,,21.53,0.0,22.0,,7.17,0.0,14.7,0.8,7.88,6.53,5.07
Apr,9,20,2372,,1,1,1.0,5.6,18.93,,45.62,0.0,22.0,,15.57,0.0,14.7,0.8,7.88,6.53,5.07
Apr,9,21,2373,,1,1,1.0,1.7,18.25,,94.78,0.0,22.0,,35.29,0.0,14.7,0.8,7.88,6.53,5.07
Apr,9,22,2374,,1,1,0.77,3.3,18.77,,6.82,0.0,22.0,,2.45,0.0,0.0,0.61,6.04,6.53,3.88
Apr,9,23,2375,,1,1,0.77,4.4,18.68,,7.73,0.0,22.0,,2.71,0.0,0.0,0.61,6.04,6.53,3.88
Apr,9,24,2376,,1,1,0.77,3.3,18.43,,10.49,0.0,22.0,,3.77,0.0,0.0,0.61,6.04,6.53,3.88
Apr,10,1,2377,,1,1,0.77,3.3,18.26,,12.01,0.0,22.0,,4.31,0.0,0.0,0.61,6.04,6.53,3.88
Apr,10,2,2378,,1,1,0.77,3.3,18.09,,13.33,0.0,22.0,,4.79,0.0,0.0,0.61,6.04,6.53,3.88
Apr,10,3,2379,,1,1,0.77,2.8,17.88,,14.97,0.0,22.0,,5.44,0.0,0.0,0.61,6.04,6.53,3.88
Apr,10,4,2380,,1,1,0.77,2.8,17.71,,16.0,0.0,22.0,,5.81,0.0,0.0,0.61,6.04,6.53,3.88
Apr,10,5,2381,,1,1,0.77,2.8,17.54,,16.89,0.0,22.0,,6.13,0.0,0.0,0.61,6.04,6.53,3.88
Apr,10,6,2382,,1,1,0.77,2.2,17.32,,18.27,0.0,22.0,,6.73,0.0,0.0,0.61,6.04,6.53,3.88
Apr,10,7,2383,,1,1,1.0,4.4,16.76,,154.03,0.0,22.0,,53.99,0.0,14.7,0.8,7.88,6.53,5.07
Apr,10,8,2384,,1,1,1.0,5.0,17.0,,125.37,0.0,22.0,,43.38,0.0,14.7,0.8,7.88,6.53,5.07
Apr,10,9,2385,,1,1,1.0,6.7,17.25,,98.71,0.0,22.0,,32.88,0.0,14.7,0.8,7.88,6.53,5.07
Apr,10,10,2386,,1,1,1.0,8.3,17.6,,68.56,0.0,22.0,,22.06,0.0,14.7,0.8,7.88,6.53,5.07
Apr,10,11,2387,,1,1,1.0,8.9,17.84,,48.93,0.0,22.0,,15.55,0.0,14.7,0.8,7.88,6.53,5.07
Apr,10,12,2388,,1,1,1.0,10.6,18.25,,19.73,0.0,22.0,,6.05,0.0,14.7,0.8,7.88,6.53,5.07
Apr,10,13,2389,,1,1,1.0,10.6,18.46,,8.56,0.0,22.0,,2.62,0.0,14.7,0.8,7.88,6.53,5.07
Apr,10,14,2390,,1,1,1.0,11.1,18.73,,0.0,5.97,22.08,,0.0,0.93,14.7,0.8,7.88,6.53,5.07
Apr,10,15,2391,,1,1,1.0,10.6,18.83,,0.0,7.24,22.1,,0.0,1.11,14.7,0.8,7.88,6.53,5.07
Apr,10,16,2392,,1,1,1.0,10.6,18.84,,0.0,2.08,22.03,,0.0,0.32,14.7,0.8,7.88,6.53,5.07
Apr,10,17,2393,,1,1,1.0,9.4,18.7,,13.71,0.0,22.0,,4.31,0.0,14.7,0.8,7.88,6.53,5.07
Apr,10,18,2394,,1,1,1.0,7.8,18.43,,37.88,0.0,22.0,,12.32,0.0,14.7,0.8,7.88,6.53,5.07
Apr,10,19,2395,,1,1,1.0,4.4,17.87,,80.25,0.0,22.0,,28.13,0.0,14.7,0.8,7.88,6.53,5.07
Apr,10,20,2396,,1,1,1.0,2.2,17.4,,110.88,0.0,22.0,,40.82,0.0,14.7,0.8,7.88,6.53,5.07
Apr,10,21,2397,,1,1,1.0,0.6,16.97,,135.66,0.0,22.0,,51.83,0.0,14.7,0.8,7.88,6.53,5.07
Apr,10,22,2398,,1,1,0.77,-1.7,17.16,,16.62,0.0,22.0,,6.82,0.0,0.0,0.61,6.04,6.53,3.88
Apr,10,23,2399,,1,1,0.77,-3.9,16.74,,20.68,0.0,22.0,,9.18,0.0,0.0,0.61,6.04,6.53,3.88
Apr,10,24,2400,,1,1,0.77,-2.2,16.6,,20.74,0.0,22.0,,8.66,0.0,0.0,0.61,6.04,6.53,3.88
Apr,11,1,2401,,1,1,0.77,-4.4,16.18,,24.36,0.0,22.0,,11.02,0.0,0.0,0.61,6.04,6.53,3.88
Apr,11,2,2402,,1,1,0.77,-4.4,15.9,,25.76,0.0,22.0,,11.65,0.0,0.0,0.61,6.04,6.53,3.88
Apr,11,3,2403,,1,1,0.77,-7.2,15.4,,29.81,0.0,22.0,,12.89,0.0,0.0,0.61,6.04,6.53,3.88
Apr,11,4,2404,,1,1,0.77,-7.8,15.04,,31.72,0.0,22.0,,13.93,0.0,0.0,0.61,6.04,6.53,3.88
Apr,11,5,2405,,1,1,0.77,-8.3,14.68,,33.41,0.0,22.0,,14.86,0.0,0.0,0.61,6.04,6.53,3.88
Apr,11,6,2406,,1,1,0.77,-6.7,14.5,,32.82,0.0,22.0,,14.02,0.0,0.0,0.61,6.04,6.53,3.88
Apr,11,7,2407,,1,1,1.0,0.0,14.11,,227.34,0.0,22.0,,88.12,0.0,14.7,0.8,7.88,6.53,5.07
Apr,11,8,2408,,1,1,1.0,3.9,14.72,,165.99,0.0,22.0,,58.82,0.0,14.7,0.8,7.88,6.53,5.07
Apr,11,9,2409,,1,1,1.0,6.1,15.11,,127.74,0.0,22.0,,43.12,0.0,14.7,0.8,7.88,6.53,5.07
Apr,11,10,2410,,1,1,1.0,8.3,15.6,,87.0,0.0,22.0,,27.99,0.0,14.7,0.8,7.88,6.53,5.07
Apr,11,11,2411,,1,1,1.0,10.6,16.12,,48.44,0.0,22.0,,14.85,0.0,14.7,0.8,7.88,6.53,5.07
Apr,11,12,2412,,1,1,1.0,12.2,16.6,,16.74,0.0,22.0,,4.96,0.0,14.7,0.8,7.88,6.53,5.07
Apr,11,13,2413,,1,1,1.0,13.3,17.08,,0.0,10.46,22.14,,0.0,1.71,14.7,0.8,7.88,6.53,5.07
Apr,11,14,2414,,1,1,1.0,15.6,17.69,,0.0,46.8,22.64,,0.0,8.1,14.7,0.8,7.88,6.53,5.07
Apr,11,15,2415,,1,1,1.0,15.0,17.89,,0.0,52.0,22.71,,0.0,8.86,14.7,0.8,7.88,6.53,5.07
Apr,11,16,2416,,1,1,1.0,15.6,18.18,,0.0,64.83,22.88,,0.0,11.21,14.7,0.8,7.88,6.53,5.07
Apr,11,17,2417,,1,1,1.0,13.9,18.08,,0.0,49.1,22.67,,0.0,8.14,14.7,0.8,7.88,6.53,5.07
Apr,11,18,2418,,1,1,1.0,11.7,17.86,,0.0,24.93,22.34,,0.0,3.92,14.7,0.8,7.88,6.53,5.07
Apr,11,19,2419,,1,1,1.0,7.8,17.35,,20.97,0.0,22.0,,6.82,0.0,14.7,0.8,7.88,6.53,5.07
Apr,11,20,2420,,1,1,1.0,8.3,17.32,,28.11,0.0,22.0,,9.04,0.0,14.7,0.8,7.88,6.53,5.07
Apr,11,21,2421,,1,1,1.0,6.1,16.97,,58.81,0.0,22.0,,19.85,0.0,14.7,0.8,7.88,6.53,5.07
Apr,11,22,2422,,1,1,0.77,7.2,17.29,,3.3,0.0,22.0,,1.09,0.0,0.0,0.61,6.04,6.53,3.88
Apr,11,23,2423,,1,1,0.77,1.7,16.76,,10.47,0.0,22.0,,3.9,0.0,0.0,0.61,6.04,6.53,3.88
Apr,11,24,2424,,1,1,0.77,0.6,16.5,,13.48,0.0,22.0,,5.15,0.0,0.0,0.61,6.04,6.53,3.88
Apr,12,1,2425,,1,1,0.77,-0.6,16.21,,16.43,0.0,22.0,,6.5,0.0,0.0,0.61,6.04,6.53,3.88
Apr,12,2,2426,,1,1,0.77,2.8,16.28,,14.59,0.0,22.0,,5.3,0.0,0.0,0.61,6.04,6.53,3.88
Apr,12,3,2427,,1,1,0.77,2.8,16.14,,15.67,0.0,22.0,,5.69,0.0,0.0,0.61,6.04,6.53,3.88
Apr,12,4,2428,,1,1,0.77,1.1,15.86,,18.33,0.0,22.0,,6.92,0.0,0.0,0.61,6.04,6.53,3.88
Apr,12,5,2429,,1,1,0.77,1.1,15.69,,19.29,0.0,22.0,,7.28,0.0,0.0,0.61,6.04,6.53,3.88
Apr,12,6,2430,,1,1,0.77,0.6,15.49,,20.58,0.0,22.0,,7.86,0.0,0.0,0.61,6.04,6.53,3.88
Apr,12,7,2431,,1,1,1.0,5.0,15.23,,152.68,0.0,22.0,,52.83,0.0,14.7,0.8,7.88,6.53,5.07
Apr,12,8,2432,,1,1,1.0,7.8,15.81,,101.71,0.0,22.0,,33.08,0.0,14.7,0.8,7.88,6.53,5.07
Apr,12,9,2433,,1,1,1.0,10.0,16.29,,63.86,0.0,22.0,,19.83,0.0,14.7,0.8,7.88,6.53,5.07
Apr,12,10,2434,,1,1,1.0,12.2,16.87,,23.03,0.0,22.0,,6.83,0.0,14.7,0.8,7.88,6.53,5.07
Apr,12,11,2435,,1,1,1.0,15.6,17.65,,0.0,28.61,22.39,,0.0,4.95,14.7,0.8,7.88,6.53,5.07
Apr,12,12,2436,,1,1,1.0,18.3,18.36,,0.0,72.29,22.98,,0.0,13.43,14.7,0.8,7.88,6.53,5.07
Apr,12,13,2437,,1,1,1.0,20.0,18.97,,0.0,108.85,23.48,,0.0,21.22,14.7,0.8,7.88,6.53,5.07
Apr,12,14,2438,,1,1,1.0,20.6,19.47,,0.0,137.09,23.87,,0.0,27.12,14.7,0.8,7.88,6.53,5.07
Apr,12,15,2439,,1,1,1.0,20.6,19.85,,0.0,157.57,24.0,,0.0,31.17,14.7,0.8,7.88,6.53,5.07
Apr,12,16,2440,,1,1,1.0,19.4,19.95,,0.0,156.05,24.0,,0.0,29.9,14.7,0.8,7.88,6.53,5.07
Apr,12,17,2441,,1,1,1.0,18.9,20.06,,0.0,155.45,24.0,,0.0,29.37,14.7,0.8,7.88,6.53,5.07
Apr,12,18,2442,,1,1,1.0,16.7,19.93,,0.0,137.63,23.87,,0.0,24.5,14.7,0.8,7.88,6.53,5.07
Apr,12,19,2443,,1,1,1.0,13.3,19.55,,0.0,102.44,23.39,,0.0,16.74,14.7,0.8,7.88,6.53,5.07
Apr,12,20,2444,,1,1,1.0,12.8,19.48,,0.0,90.41,23.23,,0.0,14.59,14.7,0.8,7.88,6.53,5.07
Apr,12,21,2445,,1,1,1.0,10.6,19.18,,0.0,61.78,22.84,,0.0,9.47,14.7,0.8,7.88,6.53,5.07
Apr,12,22,2446,,1,1,0.77,8.9,19.21,,0.0,0.0,22.97,,0.0,0.0,0.0,0.61,6.04,6.53,3.88
Apr,12,23,2447,,1,1,0.77,6.7,18.95,,0.0,0.0,22.64,,0.0,0.0,0.0,0.61,6.04,6.53,3.88
Apr,12,24,2448,,1,1,0.77,6.7,18.83,,0.0,0.0,22.45,,0.0,0.0,0.0,0.61,6.04,6.53,3.88
Apr,13,1,2449,,1,1,0.77,5.0,18.57,,0.0,0.0,22.12,,0.0,0.0,0.0,0.61,6.04,6.53,3.88
Apr,13,2,2450,,1,1,0.77,6.1,18.52,,0.0,0.0,22.0,,0.0,0.0,0.0,0.61,6.04,6.53,3.88
Apr,13,3,2451,,1,1,0.77,3.9,18.21,,4.52,0.0,22.0,,1.6,0.0,0.0,0.61,6.04,6.53,3.88
Apr,13,4,2452,,1,1,0.77,3.3,18.0,,7.32,0.0,22.0,,2.63,0.0,0.0,0.61,6.04,6.53,3.88
Apr,13,5,2453,,1,1,0.77,3.9,17.89,,8.66,0.0,22.0,,3.07,0.0,0.0,0.61,6.04,6.53,3.88
Apr,13,6,2454,,1,1,0.77,3.9,17.74,,10.24,0.0,22.0,,3.63,0.0,0.0,0.61,6.04,6.53,3.88
Apr,13,7,2455,,1,1,1.0,7.2,17.41,,95.61,0.0,22.0,,31.5,0.0,14.7,0.8,7.88,6.53,5.07
Apr,13,8,2456,,1,1,1.0,10.6,18.06,,43.44,0.0,22.0,,13.32,0.0,14.7,0.8,7.88,6.53,5.07
Apr,13,9,2457,,1,1,1.0,12.2,18.44,,16.62,0.0,22.0,,4.93,0.0,14.7,0.8,7.88,6.53,5.07
Apr,13,10,2458,,1,1,1.0,15.0,19.05,,0.0,24.43,22.33,,0.0,4.16,14.7,0.8,7.88,6.53,5.07
Apr,13,11,2459,,1,1,1.0,16.7,19.4,,0.0,44.3,22.6,,0.0,7.89,14.7,0.8,7.88,6.53,5.07
Apr,13,12,2460,,1,1,1.0,17.8,19.86,,0.0,71.81,22.98,,0.0,13.16,14.7,0.8,7.88,6.53,5.07
Apr,13,13,2461,,1,1,1.0,18.3,20.28,,0.0,97.05,23.32,,0.0,18.03,14.7,0.8,7.88,6.53,5.07
Apr,13,14,2462,,1,1,1.0,15.6,20.22,,0.0,87.75,23.19,,0.0,15.18,14.7,0.8,7.88,6.53,5.07
Apr,13,15,2463,,1,1,1.0,12.2,19.9,,0.0,58.57,22.8,,0.0,9.32,14.7,0.8,7.88,6.53,5.07
Apr,13,16,2464,,1,1,1.0,13.9,20.08,,0.0,66.95,22.91,,0.0,11.1,14.7,0.8,7.88,6.53,5.07
Apr,13,17,2465,,1,1,1.0,15.6,20.36,,0.0,81.85,23.11,,0.0,14.16,14.7,0.8,7.88,6.53,5.07
Apr,13,18,2466,,1,1,1.0,13.9,20.21,,0.0,66.13,22.9,,0.0,10.96,14.7,0.8,7.88,6.53,5.07
Apr,13,19,2467,,1,1,1.0,10.0,19.69,,0.0,22.92,22.31,,0.0,3.47,14.7,0.8,7.88,6.53,5.07
Apr,13,20,2468,,1,1,1.0,7.2,19.24,,14.74,0.0,22.0,,4.86,0.0,14.7,0.8,7.88,6.53,5.07
Apr,13,21,2469,,1,1,1.0,9.4,19.37,,7.8,0.0,22.0,,2.45,0.0,14.7,0.8,7.88,6.53,5.07
Apr,13,22,2470,,1,1,0.77,8.3,19.49,,0.0,0.0,22.09,,0.0,0.0,0.0,0.61,6.04,6.53,3.88
Apr,13,23,2471,,1,1,0.77,7.8,19.35,,1.19,0.0,22.0,,0.39,0.0,0.0,0.61,6.04,6.53,3.88
Apr,13,24,2472,,1,1,0.77,7.2,19.19,,3.55,0.0,22.0,,1.17,0.0,0.0,0.61,6.04,6.53,3.88
Apr,14,1,2473,,1,1,0.77,7.2,19.08,,5.12,0.0,22.0,,1.69,0.0,0.0,0.61,6.04,6.53,3.88
Apr,14,2,2474,,1,1,0.77,7.2,18.97,,6.48,0.0,22.0,,2.13,0.0,0.0,0.61,6.04,6.53,3.88
Apr,14,3,2475,,1,1,0.77,6.1,18.76,,8.77,0.0,22.0,,2.96,0.0,0.0,0.61,6.04,6.53,3.88
Apr,14,4,2476,,1,1,0.77,6.0,18.63,,9.99,0.0,22.0,,3.38,0.0,0.0,0.61,6.04,6.53,3.88
Apr,14,5,2477,,1,1,0.77,5.0,18.42,,11.98,0.0,22.0,,4.15,0.0,0.0,0.61,6.04,6.53,3.88
Apr,14,6,2478,,1,1,0.77,2.8,18.1,,15.1,0.0,22.0,,5.48,0.0,0.0,0.61,6.04,6.53,3.88
Apr,14,7,2479,,1,1,1.0,0.6,16.97,,176.47,0.0,22.0,,67.43,0.0,14.7,0.8,7.88,6.53,5.07
Apr,14,8,2480,,1,1,1.0,0.0,16.85,,170.19,0.0,22.0,,65.97,0.0,14.7,0.8,7.88,6.53,5.07
Apr,14,9,2481,,1,1,1.0,0.0,16.63,,172.83,0.0,22.0,,66.99,0.0,14.7,0.8,7.88,6.53,5.07
Apr,14,10,2482,,1,1,1.0,0.0,16.42,,174.65,0.0,22.0,,67.69,0.0,14.7,0.8,7.88,6.53,5.07
Apr,14,11,2483,,1,1,1.0,0.0,16.26,,172.71,0.0,22.0,,66.94,0.0,14.7,0.8,7.88,6.53,5.07
Apr,14,12,2484,,1,1,1.0,2.0,16.39,,149.63,0.0,22.0,,55.34,0.0,14.7,0.8,7.88,6.53,5.07
Apr,14,13,2485,,1,1,1.0,3.3,16.58,,125.62,0.0,22.0,,45.11,0.0,14.7,0.8,7.88,6.53,5.07
Apr,14,14,2486,,1,1,1.0,3.3,16.45,,127.75,0.0,22.0,,45.88,0.0,14.7,0.8,7.88,6.53,5.07
Apr,14,15,2487,,1,1,1.0,2.8,16.41,,123.85,0.0,22.0,,44.98,0.0,14.7,0.8,7.88,6.53,5.07
Apr,14,16,2488,,1,1,1.0,3.9,16.4,,117.62,0.0,22.0,,41.68,0.0,14.7,0.8,7.88,6.53,5.07
Apr,14,17,2489,,1,1,1.0,2.8,16.15,,129.84,0.0,22.0,,47.15,0.0,14.7,0.8,7.88,6.53,5.07
Apr,14,18,2490,,1,1,1.0,2.2,15.89,,141.91,0.0,22.0,,52.24,0.0,14.7,0.8,7.88,6.53,5.07
Apr,14,19,2491,,1,1,1.0,1.7,15.64,,152.47,0.0,22.0,,56.78,0.0,14.7,0.8,7.88,6.53,5.07
Apr,14,20,2492,,1,1,1.0,1.7,15.44,,157.46,0.0,22.0,,58.64,0.0,14.7,0.8,7.88,6.53,5.07
Apr,14,21,2493,,1,1,1.0,1.1,15.18,,167.42,0.0,22.0,,63.22,0.0,14.7,0.8,7.88,6.53,5.07
Apr,14,22,2494,,1,1,0.77,-0.6,15.36,,20.99,0.0,22.0,,8.3,0.0,0.0,0.61,6.04,6.53,3.88
Apr,14,23,2495,,1,1,0.77,-1.1,15.13,,22.48,0.0,22.0,,9.04,0.0,0.0,0.61,6.04,6.53,3.88
Apr,14,24,2496,,1,1,0.77,-1.0,14.94,,23.28,0.0,22.0,,9.33,0.0,0.0,0.61,6.04,6.53,3.88
Apr,15,1,2497,,1,1,0.77,-2.8,14.6,,25.88,0.0,22.0,,11.04,0.0,0.0,0.61,6.04,6.53,3.88
Apr,15,2,2498,,1,1,0.77,-2.8,14.39,,26.71,0.0,22.0,,11.39,0.0,0.0,0.61,6.04,6.53,3.88
Apr,15,3,2499,,1,1,0.77,-3.9,14.08,,28.54,0.0,22.0,,12.67,0.0,0.0,0.61,6.04,6.53,3.88
Apr,15,4,2500,,1,1,0.77,-4.0,13.85,,29.37,0.0,22.0,,13.09,0.0,0.0,0.61,6.04,6.53,3.88
Apr,15,5,2501,,1,1,0.77,-5.6,13.49,,31.62,0.0,22.0,,13.15,0.0,0.0,0.61,6.04,6.53,3.88
Apr,15,6,2502,,1,1,0.77,-4.4,13.34,,31.1,0.0,22.0,,14.07,0.0,0.0,0.61,6.04,6.53,3.88
Apr,15,7,2503,,1,1,1.0,-4.4,12.28,,274.47,0.0,22.0,,125.2,0.0,14.7,0.8,7.88,6.53,5.07
Apr,15,8,2504,,1,1,1.0,-3.3,12.35,,249.43,0.0,22.0,,108.32,0.0,14.7,0.8,7.88,6.53,5.07
Apr,15,9,2505,,1,1,1.0,-2.2,12.41,,228.78,0.0,22.0,,95.52,0.0,14.7,0.8,7.88,6.53,5.07
Apr,15,10,2506,,1,1,1.0,-1.1,12.49,,209.15,0.0,22.0,,84.08,0.0,14.7,0.8,7.88,6.53,5.07
Apr,15,11,2507,,1,1,1.0,0.0,12.66,,185.17,0.0,22.0,,71.77,0.0,14.7,0.8,7.88,6.53,5.07
Apr,15,12,2508,,1,1,1.0,1.1,12.83,,164.32,0.0,22.0,,62.05,0.0,14.7,0.8,7.88,6.53,5.07
Apr,15,13,2509,,1,1,1.0,1.7,12.97,,148.38,0.0,22.0,,55.25,0.0,14.7,0.8,7.88,6.53,5.07
Apr,15,14,2510,,1,1,1.0,1.0,12.95,,145.64,0.0,22.0,,55.12,0.0,14.7,0.8,7.88,6.53,5.07
Apr,15,15,2511,,1,1,1.0,1.7,12.95,,142.5,0.0,22.0,,53.06,0.0,14.7,0.8,7.88,6.53,5.07
Apr,15,16,2512,,1,1,1.0,1.7,13.0,,135.66,0.0,22.0,,50.52,0.0,14.7,0.8,7.88,6.53,5.07
Apr,15,17,2513,,1,1,1.0,1.1,12.78,,149.39,0.0,22.0,,56.41,0.0,14.7,0.8,7.88,6.53,5.07
Apr,15,18,2514,,1,1,1.0,0.6,12.6,,159.27,0.0,22.0,,60.86,0.0,14.7,0.8,7.88,6.53,5.07
Apr,15,19,2515,,1,1,1.0,-1.1,12.23,,181.87,0.0,22.0,,73.11,0.0,14.7,0.8,7.88,6.53,5.07
Apr,15,20,2516,,1,1,1.0,-1.1,12.05,,187.92,0.0,22.0,,75.54,0.0,14.7,0.8,7.88,6.53,5.07
Apr,15,21,2517,,1,1,1.0,-1.7,11.8,,198.77,0.0,22.0,,81.56,0.0,14.7,0.8,7.88,6.53,5.07
Apr,15,22,2518,,1,1,0.77,-3.3,11.97,,24.73,0.0,22.0,,10.74,0.0,0.0,0.61,6.04,6.53,3.88
Apr,15,23,2519,,1,1,0.77,-3.3,11.79,,25.83,0.0,22.0,,11.22,0.0,0.0,0.61,6.04,6.53,3.88
Apr,15,24,2520,,1,1,0.77,-2.8,11.66,,26.28,0.0,22.0,,11.21,0.0,0.0,0.61,6.04,6.53,3.88
Apr,16,1,2521,,1,1,0.77,-3.3,11.46,,27.56,0.0,22.0,,11.97,0.0,0.0,0.61,6.04,6.53,3.88
Apr,16,2,2522,,1,1,0.77,-2.8,11.33,,27.77,0.0,22.0,,11.84,0.0,0.0,0.61,6.04,6.53,3.88
Apr,16,3,2523,,1,1,0.77,-4.4,11.04,,29.97,0.0,22.0,,13.56,0.0,0.0,0.61,6.04,6.53,3.88
Apr,16,4,2524,,1,1,0.77,-4.4,10.86,,30.61,0.0,22.0,,13.85,0.0,0.0,0.61,6.04,6.53,3.88
Apr,16,5,2525,,1,1,0.77,-5.0,10.64,,31.77,0.0,22.0,,14.71,0.0,0.0,0.61,6.04,6.53,3.88
Apr,16,6,2526,,1,1,0.77,-5.0,10.46,,32.22,0.0,22.0,,14.92,0.0,0.0,0.61,6.04,6.53,3.88
Apr,16,7,2527,,1,1,1.0,-2.8,9.88,,258.54,0.0,22.0,,110.26,0.0,14.7,0.8,7.88,6.53,5.07
Apr,16,8,2528,,1,1,1.0,-0.6,10.32,,213.25,0.0,22.0,,84.3,0.0,14.7,0.8,7.88,6.53,5.07
Apr,16,9,2529,,1,1,1.0,0.6,10.49,,192.83,0.0,22.0,,73.68,0.0,14.7,0.8,7.88,6.53,5.07
Apr,16,10,2530,,1,1,1.0,1.0,10.67,,173.71,0.0,22.0,,65.75,0.0,14.7,0.8,7.88,6.53,5.07
Apr,16,11,2531,,1,1,1.0,1.7,10.76,,164.08,0.0,22.0,,61.1,0.0,14.7,0.8,7.88,6.53,5.07
Apr,16,12,2532,,1,1,1.0,-0.6,10.46,,184.39,0.0,22.0,,72.89,0.0,14.7,0.8,7.88,6.53,5.07
Apr,16,13,2533,,1,1,1.0,0.6,10.59,,170.24,0.0,22.0,,65.05,0.0,14.7,0.8,7.88,6.53,5.07
Apr,16,14,2534,,1,1,1.0,-1.7,10.24,,193.5,0.0,22.0,,79.39,0.0,14.7,0.8,7.88,6.53,5.07
Apr,16,15,2535,,1,1,1.0,-2.2,10.08,,200.35,0.0,22.0,,83.65,0.0,14.7,0.8,7.88,6.53,5.07
Apr,16,16,2536,,1,1,1.0,-2.0,9.98,,201.7,0.0,22.0,,83.62,0.0,14.7,0.8,7.88,6.53,5.07
Apr,16,17,2537,,1,1,1.0,-1.1,9.98,,195.73,0.0,22.0,,78.68,0.0,14.7,0.8,7.88,6.53,5.07
Apr,16,18,2538,,1,1,1.0,-1.1,9.86,,199.76,0.0,22.0,,80.3,0.0,14.7,0.8,7.88,6.53,5.07
Apr,16,19,2539,,1,1,1.0,-2.2,9.6,,213.95,0.0,22.0,,89.32,0.0,14.7,0.8,7.88,6.53,5.07
Apr,16,20,2540,,1,1,1.0,-1.7,9.52,,212.92,0.0,22.0,,87.36,0.0,14.7,0.8,7.88,6.53,5.07
Apr,16,21,2541,,1,1,1.0,-2.2,9.33,,220.53,0.0,22.0,,92.07,0.0,14.7,0.8,7.88,6.53,5.07
Apr,16,22,2542,,1,1,0.77,-2.8,9.53,,26.86,0.0,22.0,,11.46,0.0,0.0,0.61,6.04,6.53,3.88
Apr,16,23,2543,,1,1,0.77,-3.9,9.32,,28.67,0.0,22.0,,12.73,0.0,0.0,0.61,6.04,6.53,3.88
Apr,16,24,2544,,1,1,0.77,-5.6,9.04,,31.1,0.0,22.0,,12.93,0.0,0.0,0.61,6.04,6.53,3.88
Apr,17,1,2545,,1,1,0.77,-6.7,8.78,,32.97,0.0,22.0,,14.08,0.0,0.0,0.61,6.04,6.53,3.88
Apr,17,2,2546,,1,1,0.77,-6.7,8.6,,33.73,0.0,22.0,,14.41,0.0,0.0,0.61,6.04,6.53,3.88
Apr,17,3,2547,,1,1,0.77,-6.1,8.48,,33.78,0.0,22.0,,14.22,0.0,0.0,0.61,6.04,6.53,3.88
Apr,17,4,2548,,1,1,0.77,-6.7,8.26,,34.91,0.0,22.0,,14.91,0.0,0.0,0.61,6.04,6.53,3.88
Apr,17,5,2549,,1,1,0.77,-7.2,8.05,,35.91,0.0,22.0,,15.53,0.0,0.0,0.61,6.04,6.53,3.88
Apr,17,6,2550,,1,1,0.77,-7.2,7.88,,36.32,0.0,22.0,,15.71,0.0,0.0,0.61,6.04,6.53,3.88
Apr,17,7,2551,,1,1,1.0,-5.6,7.26,,294.71,0.0,22.0,,132.64,0.0,14.7,0.8,7.88,6.53,5.07
Apr,17,8,2552,,1,1,1.0,-2.8,7.74,,245.95,0.0,22.0,,104.89,0.0,14.7,0.8,7.88,6.53,5.07
Apr,17,9,2553,,1,1,1.0,-0.6,8.11,,210.87,0.0,22.0,,83.36,0.0,14.7,0.8,7.88,6.53,5.07
Apr,17,10,2554,,1,1,1.0,2.2,8.66,,167.09,0.0,22.0,,61.51,0.0,14.7,0.8,7.88,6.53,5.07
Apr,17,11,2555,,1,1,1.0,3.3,9.08,,137.32,0.0,22.0,,49.31,0.0,14.7,0.8,7.88,6.53,5.07
Apr,17,12,2556,,1,1,1.0,5.6,9.64,,100.89,0.0,22.0,,34.44,0.0,14.7,0.8,7.88,6.53,5.07
Apr,17,13,2557,,1,1,1.0,7.2,10.17,,70.05,0.0,22.0,,23.08,0.0,14.7,0.8,7.88,6.53,5.07
Apr,17,14,2558,,1,1,1.0,9.4,10.78,,37.13,0.0,22.0,,11.67,0.0,14.7,0.8,7.88,6.53,5.07
Apr,17,15,2559,,1,1,1.0,10.6,11.24,,18.44,0.0,22.0,,5.65,0.0,14.7,0.8,7.88,6.53,5.07
Apr,17,16,2560,,1,1,1.0,11.7,11.63,,6.89,0.0,22.0,,2.06,0.0,14.7,0.8,7.88,6.53,5.07
Apr,17,17,2561,,1,1,1.0,12.2,11.9,,4.73,0.0,22.0,,1.4,0.0,14.7,0.8,7.88,6.53,5.07
Apr,17,18,2562,,1,1,1.0,11.1,11.93,,19.39,0.0,22.0,,5.88,0.0,14.7,0.8,7.88,6.53,5.07
Apr,17,19,2563,,1,1,1.0,7.8,11.62,,57.61,0.0,22.0,,18.74,0.0,14.7,0.8,7.88,6.53,5.07
Apr,17,20,2564,,1,1,1.0,6.1,11.46,,80.52,0.0,22.0,,27.18,0.0,14.7,0.8,7.88,6.53,5.07
Apr,17,21,2565,,1,1,1.0,5.0,11.33,,97.71,0.0,22.0,,33.81,0.0,14.7,0.8,7.88,6.53,5.07
Apr,17,22,2566,,1,1,0.77,5.0,11.45,,9.96,0.0,22.0,,3.45,0.0,0.0,0.61,6.04,6.53,3.88
Apr,17,23,2567,,1,1,0.77,5.6,11.49,,10.55,0.0,22.0,,3.6,0.0,0.0,0.61,6.04,6.53,3.88
Apr,17,24,2568,,1,1,0.77,5.6,11.49,,11.54,0.0,22.0,,3.94,0.0,0.0,0.61,6.04,6.53,3.88
Apr,18,1,2569,,1,1,0.77,5.0,11.43,,13.01,0.0,22.0,,4.5,0.0,0.0,0.61,6.04,6.53,3.88
Apr,18,2,2570,,1,1,0.77,5.6,11.47,,13.19,0.0,22.0,,4.5,0.0,0.0,0.61,6.04,6.53,3.88
Apr,18,3,2571,,1,1,0.77,5.0,11.42,,14.43,0.0,22.0,,4.99,0.0,0.0,0.61,6.04,6.53,3.88
Apr,18,4,2572,,1,1,0.77,4.4,11.36,,15.64,0.0,22.0,,5.48,0.0,0.0,0.61,6.04,6.53,3.88
Apr,18,5,2573,,1,1,0.77,3.9,11.3,,16.72,0.0,22.0,,5.93,0.0,0.0,0.61,6.04,6.53,3.88
Apr,18,6,2574,,1,1,0.77,5.0,11.37,,16.05,0.0,22.0,,5.55,0.0,0.0,0.61,6.04,6.53,3.88
Apr,18,7,2575,,1,1,1.0,11.7,11.96,,87.74,0.0,22.0,,26.28,0.0,14.7,0.8,7.88,6.53,5.07
Apr,18,8,2576,,1,1,1.0,14.4,12.75,,35.98,0.0,22.0,,10.2,0.0,14.7,0.8,7.88,6.53,5.07
Apr,18,9,2577,,1,1,1.0,16.1,13.36,,3.28,0.0,22.0,,0.92,0.0,14.7,0.8,7.88,6.53,5.07
Apr,18,10,2578,,1,1,1.0,17.2,13.95,,0.0,25.4,22.35,,0.0,4.58,14.7,0.8,7.88,6.53,5.07
Apr,18,11,2579,,1,1,1.0,18.3,14.57,,0.0,55.51,22.76,,0.0,10.31,14.7,0.8,7.88,6.53,5.07
Apr,18,12,2580,,1,1,1.0,18.9,15.14,,0.0,83.26,23.13,,0.0,15.73,14.7,0.8,7.88,6.53,5.07
Apr,18,13,2581,,1,1,1.0,19.4,15.69,,0.0,109.03,23.48,,0.0,20.89,14.7,0.8,7.88,6.53,5.07
Apr,18,14,2582,,1,1,1.0,19.4,16.15,,0.0,128.54,23.75,,0.0,24.63,14.7,0.8,7.88,6.53,5.07
Apr,18,15,2583,,1,1,1.0,19.4,16.57,,0.0,146.21,23.99,,0.0,28.02,14.7,0.8,7.88,6.53,5.07
Apr,18,16,2584,,1,1,1.0,20.0,16.94,,0.0,160.13,24.0,,0.0,31.21,14.7,0.8,7.88,6.53,5.07
Apr,18,17,2585,,1,1,1.0,17.8,16.92,,0.0,144.17,23.96,,0.0,26.43,14.7,0.8,7.88,6.53,5.07
Apr,18,18,2586,,1,1,1.0,17.0,17.03,,0.0,139.19,23.89,,0.0,24.97,14.7,0.8,7.88,6.53,5.07
Apr,18,19,2587,,1,1,1.0,16.1,17.04,,0.0,127.98,23.74,,0.0,22.43,14.7,0.8,7.88,6.53,5.07
Apr,18,20,2588,,1,1,1.0,12.2,16.67,,0.0,88.34,23.2,,0.0,14.06,14.7,0.8,7.88,6.53,5.07
Apr,18,21,2589,,1,1,1.0,11.7,16.64,,0.0,74.68,23.02,,0.0,11.75,14.7,0.8,7.88,6.53,5.07
Apr,18,22,2590,,1,1,0.77,10.6,16.63,,0.0,0.0,23.17,,0.0,0.0,0.0,0.61,6.04,6.53,3.88
Apr,18,23,2591,,1,1,0.77,8.9,16.48,,0.0,0.0,22.91,,0.0,0.0,0.0,0.61,6.04,6.53,3.88
Apr,18,24,2592,,1,1,0.77,8.9,16.45,,0.0,0.0,22.75,,0.0,0.0,0.0,0.61,6.04,6.53,3.88
Apr,19,1,2593,,1,1,0.77,7.8,16.33,,0.0,0.0,22.51,,0.0,0.0,0.0,0.61,6.04,6.53,3.88
Apr,19,2,2594,,1,1,0.77,7.2,16.22,,0.0,0.0,22.3,,0.0,0.0,0.0,0.61,6.04,6.53,3.88
Apr,19,3,2595,,1,1,0.77,7.2,16.16,,0.0,0.0,22.12,,0.0,0.0,0.0,0.61,6.04,6.53,3.88
Apr,19,4,2596,,1,1,0.77,6.7,16.06,,1.08,0.0,22.0,,0.36,0.0,0.0,0.61,6.04,6.53,3.88
Apr,19,5,2597,,1,1,0.77,7.2,16.04,,2.59,0.0,22.0,,0.85,0.0,0.0,0.61,6.04,6.53,3.88
Apr,19,6,2598,,1,1,0.77,8.3,16.08,,3.05,0.0,22.0,,0.98,0.0,0.0,0.61,6.04,6.53,3.88
Apr,19,7,2599,,1,1,1.0,10.6,16.02,,48.77,0.0,22.0,,14.95,0.0,14.7,0.8,7.88,6.53,5.07
Apr,19,8,2600,,1,1,1.0,15.0,16.91,,0.0,12.4,22.17,,0.0,2.11,14.7,0.8,7.88,6.53,5.07
Apr,19,9,2601,,1,1,1.0,18.3,17.65,,0.0,57.24,22.78,,0.0,10.64,14.7,0.8,7.88,6.53,5.07
Apr,19,10,2602,,1,1,1.0,18.9,18.19,,0.0,87.45,23.19,,0.0,16.52,14.7,0.8,7.88,6.53,5.07
Apr,19,11,2603,,1,1,1.0,19.4,18.67,,0.0,113.93,23.55,,0.0,21.83,14.7,0.8,7.88,6.53,5.07
Apr,19,12,2604,,1,1,1.0,21.1,19.21,,0.0,144.54,23.97,,0.0,28.96,14.7,0.8,7.88,6.53,5.07
Apr,19,13,2605,,1,1,1.0,21.1,19.69,,0.0,171.35,24.0,,0.0,34.33,14.7,0.8,7.88,6.53,5.07
Apr,19,14,2606,,1,1,1.0,22.8,20.34,,0.0,208.51,24.0,,0.0,39.77,14.7,0.8,7.88,6.53,5.07
Apr,19,15,2607,,1,1,1.0,21.7,20.58,,0.0,211.21,24.0,,0.0,38.65,14.7,0.8,7.88,6.53,5.07
Apr,19,16,2608,,1,1,1.0,22.2,20.94,,0.0,222.41,24.0,,0.0,39.15,14.7,0.8,7.88,6.53,5.07
Apr,19,17,2609,,1,1,1.0,21.1,21.03,,0.0,213.75,24.0,,0.0,38.07,14.7,0.8,7.88,6.53,5.07
Apr,19,18,2610,,1,1,1.0,18.3,20.85,,0.0,186.11,24.0,,0.0,34.58,14.7,0.8,7.88,6.53,5.07
Apr,19,19,2611,,1,1,1.0,16.7,20.72,,0.0,165.12,24.0,,0.0,29.39,14.7,0.8,7.88,6.53,5.07
Apr,19,20,2612,,1,1,1.0,16.1,20.69,,0.0,154.7,24.0,,0.0,27.11,14.7,0.8,7.88,6.53,5.07
Apr,19,21,2613,,1,1,1.0,13.9,20.44,,0.0,129.55,23.76,,0.0,21.48,14.7,0.8,7.88,6.53,5.07
Apr,19,22,2614,,1,1,0.77,11.7,20.38,,0.0,0.0,23.79,,0.0,0.0,0.0,0.61,6.04,6.53,3.88
Apr,19,23,2615,,1,1,0.77,11.1,20.28,,0.0,0.0,23.62,,0.0,0.0,0.0,0.61,6.04,6.53,3.88
Apr,19,24,2616,,1,1,0.77,9.4,20.07,,0.0,0.0,23.36,,0.0,0.0,0.0,0.61,6.04,6.53,3.88
Apr,20,1,2617,,1,1,0.77,10.6,20.08,,0.0,0.0,23.3,,0.0,0.0,0.0,0.61,6.04,6.53,3.88
Apr,20,2,2618,,1,1,0.77,8.3,19.82,,0.0,0.0,22.99,,0.0,0.0,0.0,0.61,6.04,6.53,3.88
Apr,20,3,2619,,1,1,0.77,7.2,19.62,,0.0,0.0,22.73,,0.0,0.0,0.0,0.61,6.04,6.53,3.88
Apr,20,4,2620,,1,1,0.77,8.3,19.59,,0.0,0.0,22.64,,0.0,0.0,0.0,0.61,6.04,6.53,3.88
Apr,20,5,2621,,1,1,0.77,8.9,19.54,,0.0,0.0,22.53,,0.0,0.0,0.0,0.61,6.04,6.53,3.88
Apr,20,6,2622,,1,1,0.77,8.3,19.4,,0.0,0.0,22.33,,0.0,0.0,0.0,0.61,6.04,6.53,3.88
Apr,20,7,2623,,1,1,1.0,11.1,19.17,,7.04,0.0,22.0,,2.14,0.0,14.7,0.8,7.88,6.53,5.07
Apr,20,8,2624,,1,1,1.0,13.9,19.74,,0.0,31.17,22.42,,0.0,5.17,14.7,0.8,7.88,6.53,5.07
Apr,20,9,2625,,1,1,1.0,16.7,20.32,,0.0,68.71,22.94,,0.0,12.23,14.7,0.8,7.88,6.53,5.07
Apr,20,10,2626,,1,1,1.0,18.3,20.86,,0.0,103.92,23.41,,0.0,19.31,14.7,0.8,7.88,6.53,5.07
Apr,20,11,2627,,1,1,1.0,19.4,21.41,,0.0,139.28,23.9,,0.0,26.69,14.7,0.8,7.88,6.53,5.07
Apr,20,12,2628,,1,1,1.0,19.4,21.63,,0.0,151.42,24.0,,0.0,29.01,14.7,0.8,7.88,6.53,5.07
Apr,20,13,2629,,1,1,1.0,21.1,22.12,,0.0,173.55,24.0,,0.0,34.77,14.7,0.8,7.88,6.53,5.07
Apr,20,14,2630,,1,1,1.0,21.1,22.35,,0.0,165.35,24.0,,0.0,33.13,14.7,0.8,7.88,6.53,5.07
Apr,20,15,2631,,1,1,1.0,20.6,22.4,,0.0,156.38,24.0,,0.0,30.94,14.7,0.8,7.88,6.53,5.07
Apr,20,16,2632,,1,1,1.0,20.0,22.45,,0.0,148.28,24.0,,0.0,28.9,14.7,0.8,7.88,6.53,5.07
Apr,20,17,2633,,1,1,1.0,18.3,22.34,,0.0,140.81,24.0,,0.0,26.17,14.7,0.8,7.88,6.53,5.07
Apr,20,18,2634,,1,1,1.0,17.2,22.25,,0.0,135.27,24.0,,0.0,24.4,14.7,0.8,7.88,6.53,5.07
Apr,20,19,2635,,1,1,1.0,15.0,21.99,,0.0,130.52,23.78,,0.0,22.24,14.7,0.8,7.88,6.53,5.07
Apr,20,20,2636,,1,1,1.0,13.9,21.82,,0.0,115.16,23.57,,0.0,19.09,14.7,0.8,7.88,6.53,5.07
Apr,20,21,2637,,1,1,1.0,12.2,21.56,,0.0,92.6,23.26,,0.0,14.74,14.7,0.8,7.88,6.53,5.07
Apr,20,22,2638,,1,1,0.77,14.4,21.94,,0.0,0.0,23.68,,0.0,0.0,0.0,0.61,6.04,6.53,3.88
Apr,20,23,2639,,1,1,0.77,12.2,21.72,,0.0,0.0,23.44,,0.0,0.0,0.0,0.61,6.04,6.53,3.88
Apr,20,24,2640,,1,1,0.77,10.6,21.52,,0.0,0.0,23.2,,0.0,0.0,0.0,0.61,6.04,6.53,3.88
Apr,21,1,2641,,1,1,0.77,9.4,21.33,,0.0,0.0,22.98,,0.0,0.0,0.0,0.61,6.04,6.53,3.88
Apr,21,2,2642,,1,1,0.77,8.9,21.17,,0.0,0.0,22.79,,0.0,0.0,0.0,0.61,6.04,6.53,3.88
Apr,21,3,2643,,1,1,0.77,7.8,20.96,,0.0,0.0,22.55,,0.0,0.0,0.0,0.61,6.04,6.53,3.88
Apr,21,4,2644,,1,1,0.77,5.6,20.64,,0.0,0.0,22.2,,0.0,0.0,0.0,0.61,6.04,6.53,3.88
Apr,21,5,2645,,1,1,0.77,6.1,20.51,,0.0,0.0,22.04,,0.0,0.0,0.0,0.61,6.04,6.53,3.88
Apr,21,6,2646,,1,1,0.77,5.0,20.26,,2.93,0.0,22.0,,1.01,0.0,0.0,0.61,6.04,6.53,3.88
Apr,21,7,2647,,1,1,1.0,8.3,19.83,,54.38,0.0,22.0,,17.5,0.0,14.7,0.8,7.88,6.53,5.07
Apr,21,8,2648,,1,1,1.0,10.0,20.22,,22.46,0.0,22.0,,6.98,0.0,14.7,0.8,7.88,6.53,5.07
Apr,21,9,2649,,1,1,1.0,12.2,20.62,,0.0,6.86,22.09,,0.0,1.09,14.7,0.8,7.88,6.53,5.07
Apr,21,10,2650,,1,1,1.0,13.3,20.94,,0.0,27.7,22.38,,0.0,4.53,14.7,0.8,7.88,6.53,5.07
Apr,21,11,2651,,1,1,1.0,14.4,21.31,,0.0,52.19,22.71,,0.0,8.76,14.7,0.8,7.88,6.53,5.07
Apr,21,12,2652,,1,1,1.0,14.4,21.51,,0.0,64.53,22.88,,0.0,10.83,14.7,0.8,7.88,6.53,5.07
Apr,21,13,2653,,1,1,1.0,15.0,21.79,,0.0,82.62,23.12,,0.0,14.08,14.7,0.8,7.88,6.53,5.07
Apr,21,14,2654,,1,1,1.0,15.6,22.08,,0.0,95.58,23.38,,0.0,16.53,14.7,0.8,7.88,6.53,5.07
Apr,21,15,2655,,1,1,1.0,14.4,21.89,,0.0,85.51,23.16,,0.0,14.35,14.7,0.8,7.88,6.53,5.07
Apr,21,16,2656,,1,1,1.0,13.0,21.74,,0.0,71.8,22.98,,0.0,11.65,14.7,0.8,7.88,6.53,5.07
Apr,21,17,2657,,1,1,1.0,13.3,21.78,,0.0,72.35,22.98,,0.0,11.82,14.7,0.8,7.88,6.53,5.07
Apr,21,18,2658,,1,1,1.0,11.7,21.5,,0.0,49.78,22.68,,0.0,7.83,14.7,0.8,7.88,6.53,5.07
Apr,21,19,2659,,1,1,1.0,7.2,20.83,,1.69,0.0,22.0,,0.56,0.0,14.7,0.8,7.88,6.53,5.07
Apr,21,20,2660,,1,1,1.0,6.7,20.58,,21.93,0.0,22.0,,7.3,0.0,14.7,0.8,7.88,6.53,5.07
Apr,21,21,2661,,1,1,1.0,6.1,20.31,,41.27,0.0,22.0,,13.93,0.0,14.7,0.8,7.88,6.53,5.07
Apr,21,22,2662,,1,1,0.77,5.6,20.59,,2.26,0.0,22.0,,0.77,0.0,0.0,0.61,6.04,6.53,3.88
Apr,21,23,2663,,1,1,0.77,5.0,20.37,,4.98,0.0,22.0,,1.72,0.0,0.0,0.61,6.04,6.53,3.88
Apr,21,24,2664,,1,1,0.77,4.4,20.14,,7.47,0.0,22.0,,2.62,0.0,0.0,0.61,6.04,6.53,3.88
Apr,22,1,2665,,1,1,0.77,3.9,19.91,,9.65,0.0,22.0,,3.42,0.0,0.0,0.61,6.04,6.53,3.88
Apr,22,2,2666,,1,1,0.77,3.0,19.65,,12.06,0.0,22.0,,4.36,0.0,0.0,0.61,6.04,6.53,3.88
Apr,22,3,2667,,1,1,0.77,2.2,19.38,,14.25,0.0,22.0,,5.25,0.0,0.0,0.61,6.04,6.53,3.88
Apr,22,4,2668,,1,1,0.77,0.0,18.99,,17.74,0.0,22.0,,6.88,0.0,0.0,0.61,6.04,6.53,3.88
Apr,22,5,2669,,1,1,0.77,0.0,18.74,,19.04,0.0,22.0,,7.38,0.0,0.0,0.61,6.04,6.53,3.88
Apr,22,6,2670,,1,1,0.77,0.0,18.5,,20.15,0.0,22.0,,7.81,0.0,0.0,0.61,6.04,6.53,3.88
Apr,22,7,2671,,1,1,1.0,0.0,17.37,,199.62,0.0,22.0,,77.37,0.0,14.7,0.8,7.88,6.53,5.07
Apr,22,8,2672,,1,1,1.0,0.0,17.27,,188.09,0.0,22.0,,72.9,0.0,14.7,0.8,7.88,6.53,5.07
Apr,22,9,2673,,1,1,1.0,0.0,17.05,,187.86,0.0,22.0,,72.81,0.0,14.7,0.8,7.88,6.53,5.07
Apr,22,10,2674,,1,1,1.0,0.6,16.9,,181.7,0.0,22.0,,69.43,0.0,14.7,0.8,7.88,6.53,5.07
Apr,22,11,2675,,1,1,1.0,2.2,16.92,,165.02,0.0,22.0,,60.75,0.0,14.7,0.8,7.88,6.53,5.07
Apr,22,12,2676,,1,1,1.0,1.7,16.7,,168.37,0.0,22.0,,62.7,0.0,14.7,0.8,7.88,6.53,5.07
Apr,22,13,2677,,1,1,1.0,1.7,16.57,,164.28,0.0,22.0,,61.18,0.0,14.7,0.8,7.88,6.53,5.07
Apr,22,14,2678,,1,1,1.0,2.0,16.48,,158.18,0.0,22.0,,58.5,0.0,14.7,0.8,7.88,6.53,5.07
Apr,22,15,2679,,1,1,1.0,2.2,16.39,,153.41,0.0,22.0,,56.48,0.0,14.7,0.8,7.88,6.53,5.07
Apr,22,16,2680,,1,1,1.0,2.8,16.28,,150.81,0.0,22.0,,54.77,0.0,14.7,0.8,7.88,6.53,5.07
Apr,22,17,2681,,1,1,1.0,2.8,16.11,,153.02,0.0,22.0,,55.57,0.0,14.7,0.8,7.88,6.53,5.07
Apr,22,18,2682,,1,1,1.0,3.3,16.0,,151.01,0.0,22.0,,54.23,0.0,14.7,0.8,7.88,6.53,5.07
Apr,22,19,2683,,1,1,1.0,3.0,15.8,,156.36,0.0,22.0,,56.53,0.0,14.7,0.8,7.88,6.53,5.07
Apr,22,20,2684,,1,1,1.0,2.2,15.53,,166.02,0.0,22.0,,61.12,0.0,14.7,0.8,7.88,6.53,5.07
Apr,22,21,2685,,1,1,1.0,1.7,15.29,,172.98,0.0,22.0,,64.41,0.0,14.7,0.8,7.88,6.53,5.07
Apr,22,22,2686,,1,1,0.77,1.1,15.54,,20.91,0.0,22.0,,7.9,0.0,0.0,0.61,6.04,6.53,3.88
Apr,22,23,2687,,1,1,0.77,0.0,15.29,,22.64,0.0,22.0,,8.78,0.0,0.0,0.61,6.04,6.53,3.88
Apr,22,24,2688,,1,1,0.77,0.0,15.11,,23.27,0.0,22.0,,9.02,0.0,0.0,0.61,6.04,6.53,3.88
Apr,23,1,2689,,1,1,0.77,0.0,14.94,,23.81,0.0,22.0,,9.23,0.0,0.0,0.61,6.04,6.53,3.88
Apr,23,2,2690,,1,1,0.77,0.0,14.77,,24.29,0.0,22.0,,9.41,0.0,0.0,0.61,6.04,6.53,3.88
Apr,23,3,2691,,1,1,0.77,0.0,14.6,,24.69,0.0,22.0,,9.57,0.0,0.0,0.61,6.04,6.53,3.88
Apr,23,4,2692,,1,1,0.77,-0.6,14.39,,25.65,0.0,22.0,,10.14,0.0,0.0,0.61,6.04,6.53,3.88
Apr,23,5,2693,,1,1,0.77,-0.6,14.22,,26.01,0.0,22.0,,10.28,0.0,0.0,0.61,6.04,6.53,3.88
Apr,23,6,2694,,1,1,0.77,-1.0,14.02,,26.73,0.0,22.0,,10.71,0.0,0.0,0.61,6.04,6.53,3.88
Apr,23,7,2695,,1,1,1.0,-1.1,13.13,,236.29,0.0,22.0,,94.99,0.0,14.7,0.8,7.88,6.53,5.07
Apr,23,8,2696,,1,1,1.0,-1.1,13.11,,221.76,0.0,22.0,,89.15,0.0,14.7,0.8,7.88,6.53,5.07
Apr,23,9,2697,,1,1,1.0,-1.1,12.95,,219.17,0.0,22.0,,88.11,0.0,14.7,0.8,7.88,6.53,5.07
Apr,23,10,2698,,1,1,1.0,-1.1,12.81,,216.0,0.0,22.0,,86.83,0.0,14.7,0.8,7.88,6.53,5.07
Apr,23,11,2699,,1,1,1.0,-0.6,12.74,,208.37,0.0,22.0,,82.37,0.0,14.7,0.8,7.88,6.53,5.07
Apr,23,12,2700,,1,1,1.0,0.0,12.72,,198.73,0.0,22.0,,77.03,0.0,14.7,0.8,7.88,6.53,5.07
Apr,23,13,2701,,1,1,1.0,0.0,12.65,,193.8,0.0,22.0,,75.12,0.0,14.7,0.8,7.88,6.53,5.07
Apr,23,14,2702,,1,1,1.0,0.0,12.63,,185.45,0.0,22.0,,71.88,0.0,14.7,0.8,7.88,6.53,5.07
Apr,23,15,2703,,1,1,1.0,1.0,12.7,,171.88,0.0,22.0,,65.06,0.0,14.7,0.8,7.88,6.53,5.07
Apr,23,16,2704,,1,1,1.0,1.7,12.69,,165.84,0.0,22.0,,61.76,0.0,14.7,0.8,7.88,6.53,5.07
Apr,23,17,2705,,1,1,1.0,1.1,12.5,,174.34,0.0,22.0,,65.83,0.0,14.7,0.8,7.88,6.53,5.07
Apr,23,18,2706,,1,1,1.0,0.6,12.31,,182.06,0.0,22.0,,69.56,0.0,14.7,0.8,7.88,6.53,5.07
Apr,23,19,2707,,1,1,1.0,0.6,12.17,,184.87,0.0,22.0,,70.64,0.0,14.7,0.8,7.88,6.53,5.07
Apr,23,20,2708,,1,1,1.0,0.6,12.03,,187.53,0.0,22.0,,71.65,0.0,14.7,0.8,7.88,6.53,5.07
Apr,23,21,2709,,1,1,1.0,1.1,11.96,,185.04,0.0,22.0,,69.87,0.0,14.7,0.8,7.88,6.53,5.07
Apr,23,22,2710,,1,1,0.77,1.1,12.2,,21.94,0.0,22.0,,8.28,0.0,0.0,0.61,6.04,6.53,3.88
Apr,23,23,2711,,1,1,0.77,0.6,12.06,,22.92,0.0,22.0,,8.76,0.0,0.0,0.61,6.04,6.53,3.88
Apr,23,24,2712,,1,1,0.77,0.6,11.95,,23.37,0.0,22.0,,8.93,0.0,0.0,0.61,6.04,6.53,3.88
Apr,24,1,2713,,1,1,0.77,-0.6,11.75,,24.98,0.0,22.0,,9.88,0.0,0.0,0.61,6.04,6.53,3.88
Apr,24,2,2714,,1,1,0.77,-1.1,11.59,,25.94,0.0,22.0,,10.43,0.0,0.0,0.61,6.04,6.53,3.88
Apr,24,3,2715,,1,1,0.77,-1.1,11.46,,26.37,0.0,22.0,,10.6,0.0,0.0,0.61,6.04,6.53,3.88
Apr,24,4,2716,,1,1,0.77,-1.1,11.33,,26.75,0.0,22.0,,10.75,0.0,0.0,0.61,6.04,6.53,3.88
Apr,24,5,2717,,1,1,0.77,-1.1,11.21,,27.08,0.0,22.0,,10.89,0.0,0.0,0.61,6.04,6.53,3.88
Apr,24,6,2718,,1,1,0.77,-1.1,11.09,,27.36,0.0,22.0,,11.0,0.0,0.0,0.61,6.04,6.53,3.88
Apr,24,7,2719,,1,1,1.0,0.0,10.6,,224.94,0.0,22.0,,87.19,0.0,14.7,0.8,7.88,6.53,5.07
Apr,24,8,2720,,1,1,1.0,1.7,11.03,,182.84,0.0,22.0,,68.09,0.0,14.7,0.8,7.88,6.53,5.07
Apr,24,9,2721,,1,1,1.0,3.3,11.4,,151.16,0.0,22.0,,54.28,0.0,14.7,0.8,7.88,6.53,5.07
Apr,24,10,2722,,1,1,1.0,3.9,11.59,,135.5,0.0,22.0,,48.02,0.0,14.7,0.8,7.88,6.53,5.07
Apr,24,11,2723,,1,1,1.0,5.6,11.94,,110.35,0.0,22.0,,37.67,0.0,14.7,0.8,7.88,6.53,5.07
Apr,24,12,2724,,1,1,1.0,6.7,12.31,,85.67,0.0,22.0,,28.54,0.0,14.7,0.8,7.88,6.53,5.07
Apr,24,13,2725,,1,1,1.0,7.8,12.62,,68.82,0.0,22.0,,22.38,0.0,14.7,0.8,7.88,6.53,5.07
Apr,24,14,2726,,1,1,1.0,8.3,12.88,,57.07,0.0,22.0,,18.36,0.0,14.7,0.8,7.88,6.53,5.07
Apr,24,15,2727,,1,1,1.0,7.8,12.99,,58.25,0.0,22.0,,18.94,0.0,14.7,0.8,7.88,6.53,5.07
Apr,24,16,2728,,1,1,1.0,7.8,13.06,,61.41,0.0,22.0,,19.97,0.0,14.7,0.8,7.88,6.53,5.07
Apr,24,17,2729,,1,1,1.0,6.7,12.95,,77.18,0.0,22.0,,25.71,0.0,14.7,0.8,7.88,6.53,5.07
Apr,24,18,2730,,1,1,1.0,6.1,12.86,,89.01,0.0,22.0,,30.04,0.0,14.7,0.8,7.88,6.53,5.07
Apr,24,19,2731,,1,1,1.0,5.0,12.7,,105.25,0.0,22.0,,36.42,0.0,14.7,0.8,7.88,6.53,5.07
Apr,24,20,2732,,1,1,1.0,4.4,12.58,,116.37,0.0,22.0,,40.79,0.0,14.7,0.8,7.88,6.53,5.07
Apr,24,21,2733,,1,1,1.0,4.0,12.48,,125.17,0.0,22.0,,44.26,0.0,14.7,0.8,7.88,6.53,5.07
Apr,24,22,2734,,1,1,0.77,3.9,12.64,,13.9,0.0,22.0,,4.93,0.0,0.0,0.61,6.04,6.53,3.88
Apr,24,23,2735,,1,1,0.77,3.9,12.59,,14.82,0.0,22.0,,5.25,0.0,0.0,0.61,6.04,6.53,3.88
Apr,24,24,2736,,1,1,0.77,3.3,12.48,,16.23,0.0,22.0,,5.83,0.0,0.0,0.61,6.04,6.53,3.88
Apr,25,1,2737,,1,1,0.77,3.3,12.42,,16.97,0.0,22.0,,6.09,0.0,0.0,0.61,6.04,6.53,3.88
Apr,25,2,2738,,1,1,0.77,2.2,12.27,,18.73,0.0,22.0,,6.9,0.0,0.0,0.61,6.04,6.53,3.88
Apr,25,3,2739,,1,1,0.77,1.7,12.15,,19.9,0.0,22.0,,7.41,0.0,0.0,0.61,6.04,6.53,3.88
Apr,25,4,2740,,1,1,0.77,1.1,12.01,,21.12,0.0,22.0,,7.98,0.0,0.0,0.61,6.04,6.53,3.88
Apr,25,5,2741,,1,1,0.77,2.2,12.01,,20.59,0.0,22.0,,7.58,0.0,0.0,0.61,6.04,6.53,3.88
Apr,25,6,2742,,1,1,0.77,1.0,11.83,,22.21,0.0,22.0,,8.41,0.0,0.0,0.61,6.04,6.53,3.88
Apr,25,7,2743,,1,1,1.0,0.6,11.22,,204.79,0.0,22.0,,78.25,0.0,14.7,0.8,7.88,6.53,5.07
Apr,25,8,2744,,1,1,1.0,1.0,11.34,,187.78,0.0,22.0,,71.07,0.0,14.7,0.8,7.88,6.53,5.07
Apr,25,9,2745,,1,1,1.0,0.6,11.23,,189.3,0.0,22.0,,72.33,0.0,14.7,0.8,7.88,6.53,5.07
Apr,25,10,2746,,1,1,1.0,3.3,11.63,,153.41,0.0,22.0,,55.09,0.0,14.7,0.8,7.88,6.53,5.07
Apr,25,11,2747,,1,1,1.0,5.0,12.06,,120.0,0.0,22.0,,41.52,0.0,14.7,0.8,7.88,6.53,5.07
Apr,25,12,2748,,1,1,1.0,6.7,12.48,,90.7,0.0,22.0,,30.21,0.0,14.7,0.8,7.88,6.53,5.07
Apr,25,13,2749,,1,1,1.0,7.8,12.81,,71.17,0.0,22.0,,23.15,0.0,14.7,0.8,7.88,6.53,5.07
Apr,25,14,2750,,1,1,1.0,7.8,13.0,,63.97,0.0,22.0,,20.8,0.0,14.7,0.8,7.88,6.53,5.07
Apr,25,15,2751,,1,1,1.0,8.3,13.28,,51.1,0.0,22.0,,16.44,0.0,14.7,0.8,7.88,6.53,5.07
Apr,25,16,2752,,1,1,1.0,9.4,13.42,,49.15,0.0,22.0,,15.45,0.0,14.7,0.8,7.88,6.53,5.07
Apr,25,17,2753,,1,1,1.0,7.2,13.27,,69.28,0.0,22.0,,22.83,0.0,14.7,0.8,7.88,6.53,5.07
Apr,25,18,2754,,1,1,1.0,7.2,13.29,,73.76,0.0,22.0,,24.3,0.0,14.7,0.8,7.88,6.53,5.07
Apr,25,19,2755,,1,1,1.0,5.0,13.0,,101.04,0.0,22.0,,34.96,0.0,14.7,0.8,7.88,6.53,5.07
Apr,25,20,2756,,1,1,1.0,3.9,12.81,,117.48,0.0,22.0,,41.63,0.0,14.7,0.8,7.88,6.53,5.07
Apr,25,21,2757,,1,1,1.0,3.9,12.74,,123.26,0.0,22.0,,43.68,0.0,14.7,0.8,7.88,6.53,5.07
Apr,25,22,2758,,1,1,0.77,1.7,12.74,,15.7,0.0,22.0,,5.85,0.0,0.0,0.61,6.04,6.53,3.88
Apr,25,23,2759,,1,1,0.77,1.1,12.59,,17.49,0.0,22.0,,6.6,0.0,0.0,0.61,6.04,6.53,3.88
Apr,25,24,2760,,1,1,0.77,0.6,12.44,,19.07,0.0,22.0,,7.29,0.0,0.0,0.61,6.04,6.53,3.88
Apr,26,1,2761,,1,1,0.77,0.6,12.33,,20.05,0.0,22.0,,7.66,0.0,0.0,0.61,6.04,6.53,3.88
Apr,26,2,2762,,1,1,0.77,0.0,12.17,,21.5,0.0,22.0,,8.33,0.0,0.0,0.61,6.04,6.53,3.88
Apr,26,3,2763,,1,1,0.77,0.6,12.1,,21.68,0.0,22.0,,8.28,0.0,0.0,0.61,6.04,6.53,3.88
Apr,26,4,2764,,1,1,0.77,0.0,11.94,,22.91,0.0,22.0,,8.88,0.0,0.0,0.61,6.04,6.53,3.88
Apr,26,5,2765,,1,1,0.77,-1.1,11.74,,24.62,0.0,22.0,,9.9,0.0,0.0,0.61,6.04,6.53,3.88
Apr,26,6,2766,,1,1,0.77,0.6,11.75,,23.51,0.0,22.0,,8.98,0.0,0.0,0.61,6.04,6.53,3.88
Apr,26,7,2767,,1,1,1.0,3.3,11.53,,182.28,0.0,22.0,,65.46,0.0,14.7,0.8,7.88,6.53,5.07
Apr,26,8,2768,,1,1,1.0,7.0,12.25,,124.1,0.0,22.0,,41.07,0.0,14.7,0.8,7.88,6.53,5.07
Apr,26,9,2769,,1,1,1.0,6.1,12.38,,114.89,0.0,22.0,,38.78,0.0,14.7,0.8,7.88,6.53,5.07
Apr,26,10,2770,,1,1,1.0,7.8,12.65,,97.16,0.0,22.0,,31.6,0.0,14.7,0.8,7.88,6.53,5.07
Apr,26,11,2771,,1,1,1.0,8.9,13.05,,71.17,0.0,22.0,,22.61,0.0,14.7,0.8,7.88,6.53,5.07
Apr,26,12,2772,,1,1,1.0,11.1,13.64,,34.48,0.0,22.0,,10.46,0.0,14.7,0.8,7.88,6.53,5.07
Apr,26,13,2773,,1,1,1.0,11.1,13.96,,20.65,0.0,22.0,,6.26,0.0,14.7,0.8,7.88,6.53,5.07
Apr,26,14,2774,,1,1,1.0,11.7,14.34,,4.8,0.0,22.0,,1.44,0.0,14.7,0.8,7.88,6.53,5.07
Apr,26,15,2775,,1,1,1.0,12.2,14.71,,0.0,9.29,22.13,,0.0,1.48,14.7,0.8,7.88,6.53,5.07
Apr,26,16,2776,,1,1,1.0,12.2,14.9,,0.0,9.84,22.13,,0.0,1.57,14.7,0.8,7.88,6.53,5.07
Apr,26,17,2777,,1,1,1.0,11.7,14.95,,0.0,0.62,22.01,,0.0,0.1,14.7,0.8,7.88,6.53,5.07
Apr,26,18,2778,,1,1,1.0,11.1,14.93,,13.68,0.0,22.0,,4.15,0.0,14.7,0.8,7.88,6.53,5.07
Apr,26,19,2779,,1,1,1.0,10.0,14.84,,31.11,0.0,22.0,,9.66,0.0,14.7,0.8,7.88,6.53,5.07
Apr,26,20,2780,,1,1,1.0,7.2,14.51,,64.0,0.0,22.0,,21.09,0.0,14.7,0.8,7.88,6.53,5.07
Apr,26,21,2781,,1,1,1.0,6.1,14.33,,81.46,0.0,22.0,,27.5,0.0,14.7,0.8,7.88,6.53,5.07
Apr,26,22,2782,,1,1,0.77,5.0,14.41,,8.96,0.0,22.0,,3.1,0.0,0.0,0.61,6.04,6.53,3.88
Apr,26,23,2783,,1,1,0.77,6.1,14.43,,9.19,0.0,22.0,,3.1,0.0,0.0,0.61,6.04,6.53,3.88
Apr,26,24,2784,,1,1,0.77,6.1,14.38,,10.25,0.0,22.0,,3.46,0.0,0.0,0.61,6.04,6.53,3.88
Apr,27,1,2785,,1,1,0.77,3.9,14.16,,13.39,0.0,22.0,,4.75,0.0,0.0,0.61,6.04,6.53,3.88
Apr,27,2,2786,,1,1,0.77,4.4,14.11,,13.88,0.0,22.0,,4.87,0.0,0.0,0.61,6.04,6.53,3.88
Apr,27,3,2787,,1,1,0.77,6.7,14.23,,12.36,0.0,22.0,,4.12,0.0,0.0,0.61,6.04,6.53,3.88
Apr,27,4,2788,,1,1,0.77,6.1,14.15,,13.46,0.0,22.0,,4.54,0.0,0.0,0.61,6.04,6.53,3.88
Apr,27,5,2789,,1,1,0.77,7.2,14.2,,12.83,0.0,22.0,,4.23,0.0,0.0,0.61,6.04,6.53,3.88
Apr,27,6,2790,,1,1,0.77,8.9,14.32,,11.42,0.0,22.0,,3.63,0.0,0.0,0.61,6.04,6.53,3.88
Apr,27,7,2791,,1,1,1.0,11.1,14.4,,88.17,0.0,22.0,,26.74,0.0,14.7,0.8,7.88,6.53,5.07
Apr,27,8,2792,,1,1,1.0,11.7,14.77,,62.55,0.0,22.0,,18.73,0.0,14.7,0.8,7.88,6.53,5.07
Apr,27,9,2793,,1,1,1.0,13.3,15.2,,35.65,0.0,22.0,,10.33,0.0,14.7,0.8,7.88,6.53,5.07
Apr,27,10,2794,,1,1,1.0,15.6,15.88,,0.0,7.02,22.1,,0.0,1.21,14.7,0.8,7.88,6.53,5.07
Apr,27,11,2795,,1,1,1.0,17.2,16.53,,0.0,43.9,22.6,,0.0,7.92,14.7,0.8,7.88,6.53,5.07
Apr,27,12,2796,,1,1,1.0,17.2,16.93,,0.0,62.2,22.85,,0.0,11.22,14.7,0.8,7.88,6.53,5.07
Apr,27,13,2797,,1,1,1.0,18.3,17.54,,0.0,96.05,23.31,,0.0,17.85,14.7,0.8,7.88,6.53,5.07
Apr,27,14,2798,,1,1,1.0,19.4,18.07,,0.0,125.04,23.7,,0.0,23.96,14.7,0.8,7.88,6.53,5.07
Apr,27,15,2799,,1,1,1.0,21.7,18.68,,0.0,159.87,24.0,,0.0,32.52,14.7,0.8,7.88,6.53,5.07
Apr,27,16,2800,,1,1,1.0,18.9,18.62,,0.0,143.56,23.95,,0.0,27.12,14.7,0.8,7.88,6.53,5.07
Apr,27,17,2801,,1,1,1.0,17.8,18.65,,0.0,136.35,23.86,,0.0,24.99,14.7,0.8,7.88,6.53,5.07
Apr,27,18,2802,,1,1,1.0,16.1,18.58,,0.0,122.07,23.66,,0.0,21.39,14.7,0.8,7.88,6.53,5.07
Apr,27,19,2803,,1,1,1.0,12.2,18.16,,0.0,81.8,23.11,,0.0,13.02,14.7,0.8,7.88,6.53,5.07
Apr,27,20,2804,,1,1,1.0,11.7,18.09,,0.0,68.3,22.93,,0.0,10.74,14.7,0.8,7.88,6.53,5.07
Apr,27,21,2805,,1,1,1.0,10.6,17.94,,0.0,48.59,22.66,,0.0,7.45,14.7,0.8,7.88,6.53,5.07
Apr,27,22,2806,,1,1,0.77,9.4,17.99,,0.0,0.0,22.83,,0.0,0.0,0.0,0.61,6.04,6.53,3.88
Apr,27,23,2807,,1,1,0.77,8.3,17.84,,0.0,0.0,22.6,,0.0,0.0,0.0,0.61,6.04,6.53,3.88
Apr,27,24,2808,,1,1,0.77,7.8,17.73,,0.0,0.0,22.4,,0.0,0.0,0.0,0.61,6.04,6.53,3.88
Apr,28,1,2809,,1,1,0.77,7.2,17.61,,0.0,0.0,22.18,,0.0,0.0,0.0,0.61,6.04,6.53,3.88
Apr,28,2,2810,,1,1,0.77,7.2,17.52,,0.0,0.0,22.01,,0.0,0.0,0.0,0.61,6.04,6.53,3.88
Apr,28,3,2811,,1,1,0.77,6.1,17.34,,3.03,0.0,22.0,,1.02,0.0,0.0,0.61,6.04,6.53,3.88
Apr,28,4,2812,,1,1,0.77,6.7,17.29,,4.31,0.0,22.0,,1.44,0.0,0.0,0.61,6.04,6.53,3.88
Apr,28,5,2813,,1,1,0.77,3.9,16.97,,8.73,0.0,22.0,,3.09,0.0,0.0,0.61,6.04,6.53,3.88
Apr,28,6,2814,,1,1,0.77,5.0,16.93,,9.24,0.0,22.0,,3.2,0.0,0.0,0.61,6.04,6.53,3.88
Apr,28,7,2815,,1,1,1.0,7.8,16.64,,91.75,0.0,22.0,,29.84,0.0,14.7,0.8,7.88,6.53,5.07
Apr,28,8,2816,,1,1,1.0,9.4,17.06,,58.04,0.0,22.0,,18.25,0.0,14.7,0.8,7.88,6.53,5.07
Apr,28,9,2817,,1,1,1.0,10.6,17.28,,43.11,0.0,22.0,,13.22,0.0,14.7,0.8,7.88,6.53,5.07
Apr,28,10,2818,,1,1,1.0,11.7,17.64,,19.13,0.0,22.0,,5.73,0.0,14.7,0.8,7.88,6.53,5.07
Apr,28,11,2819,,1,1,1.0,13.3,17.93,,2.75,0.0,22.0,,0.8,0.0,14.7,0.8,7.88,6.53,5.07
Apr,28,12,2820,,1,1,1.0,14.4,18.3,,0.0,17.01,22.23,,0.0,2.85,14.7,0.8,7.88,6.53,5.07
Apr,28,13,2821,,1,1,1.0,16.1,18.7,,0.0,39.83,22.54,,0.0,6.98,14.7,0.8,7.88,6.53,5.07
Apr,28,14,2822,,1,1,1.0,15.6,18.79,,0.0,39.55,22.54,,0.0,6.84,14.7,0.8,7.88,6.53,5.07
Apr,28,15,2823,,1,1,1.0,16.1,19.11,,0.0,56.27,22.77,,0.0,9.86,14.7,0.8,7.88,6.53,5.07
Apr,28,16,2824,,1,1,1.0,15.6,19.22,,0.0,57.85,22.79,,0.0,10.01,14.7,0.8,7.88,6.53,5.07
Apr,28,17,2825,,1,1,1.0,12.8,18.91,,0.0,28.34,22.39,,0.0,4.57,14.7,0.8,7.88,6.53,5.07
Apr,28,18,2826,,1,1,1.0,10.0,18.55,,4.07,0.0,22.0,,1.26,0.0,14.7,0.8,7.88,6.53,5.07
Apr,28,19,2827,,1,1,1.0,8.9,18.35,,24.84,0.0,22.0,,7.89,0.0,14.7,0.8,7.88,6.53,5.07
Apr,28,20,2828,,1,1,1.0,8.9,18.26,,34.2,0.0,22.0,,10.87,0.0,14.7,0.8,7.88,6.53,5.07
Apr,28,21,2829,,1,1,1.0,7.2,17.96,,58.28,0.0,22.0,,19.2,0.0,14.7,0.8,7.88,6.53,5.07
Apr,28,22,2830,,1,1,0.77,8.3,18.29,,3.58,0.0,22.0,,1.15,0.0,0.0,0.61,6.04,6.53,3.88
Apr,28,23,2831,,1,1,0.77,8.3,18.21,,4.89,0.0,22.0,,1.57,0.0,0.0,0.61,6.04,6.53,3.88
Apr,28,24,2832,,1,1,0.77,8.3,18.13,,6.03,0.0,22.0,,1.94,0.0,0.0,0.61,6.04,6.53,3.88
Apr,29,1,2833,,1,1,0.77,8.3,18.06,,7.02,0.0,22.0,,2.26,0.0,0.0,0.61,6.04,6.53,3.88
Apr,29,2,2834,,1,1,0.77,8.3,17.98,,7.87,0.0,22.0,,2.53,0.0,0.0,0.61,6.04,6.53,3.88
Apr,29,3,2835,,1,1,0.77,6.1,17.73,,10.83,0.0,22.0,,3.66,0.0,0.0,0.61,6.04,6.53,3.88
Apr,29,4,2836,,1,1,0.77,6.1,17.62,,11.67,0.0,22.0,,3.94,0.0,0.0,0.61,6.04,6.53,3.88
Apr,29,5,2837,,1,1,0.77,6.1,17.51,,12.39,0.0,22.0,,4.18,0.0,0.0,0.61,6.04,6.53,3.88
Apr,29,6,2838,,1,1,0.77,5.6,17.37,,13.53,0.0,22.0,,4.62,0.0,0.0,0.61,6.04,6.53,3.88
Apr,29,7,2839,,1,1,1.0,6.7,16.89,,124.86,0.0,22.0,,41.59,0.0,14.7,0.8,7.88,6.53,5.07
Apr,29,8,2840,,1,1,1.0,8.3,17.26,,89.7,0.0,22.0,,28.86,0.0,14.7,0.8,7.88,6.53,5.07
Apr,29,9,2841,,1,1,1.0,8.3,17.29,,84.05,0.0,22.0,,27.04,0.0,14.7,0.8,7.88,6.53,5.07
Apr,29,10,2842,,1,1,1.0,8.9,17.41,,72.03,0.0,22.0,,22.89,0.0,14.7,0.8,7.88,6.53,5.07
Apr,29,11,2843,,1,1,1.0,8.3,17.36,,74.45,0.0,22.0,,23.96,0.0,14.7,0.8,7.88,6.53,5.07
Apr,29,12,2844,,1,1,1.0,9.4,17.48,,63.8,0.0,22.0,,20.06,0.0,14.7,0.8,7.88,6.53,5.07
Apr,29,13,2845,,1,1,1.0,10.0,17.65,,50.59,0.0,22.0,,15.71,0.0,14.7,0.8,7.88,6.53,5.07
Apr,29,14,2846,,1,1,1.0,10.6,17.79,,41.34,0.0,22.0,,12.67,0.0,14.7,0.8,7.88,6.53,5.07
Apr,29,15,2847,,1,1,1.0,8.3,17.49,,65.34,0.0,22.0,,21.02,0.0,14.7,0.8,7.88,6.53,5.07
Apr,29,16,2848,,1,1,1.0,8.9,17.6,,56.84,0.0,22.0,,18.06,0.0,14.7,0.8,7.88,6.53,5.07
Apr,29,17,2849,,1,1,1.0,8.9,17.55,,60.19,0.0,22.0,,19.12,0.0,14.7,0.8,7.88,6.53,5.07
Apr,29,18,2850,,1,1,1.0,7.8,17.38,,72.85,0.0,22.0,,23.69,0.0,14.7,0.8,7.88,6.53,5.07
Apr,29,19,2851,,1,1,1.0,7.2,17.2,,84.23,0.0,22.0,,27.75,0.0,14.7,0.8,7.88,6.53,5.07
Apr,29,20,2852,,1,1,1.0,6.7,17.04,,93.3,0.0,22.0,,31.08,0.0,14.7,0.8,7.88,6.53,5.07
Apr,29,21,2853,,1,1,1.0,6.7,16.93,,97.33,0.0,22.0,,32.42,0.0,14.7,0.8,7.88,6.53,5.07
Apr,29,22,2854,,1,1,0.77,6.7,17.15,,10.45,0.0,22.0,,3.48,0.0,0.0,0.61,6.04,6.53,3.88
Apr,29,23,2855,,1,1,0.77,6.7,17.07,,11.2,0.0,22.0,,3.73,0.0,0.0,0.61,6.04,6.53,3.88
Apr,29,24,2856,,1,1,0.77,7.2,17.02,,11.34,0.0,22.0,,3.74,0.0,0.0,0.61,6.04,6.53,3.88
Apr,30,1,2857,,1,1,0.77,6.7,16.91,,12.37,0.0,22.0,,4.12,0.0,0.0,0.61,6.04,6.53,3.88
Apr,30,2,2858,,1,1,0.77,6.7,16.82,,12.86,0.0,22.0,,4.28,0.0,0.0,0.61,6.04,6.53,3.88
Apr,30,3,2859,,1,1,0.77,6.7,16.74,,13.29,0.0,22.0,,4.43,0.0,0.0,0.61,6.04,6.53,3.88
Apr,30,4,2860,,1,1,0.77,6.7,16.66,,13.65,0.0,22.0,,4.55,0.0,0.0,0.61,6.04,6.53,3.88
Apr,30,5,2861,,1,1,0.77,6.7,16.59,,13.97,0.0,22.0,,4.65,0.0,0.0,0.61,6.04,6.53,3.88
Apr,30,6,2862,,1,1,0.77,6.1,16.46,,14.86,0.0,22.0,,5.02,0.0,0.0,0.61,6.04,6.53,3.88
Apr,30,7,2863,,1,1,1.0,6.7,15.97,,136.83,0.0,22.0,,45.58,0.0,14.7,0.8,7.88,6.53,5.07
Apr,30,8,2864,,1,1,1.0,6.1,15.99,,127.31,0.0,22.0,,42.97,0.0,14.7,0.8,7.88,6.53,5.07
Apr,30,9,2865,,1,1,1.0,6.7,16.02,,118.85,0.0,22.0,,39.59,0.0,14.7,0.8,7.88,6.53,5.07
Apr,30,10,2866,,1,1,1.0,7.0,16.03,,112.94,0.0,22.0,,37.37,0.0,14.7,0.8,7.88,6.53,5.07
Apr,30,11,2867,,1,1,1.0,7.8,16.11,,102.37,0.0,22.0,,33.29,0.0,14.7,0.8,7.88,6.53,5.07
Apr,30,12,2868,,1,1,1.0,7.8,16.11,,99.01,0.0,22.0,,32.2,0.0,14.7,0.8,7.88,6.53,5.07
Apr,30,13,2869,,1,1,1.0,7.2,16.03,,102.1,0.0,22.0,,33.64,0.0,14.7,0.8,7.88,6.53,5.07
Apr,30,14,2870,,1,1,1.0,7.0,15.99,,101.97,0.0,22.0,,33.74,0.0,14.7,0.8,7.88,6.53,5.07
Apr,30,15,2871,,1,1,1.0,4.0,15.58,,129.29,0.0,22.0,,45.72,0.0,14.7,0.8,7.88,6.53,5.07
Apr,30,16,2872,,1,1,1.0,5.0,15.6,,121.63,0.0,22.0,,42.09,0.0,14.7,0.8,7.88,6.53,5.07
Apr,30,17,2873,,1,1,1.0,5.0,15.5,,123.73,0.0,22.0,,42.81,0.0,14.7,0.8,7.88,6.53,5.07
Apr,30,18,2874,,1,1,1.0,5.6,15.48,,120.62,0.0,22.0,,41.17,0.0,14.7,0.8,7.88,6.53,5.07
Apr,30,19,2875,,1,1,1.0,6.0,15.43,,119.39,0.0,22.0,,40.39,0.0,14.7,0.8,7.88,6.53,5.07
Apr,30,20,2876,,1,1,1.0,5.0,15.22,,130.57,0.0,22.0,,45.18,0.0,14.7,0.8,7.88,6.53,5.07
Apr,30,21,2877,,1,1,1.0,4.4,15.04,,138.25,0.0,22.0,,48.46,0.0,14.7,0.8,7.88,6.53,5.07
Apr,30,22,2878,,1,1,0.77,3.8,15.22,,16.52,0.0,22.0,,5.87,0.0,0.0,0.61,6.04,6.53,3.88
Apr,30,23,2879,,1,1,0.77,3.1,15.05,,17.82,0.0,22.0,,6.43,0.0,0.0,0.61,6.04,6.53,3.88
Apr,30,24,2880,,1,1,0.77,2.5,14.89,,19.0,0.0,22.0,,6.95,0.0,0.0,0.61,6.04,6.53,3.88
May,1,1,2881,,1,1,0.77,1.9,14.72,,20.16,0.0,22.0,,7.47,0.0,0.0,0.61,6.04,6.53,3.76
May,1,2,2882,,1,1,0.77,1.3,14.54,,21.3,0.0,22.0,,8.01,0.0,0.0,0.61,6.04,6.53,3.76
May,1,3,2883,,1,1,0.77,0.6,14.34,,22.53,0.0,22.0,,8.61,0.0,0.0,0.61,6.04,6.53,3.76
May,1,4,2884,,1,1,0.77,0.0,14.14,,23.64,0.0,22.0,,9.16,0.0,0.0,0.61,6.04,6.53,3.76
May,1,5,2885,,1,1,0.77,1.1,14.08,,23.02,0.0,22.0,,8.69,0.0,0.0,0.61,6.04,6.53,3.76
May,1,6,2886,,1,1,0.77,1.1,13.98,,22.96,0.0,22.0,,8.67,0.0,0.0,0.61,6.04,6.53,3.76
May,1,7,2887,,1,1,1.0,4.4,13.7,,172.99,0.0,22.0,,60.64,0.0,14.7,0.8,7.88,6.53,4.91
May,1,8,2888,,1,1,1.0,6.1,14.14,,132.69,0.0,22.0,,44.79,0.0,14.7,0.8,7.88,6.53,4.91
May,1,9,2889,,1,1,1.0,7.8,14.52,,100.77,0.0,22.0,,32.77,0.0,14.7,0.8,7.88,6.53,4.91
May,1,10,2890,,1,1,1.0,10.0,15.05,,61.32,0.0,22.0,,19.04,0.0,14.7,0.8,7.88,6.53,4.91
May,1,11,2891,,1,1,1.0,12.2,15.58,,26.94,0.0,22.0,,7.98,0.0,14.7,0.8,7.88,6.53,4.91
May,1,12,2892,,1,1,1.0,14.4,16.14,,0.0,6.89,22.09,,0.0,1.16,14.7,0.8,7.88,6.53,4.91
May,1,13,2893,,1,1,1.0,16.1,16.69,,0.0,36.06,22.49,,0.0,6.32,14.7,0.8,7.88,6.53,4.91
May,1,14,2894,,1,1,1.0,18.9,17.38,,0.0,76.43,23.04,,0.0,14.44,14.7,0.8,7.88,6.53,4.91
May,1,15,2895,,1,1,1.0,18.3,17.62,,0.0,84.31,23.15,,0.0,15.67,14.7,0.8,7.88,6.53,4.91
May,1,16,2896,,1,1,1.0,19.4,18.04,,0.0,104.96,23.43,,0.0,20.11,14.7,0.8,7.88,6.53,4.91
May,1,17,2897,,1,1,1.0,18.9,18.22,,0.0,108.86,23.48,,0.0,20.57,14.7,0.8,7.88,6.53,4.91
May,1,18,2898,,1,1,1.0,18.3,18.35,,0.0,108.7,23.48,,0.0,20.2,14.7,0.8,7.88,6.53,4.91
May,1,19,2899,,1,1,1.0,17.2,18.34,,0.0,98.44,23.34,,0.0,17.76,14.7,0.8,7.88,6.53,4.91
May,1,20,2900,,1,1,1.0,14.4,18.1,,0.0,71.86,22.98,,0.0,12.06,14.7,0.8,7.88,6.53,4.91
May,1,21,2901,,1,1,1.0,12.2,17.87,,0.0,46.54,22.63,,0.0,7.41,14.7,0.8,7.88,6.53,4.91
May,1,22,2902,,1,1,0.77,10.6,17.84,,0.0,0.0,22.72,,0.0,0.0,0.0,0.61,6.04,6.53,3.76
May,1,23,2903,,1,1,0.77,9.4,17.71,,0.0,0.0,22.51,,0.0,0.0,0.0,0.61,6.04,6.53,3.76
May,1,24,2904,,1,1,0.77,7.8,17.53,,0.0,0.0,22.24,,0.0,0.0,0.0,0.61,6.04,6.53,3.76
May,2,1,2905,,1,1,0.77,7.2,17.41,,0.0,0.0,22.03,,0.0,0.0,0.0,0.61,6.04,6.53,3.76
May,2,2,2906,,1,1,0.77,6.7,17.28,,2.21,0.0,22.0,,0.74,0.0,0.0,0.61,6.04,6.53,3.76
May,2,3,2907,,1,1,0.77,5.6,17.1,,5.19,0.0,22.0,,1.77,0.0,0.0,0.61,6.04,6.53,3.76
May,2,4,2908,,1,1,0.77,3.9,16.86,,8.63,0.0,22.0,,3.06,0.0,0.0,0.61,6.04,6.53,3.76
May,2,5,2909,,1,1,0.77,3.3,16.67,,10.87,0.0,22.0,,3.9,0.0,0.0,0.61,6.04,6.53,3.76
May,2,6,2910,,1,1,0.77,3.3,16.56,,12.05,0.0,22.0,,4.33,0.0,0.0,0.61,6.04,6.53,3.76
May,2,7,2911,,1,1,1.0,4.4,15.97,,129.67,0.0,22.0,,45.45,0.0,14.7,0.8,7.88,6.53,4.91
May,2,8,2912,,1,1,1.0,5.6,16.27,,100.9,0.0,22.0,,34.44,0.0,14.7,0.8,7.88,6.53,4.91
May,2,9,2913,,1,1,1.0,6.7,16.49,,81.21,0.0,22.0,,27.05,0.0,14.7,0.8,7.88,6.53,4.91
May,2,10,2914,,1,1,1.0,8.3,16.8,,57.11,0.0,22.0,,18.38,0.0,14.7,0.8,7.88,6.53,4.91
May,2,11,2915,,1,1,1.0,9.4,17.1,,36.6,0.0,22.0,,11.51,0.0,14.7,0.8,7.88,6.53,4.91
May,2,12,2916,,1,1,1.0,11.1,17.51,,10.74,0.0,22.0,,3.26,0.0,14.7,0.8,7.88,6.53,4.91
May,2,13,2917,,1,1,1.0,11.7,17.82,,0.0,5.41,22.07,,0.0,0.85,14.7,0.8,7.88,6.53,4.91
May,2,14,2918,,1,1,1.0,12.8,18.14,,0.0,21.28,22.29,,0.0,3.43,14.7,0.8,7.88,6.53,4.91
May,2,15,2919,,1,1,1.0,12.8,18.31,,0.0,26.64,22.36,,0.0,4.3,14.7,0.8,7.88,6.53,4.91
May,2,16,2920,,1,1,1.0,12.8,18.42,,0.0,27.28,22.37,,0.0,4.4,14.7,0.8,7.88,6.53,4.91
May,2,17,2921,,1,1,1.0,11.1,18.27,,0.0,9.49,22.13,,0.0,1.47,14.7,0.8,7.88,6.53,4.91
May,2,18,2922,,1,1,1.0,10.6,18.19,,3.48,0.0,22.0,,1.07,0.0,14.7,0.8,7.88,6.53,4.91
May,2,19,2923,,1,1,1.0,8.3,17.85,,35.07,0.0,22.0,,11.28,0.0,14.7,0.8,7.88,6.53,4.91
May,2,20,2924,,1,1,1.0,6.7,17.56,,59.18,0.0,22.0,,19.71,0.0,14.7,0.8,7.88,6.53,4.91
May,2,21,2925,,1,1,1.0,4.4,17.14,,89.47,0.0,22.0,,31.36,0.0,14.7,0.8,7.88,6.53,4.91
May,2,22,2926,,1,1,0.77,5.0,17.48,,7.91,0.0,22.0,,2.74,0.0,0.0,0.61,6.04,6.53,3.76
May,2,23,2927,,1,1,0.77,3.9,17.26,,10.5,0.0,22.0,,3.72,0.0,0.0,0.61,6.04,6.53,3.76
May,2,24,2928,,1,1,0.77,3.3,17.07,,12.49,0.0,22.0,,4.49,0.0,0.0,0.61,6.04,6.53,3.76
May,3,1,2929,,1,1,0.77,2.8,16.88,,14.25,0.0,22.0,,5.18,0.0,0.0,0.61,6.04,6.53,3.76
May,3,2,2930,,1,1,0.77,2.2,16.68,,15.99,0.0,22.0,,5.89,0.0,0.0,0.61,6.04,6.53,3.76
May,3,3,2931,,1,1,0.77,1.7,16.47,,17.52,0.0,22.0,,6.52,0.0,0.0,0.61,6.04,6.53,3.76
May,3,4,2932,,1,1,0.77,0.6,16.22,,19.57,0.0,22.0,,7.48,0.0,0.0,0.61,6.04,6.53,3.76
May,3,5,2933,,1,1,0.77,0.6,16.03,,20.48,0.0,22.0,,7.83,0.0,0.0,0.61,6.04,6.53,3.76
May,3,6,2934,,1,1,0.77,0.6,15.88,,20.99,0.0,22.0,,8.02,0.0,0.0,0.61,6.04,6.53,3.76
May,3,7,2935,,1,1,1.0,3.3,15.36,,171.55,0.0,22.0,,61.61,0.0,14.7,0.8,7.88,6.53,4.91
May,3,8,2936,,1,1,1.0,5.0,15.71,,134.33,0.0,22.0,,46.48,0.0,14.7,0.8,7.88,6.53,4.91
May,3,9,2937,,1,1,1.0,7.2,16.08,,100.26,0.0,22.0,,33.03,0.0,14.7,0.8,7.88,6.53,4.91
May,3,10,2938,,1,1,1.0,10.6,16.68,,53.83,0.0,22.0,,16.5,0.0,14.7,0.8,7.88,6.53,4.91
May,3,11,2939,,1,1,1.0,13.3,17.22,,16.4,0.0,22.0,,4.75,0.0,14.7,0.8,7.88,6.53,4.91
May,3,12,2940,,1,1,1.0,13.9,17.48,,3.62,0.0,22.0,,1.04,0.0,14.7,0.8,7.88,6.53,4.91
May,3,13,2941,,1,1,1.0,15.0,17.81,,0.0,12.86,22.18,,0.0,2.19,14.7,0.8,7.88,6.53,4.91
May,3,14,2942,,1,1,1.0,16.1,18.17,,0.0,32.02,22.44,,0.0,5.61,14.7,0.8,7.88,6.53,4.91
May,3,15,2943,,1,1,1.0,15.0,18.32,,0.0,35.54,22.48,,0.0,6.05,14.7,0.8,7.88,6.53,4.91
May,3,16,2944,,1,1,1.0,15.6,18.51,,0.0,41.44,22.56,,0.0,7.17,14.7,0.8,7.88,6.53,4.91
May,3,17,2945,,1,1,1.0,15.0,18.54,,0.0,36.7,22.5,,0.0,6.25,14.7,0.8,7.88,6.53,4.91
May,3,18,2946,,1,1,1.0,13.3,18.41,,0.0,20.27,22.28,,0.0,3.31,14.7,0.8,7.88,6.53,4.91
May,3,19,2947,,1,1,1.0,12.2,18.28,,0.0,3.65,22.05,,0.0,0.58,14.7,0.8,7.88,6.53,4.91
May,3,20,2948,,1,1,1.0,10.0,18.0,,23.95,0.0,22.0,,7.44,0.0,14.7,0.8,7.88,6.53,4.91
May,3,21,2949,,1,1,1.0,7.8,17.67,,52.15,0.0,22.0,,16.96,0.0,14.7,0.8,7.88,6.53,4.91
May,3,22,2950,,1,1,0.77,6.1,17.74,,5.67,0.0,22.0,,1.91,0.0,0.0,0.61,6.04,6.53,3.76
May,3,23,2951,,1,1,0.77,5.0,17.54,,8.32,0.0,22.0,,2.88,0.0,0.0,0.61,6.04,6.53,3.76
May,3,24,2952,,1,1,0.77,5.0,17.41,,9.75,0.0,22.0,,3.37,0.0,0.0,0.61,6.04,6.53,3.76
May,4,1,2953,,1,1,0.77,4.4,17.24,,11.59,0.0,22.0,,4.06,0.0,0.0,0.61,6.04,6.53,3.76
May,4,2,2954,,1,1,0.77,5.0,17.16,,12.11,0.0,22.0,,4.19,0.0,0.0,0.61,6.04,6.53,3.76
May,4,3,2955,,1,1,0.77,4.4,16.99,,13.63,0.0,22.0,,4.78,0.0,0.0,0.61,6.04,6.53,3.76
May,4,4,2956,,1,1,0.77,4.4,16.86,,14.48,0.0,22.0,,5.08,0.0,0.0,0.61,6.04,6.53,3.76
May,4,5,2957,,1,1,0.77,4.4,16.74,,15.21,0.0,22.0,,5.33,0.0,0.0,0.61,6.04,6.53,3.76
May,4,6,2958,,1,1,0.77,4.4,16.62,,15.81,0.0,22.0,,5.54,0.0,0.0,0.61,6.04,6.53,3.76
May,4,7,2959,,1,1,1.0,5.0,16.0,,149.95,0.0,22.0,,51.89,0.0,14.7,0.8,7.88,6.53,4.91
May,4,8,2960,,1,1,1.0,5.0,16.08,,134.62,0.0,22.0,,46.58,0.0,14.7,0.8,7.88,6.53,4.91
May,4,9,2961,,1,1,1.0,5.6,16.1,,125.31,0.0,22.0,,42.77,0.0,14.7,0.8,7.88,6.53,4.91
May,4,10,2962,,1,1,1.0,7.2,16.28,,106.01,0.0,22.0,,34.93,0.0,14.7,0.8,7.88,6.53,4.91
May,4,11,2963,,1,1,1.0,8.3,16.44,,89.71,0.0,22.0,,28.87,0.0,14.7,0.8,7.88,6.53,4.91
May,4,12,2964,,1,1,1.0,7.8,16.42,,89.43,0.0,22.0,,29.08,0.0,14.7,0.8,7.88,6.53,4.91
May,4,13,2965,,1,1,1.0,6.1,16.23,,101.05,0.0,22.0,,34.11,0.0,14.7,0.8,7.88,6.53,4.91
May,4,14,2966,,1,1,1.0,5.0,16.09,,108.12,0.0,22.0,,37.41,0.0,14.7,0.8,7.88,6.53,4.91
May,4,15,2967,,1,1,1.0,3.3,15.83,,123.25,0.0,22.0,,44.26,0.0,14.7,0.8,7.88,6.53,4.91
May,4,16,2968,,1,1,1.0,4.4,15.87,,114.48,0.0,22.0,,40.13,0.0,14.7,0.8,7.88,6.53,4.91
May,4,17,2969,,1,1,1.0,3.9,15.7,,122.77,0.0,22.0,,43.51,0.0,14.7,0.8,7.88,6.53,4.91
May,4,18,2970,,1,1,1.0,3.9,15.56,,127.32,0.0,22.0,,45.12,0.0,14.7,0.8,7.88,6.53,4.91
May,4,19,2971,,1,1,1.0,3.3,15.34,,137.81,0.0,22.0,,49.49,0.0,14.7,0.8,7.88,6.53,4.91
May,4,20,2972,,1,1,1.0,2.8,15.13,,146.62,0.0,22.0,,53.25,0.0,14.7,0.8,7.88,6.53,4.91
May,4,21,2973,,1,1,1.0,2.8,14.98,,150.43,0.0,22.0,,54.63,0.0,14.7,0.8,7.88,6.53,4.91
May,4,22,2974,,1,1,0.77,2.2,15.2,,17.85,0.0,22.0,,6.57,0.0,0.0,0.61,6.04,6.53,3.76
May,4,23,2975,,1,1,0.77,1.1,14.97,,19.74,0.0,22.0,,7.45,0.0,0.0,0.61,6.04,6.53,3.76
May,4,24,2976,,1,1,0.77,1.1,14.82,,20.51,0.0,22.0,,7.74,0.0,0.0,0.61,6.04,6.53,3.76
May,5,1,2977,,1,1,0.77,1.1,14.67,,21.18,0.0,22.0,,8.0,0.0,0.0,0.61,6.04,6.53,3.76
May,5,2,2978,,1,1,0.77,1.7,14.58,,21.15,0.0,22.0,,7.88,0.0,0.0,0.61,6.04,6.53,3.76
May,5,3,2979,,1,1,0.77,2.2,14.49,,21.09,0.0,22.0,,7.76,0.0,0.0,0.61,6.04,6.53,3.76
May,5,4,2980,,1,1,0.77,2.2,14.37,,21.42,0.0,22.0,,7.89,0.0,0.0,0.61,6.04,6.53,3.76
May,5,5,2981,,1,1,0.77,2.8,14.3,,21.11,0.0,22.0,,7.67,0.0,0.0,0.61,6.04,6.53,3.76
May,5,6,2982,,1,1,0.77,2.8,14.2,,21.27,0.0,22.0,,7.72,0.0,0.0,0.61,6.04,6.53,3.76
May,5,7,2983,,1,1,1.0,2.8,13.56,,189.83,0.0,22.0,,68.94,0.0,14.7,0.8,7.88,6.53,4.91
May,5,8,2984,,1,1,1.0,4.4,14.01,,146.4,0.0,22.0,,51.32,0.0,14.7,0.8,7.88,6.53,4.91
May,5,9,2985,,1,1,1.0,6.7,14.4,,112.68,0.0,22.0,,37.53,0.0,14.7,0.8,7.88,6.53,4.91
May,5,10,2986,,1,1,1.0,7.8,14.72,,87.45,0.0,22.0,,28.44,0.0,14.7,0.8,7.88,6.53,4.91
May,5,11,2987,,1,1,1.0,9.4,15.11,,59.81,0.0,22.0,,18.81,0.0,14.7,0.8,7.88,6.53,4.91
May,5,12,2988,,1,1,1.0,11.1,15.53,,33.06,0.0,22.0,,10.03,0.0,14.7,0.8,7.88,6.53,4.91
May,5,13,2989,,1,1,1.0,12.2,15.95,,9.42,0.0,22.0,,2.79,0.0,14.7,0.8,7.88,6.53,4.91
May,5,14,2990,,1,1,1.0,13.9,16.42,,0.0,15.26,22.21,,0.0,2.53,14.7,0.8,7.88,6.53,4.91
May,5,15,2991,,1,1,1.0,13.9,16.65,,0.0,21.98,22.3,,0.0,3.64,14.7,0.8,7.88,6.53,4.91
May,5,16,2992,,1,1,1.0,14.4,16.9,,0.0,29.98,22.41,,0.0,5.03,14.7,0.8,7.88,6.53,4.91
May,5,17,2993,,1,1,1.0,14.4,17.02,,0.0,29.34,22.4,,0.0,4.92,14.7,0.8,7.88,6.53,4.91
May,5,18,2994,,1,1,1.0,13.3,17.02,,0.0,19.29,22.26,,0.0,3.15,14.7,0.8,7.88,6.53,4.91
May,5,19,2995,,1,1,1.0,11.7,16.85,,2.11,0.0,22.0,,0.63,0.0,14.7,0.8,7.88,6.53,4.91
May,5,20,2996,,1,1,1.0,9.4,16.58,,31.29,0.0,22.0,,9.84,0.0,14.7,0.8,7.88,6.53,4.91
May,5,21,2997,,1,1,1.0,9.4,16.55,,38.87,0.0,22.0,,12.22,0.0,14.7,0.8,7.88,6.53,4.91
May,5,22,2998,,1,1,0.77,8.3,16.6,,3.57,0.0,22.0,,1.15,0.0,0.0,0.61,6.04,6.53,3.76
May,5,23,2999,,1,1,0.77,7.8,16.51,,5.4,0.0,22.0,,1.76,0.0,0.0,0.61,6.04,6.53,3.76
May,5,24,3000,,1,1,0.77,7.2,16.4,,7.19,0.0,22.0,,2.37,0.0,0.0,0.61,6.04,6.53,3.76
May,6,1,3001,,1,1,0.77,6.7,16.3,,8.77,0.0,22.0,,2.92,0.0,0.0,0.61,6.04,6.53,3.76
May,6,2,3002,,1,1,0.77,6.1,16.18,,10.36,0.0,22.0,,3.5,0.0,0.0,0.61,6.04,6.53,3.76
May,6,3,3003,,1,1,0.77,5.6,16.06,,11.77,0.0,22.0,,4.02,0.0,0.0,0.61,6.04,6.53,3.76
May,6,4,3004,,1,1,0.77,5.6,15.97,,12.59,0.0,22.0,,4.3,0.0,0.0,0.61,6.04,6.53,3.76
May,6,5,3005,,1,1,0.77,4.4,15.79,,14.52,0.0,22.0,,5.09,0.0,0.0,0.61,6.04,6.53,3.76
May,6,6,3006,,1,1,0.77,4.4,15.71,,14.97,0.0,22.0,,5.25,0.0,0.0,0.61,6.04,6.53,3.76
May,6,7,3007,,1,1,1.0,8.3,15.61,,111.71,0.0,22.0,,35.95,0.0,14.7,0.8,7.88,6.53,4.91
May,6,8,3008,,1,1,1.0,11.7,16.31,,56.88,0.0,22.0,,17.04,0.0,14.7,0.8,7.88,6.53,4.91
May,6,9,3009,,1,1,1.0,13.9,16.83,,20.94,0.0,22.0,,5.99,0.0,14.7,0.8,7.88,6.53,4.91
May,6,10,3010,,1,1,1.0,16.1,17.44,,0.0,17.1,22.23,,0.0,3.0,14.7,0.8,7.88,6.53,4.91
May,6,11,3011,,1,1,1.0,17.2,17.89,,0.0,41.55,22.57,,0.0,7.49,14.7,0.8,7.88,6.53,4.91
May,6,12,3012,,1,1,1.0,18.3,18.42,,0.0,72.34,22.98,,0.0,13.44,14.7,0.8,7.88,6.53,4.91
May,6,13,3013,,1,1,1.0,20.0,18.96,,0.0,103.42,23.41,,0.0,20.16,14.7,0.8,7.88,6.53,4.91
May,6,14,3014,,1,1,1.0,20.0,19.38,,0.0,126.26,23.72,,0.0,24.61,14.7,0.8,7.88,6.53,4.91
May,6,15,3015,,1,1,1.0,20.0,19.7,,0.0,142.41,23.94,,0.0,27.76,14.7,0.8,7.88,6.53,4.91
May,6,16,3016,,1,1,1.0,19.4,19.8,,0.0,142.11,23.93,,0.0,27.23,14.7,0.8,7.88,6.53,4.91
May,6,17,3017,,1,1,1.0,17.8,19.76,,0.0,132.03,23.8,,0.0,24.2,14.7,0.8,7.88,6.53,4.91
May,6,18,3018,,1,1,1.0,16.7,19.73,,0.0,122.3,23.67,,0.0,21.77,14.7,0.8,7.88,6.53,4.91
May,6,19,3019,,1,1,1.0,15.6,19.66,,0.0,109.78,23.49,,0.0,18.99,14.7,0.8,7.88,6.53,4.91
May,6,20,3020,,1,1,1.0,15.0,19.63,,0.0,100.75,23.37,,0.0,17.16,14.7,0.8,7.88,6.53,4.91
May,6,21,3021,,1,1,1.0,15.0,19.66,,0.0,96.51,23.31,,0.0,16.44,14.7,0.8,7.88,6.53,4.91
May,6,22,3022,,1,1,0.77,12.8,19.55,,0.0,0.0,23.3,,0.0,0.0,0.0,0.61,6.04,6.53,3.76
May,6,23,3023,,1,1,0.77,11.7,19.44,,0.0,0.0,23.12,,0.0,0.0,0.0,0.61,6.04,6.53,3.76
May,6,24,3024,,1,1,0.77,10.6,19.31,,0.0,0.0,22.93,,0.0,0.0,0.0,0.61,6.04,6.53,3.76
May,7,1,3025,,1,1,0.77,9.4,19.16,,0.0,0.0,22.7,,0.0,0.0,0.0,0.61,6.04,6.53,3.76
May,7,2,3026,,1,1,0.77,8.3,19.0,,0.0,0.0,22.47,,0.0,0.0,0.0,0.61,6.04,6.53,3.76
May,7,3,3027,,1,1,0.77,8.3,18.9,,0.0,0.0,22.32,,0.0,0.0,0.0,0.61,6.04,6.53,3.76
May,7,4,3028,,1,1,0.77,7.2,18.72,,0.0,0.0,22.07,,0.0,0.0,0.0,0.61,6.04,6.53,3.76
May,7,5,3029,,1,1,0.77,6.1,18.53,,2.28,0.0,22.0,,0.77,0.0,0.0,0.61,6.04,6.53,3.76
May,7,6,3030,,1,1,0.77,8.3,18.59,,1.95,0.0,22.0,,0.63,0.0,0.0,0.61,6.04,6.53,3.76
May,7,7,3031,,1,1,1.0,10.0,18.25,,51.92,0.0,22.0,,16.12,0.0,14.7,0.8,7.88,6.53,4.91
May,7,8,3032,,1,1,1.0,11.1,18.56,,28.45,0.0,22.0,,8.63,0.0,14.7,0.8,7.88,6.53,4.91
May,7,9,3033,,1,1,1.0,12.8,18.93,,3.86,0.0,22.0,,1.13,0.0,14.7,0.8,7.88,6.53,4.91
May,7,10,3034,,1,1,1.0,14.4,19.33,,0.0,20.48,22.28,,0.0,3.44,14.7,0.8,7.88,6.53,4.91
May,7,11,3035,,1,1,1.0,17.2,19.92,,0.0,58.96,22.8,,0.0,10.63,14.7,0.8,7.88,6.53,4.91
May,7,12,3036,,1,1,1.0,17.8,20.29,,0.0,80.8,23.1,,0.0,14.81,14.7,0.8,7.88,6.53,4.91
May,7,13,3037,,1,1,1.0,18.3,20.66,,0.0,103.14,23.4,,0.0,19.17,14.7,0.8,7.88,6.53,4.91
May,7,14,3038,,1,1,1.0,18.9,21.01,,0.0,123.58,23.68,,0.0,23.35,14.7,0.8,7.88,6.53,4.91
May,7,15,3039,,1,1,1.0,20.0,21.44,,0.0,150.16,24.0,,0.0,29.27,14.7,0.8,7.88,6.53,4.91
May,7,16,3040,,1,1,1.0,20.0,21.64,,0.0,160.37,24.0,,0.0,31.26,14.7,0.8,7.88,6.53,4.91
May,7,17,3041,,1,1,1.0,19.4,21.74,,0.0,161.34,24.0,,0.0,30.92,14.7,0.8,7.88,6.53,4.91
May,7,18,3042,,1,1,1.0,18.9,21.8,,0.0,159.86,24.0,,0.0,30.2,14.7,0.8,7.88,6.53,4.91
May,7,19,3043,,1,1,1.0,16.7,21.58,,0.0,137.94,23.88,,0.0,24.55,14.7,0.8,7.88,6.53,4.91
May,7,20,3044,,1,1,1.0,14.4,21.31,,0.0,114.14,23.55,,0.0,19.16,14.7,0.8,7.88,6.53,4.91
May,7,21,3045,,1,1,1.0,12.8,21.08,,0.0,93.45,23.27,,0.0,15.08,14.7,0.8,7.88,6.53,4.91
May,7,22,3046,,1,1,0.77,11.7,21.16,,0.0,0.0,23.41,,0.0,0.0,0.0,0.61,6.04,6.53,3.76
May,7,23,3047,,1,1,0.77,10.6,21.0,,0.0,0.0,23.2,,0.0,0.0,0.0,0.61,6.04,6.53,3.76
May,7,24,3048,,1,1,0.77,9.4,20.82,,0.0,0.0,22.98,,0.0,0.0,0.0,0.61,6.04,6.53,3.76
May,8,1,3049,,1,1,0.77,8.3,20.62,,0.0,0.0,22.74,,0.0,0.0,0.0,0.61,6.04,6.53,3.76
May,8,2,3050,,1,1,0.77,7.8,20.46,,0.0,0.0,22.54,,0.0,0.0,0.0,0.61,6.04,6.53,3.76
May,8,3,3051,,1,1,0.77,6.7,20.24,,0.0,0.0,22.28,,0.0,0.0,0.0,0.61,6.04,6.53,3.76
May,8,4,3052,,1,1,0.77,6.7,20.1,,0.0,0.0,22.1,,0.0,0.0,0.0,0.61,6.04,6.53,3.76
May,8,5,3053,,1,1,0.77,6.1,19.9,,1.56,0.0,22.0,,0.53,0.0,0.0,0.61,6.04,6.53,3.76
May,8,6,3054,,1,1,0.77,8.9,20.02,,0.44,0.0,22.0,,0.14,0.0,0.0,0.61,6.04,6.53,3.76
May,8,7,3055,,1,1,1.0,12.2,19.86,,23.67,0.0,22.0,,7.02,0.0,14.7,0.8,7.88,6.53,4.91
May,8,8,3056,,1,1,1.0,16.1,20.59,,0.0,29.2,22.4,,0.0,5.12,14.7,0.8,7.88,6.53,4.91
May,8,9,3057,,1,1,1.0,18.9,21.16,,0.0,67.76,22.92,,0.0,12.8,14.7,0.8,7.88,6.53,4.91
May,8,10,3058,,1,1,1.0,21.7,21.83,,0.0,113.97,23.55,,0.0,23.18,14.7,0.8,7.88,6.53,4.91
May,8,11,3059,,1,1,1.0,22.8,22.3,,0.0,123.51,23.99,,0.0,25.85,14.7,0.8,7.88,6.53,4.91
May,8,12,3060,,1,1,1.0,24.4,22.76,,0.0,120.49,24.0,,0.0,26.33,14.7,0.8,7.88,6.53,4.91
May,8,13,3061,,1,1,1.0,25.0,23.15,,0.0,114.29,24.0,,0.0,25.4,14.7,0.8,7.88,6.53,4.91
May,8,14,3062,,1,1,1.0,25.6,23.54,,0.0,105.79,24.0,,0.0,23.85,14.7,0.8,7.88,6.53,4.91
May,8,15,3063,,1,1,1.0,27.2,24.03,,0.0,97.53,24.0,,0.0,22.86,14.7,0.8,7.88,6.53,4.91
May,8,16,3064,,1,1,1.0,26.1,24.16,,0.0,93.92,24.0,,0.0,21.43,14.7,0.8,7.88,6.53,4.91
May,8,17,3065,,1,1,1.0,26.1,24.39,,0.0,98.62,24.0,,0.0,22.5,14.7,0.8,7.88,6.53,4.91
May,8,18,3066,,1,1,1.0,25.0,24.46,,0.0,90.88,24.0,,0.0,20.2,14.7,0.8,7.88,6.53,4.91
May,8,19,3067,,1,1,1.0,23.3,24.39,,0.0,74.52,24.0,,0.0,15.81,14.7,0.8,7.88,6.53,4.91
May,8,20,3068,,1,1,1.0,21.1,24.23,,0.0,53.23,24.0,,0.0,10.66,14.7,0.8,7.88,6.53,4.91
May,8,21,3069,,1,1,1.0,20.0,24.16,,0.0,41.24,24.0,,0.0,8.04,14.7,0.8,7.88,6.53,4.91
May,8,22,3070,,1,1,0.77,19.4,24.17,,0.0,0.0,24.0,,0.0,0.0,0.0,0.61,6.04,6.53,3.76
May,8,23,3071,,1,1,0.77,18.3,24.1,,0.0,0.0,24.0,,0.0,0.0,0.0,0.61,6.04,6.53,3.76
May,8,24,3072,,1,1,0.77,16.7,23.97,,0.0,0.0,24.0,,0.0,0.0,0.0,0.61,6.04,6.53,3.76
May,9,1,3073,,1,1,0.77,15.6,23.85,,0.0,0.0,24.0,,0.0,0.0,0.0,0.61,6.04,6.53,3.76
May,9,2,3074,,1,1,0.77,15.6,23.8,,0.0,0.0,23.99,,0.0,0.0,0.0,0.61,6.04,6.53,3.76
May,9,3,3075,,1,1,0.77,15.0,23.71,,0.0,0.0,23.9,,0.0,0.0,0.0,0.61,6.04,6.53,3.76
May,9,4,3076,,1,1,0.77,13.9,23.56,,0.0,0.0,23.75,,0.0,0.0,0.0,0.61,6.04,6.53,3.76
May,9,5,3077,,1,1,0.77,12.8,23.4,,0.0,0.0,23.58,,0.0,0.0,0.0,0.61,6.04,6.53,3.76
May,9,6,3078,,1,1,0.77,15.0,23.5,,0.0,0.0,23.68,,0.0,0.0,0.0,0.61,6.04,6.53,3.76
May,9,7,3079,,1,1,1.0,17.2,23.35,,0.0,12.26,23.52,,0.0,2.21,14.7,0.8,7.88,6.53,4.91
May,9,8,3080,,1,1,1.0,20.0,23.89,,0.0,11.96,24.0,,0.0,2.33,14.7,0.8,7.88,6.53,4.91
May,9,9,3081,,1,1,1.0,17.2,23.69,,0.0,11.22,23.84,,0.0,2.02,14.7,0.8,7.88,6.53,4.91
May,9,10,3082,,1,1,1.0,19.4,24.06,,0.0,15.44,24.0,,0.0,2.96,14.7,0.8,7.88,6.53,4.91
May,9,11,3083,,1,1,1.0,23.9,24.77,,0.0,65.51,24.0,,0.0,14.12,14.7,0.8,7.88,6.53,4.91
May,9,12,3084,,1,1,1.0,24.4,25.05,,0.0,78.91,24.0,,0.0,17.25,14.7,0.8,7.88,6.53,4.91
May,9,13,3085,,1,1,1.0,24.4,25.29,,0.0,87.51,24.0,,0.0,19.13,14.7,0.8,7.88,6.53,4.91
May,9,14,3086,,1,1,1.0,25.0,25.54,,0.0,95.99,24.0,,0.0,21.33,14.7,0.8,7.88,6.53,4.91
May,9,15,3087,,1,1,1.0,26.1,25.9,,0.0,112.25,24.0,,0.0,25.61,14.7,0.8,7.88,6.53,4.91
May,9,16,3088,,1,1,1.0,27.8,26.3,,0.0,130.24,24.0,,0.0,30.99,14.7,0.8,7.88,6.53,4.91
May,9,17,3089,,1,1,1.0,27.8,26.51,,0.0,132.21,24.0,,0.0,31.45,14.7,0.8,7.88,6.53,4.91
May,9,18,3090,,1,1,1.0,26.1,26.49,,0.0,117.21,24.0,,0.0,26.74,14.7,0.8,7.88,6.53,4.91
May,9,19,3091,,1,1,1.0,25.0,26.48,,0.0,104.97,24.0,,0.0,23.33,14.7,0.8,7.88,6.53,4.91
May,9,20,3092,,1,1,1.0,23.3,26.37,,0.0,87.32,24.0,,0.0,18.52,14.7,0.8,7.88,6.53,4.91
May,9,21,3093,,1,1,1.0,21.1,26.16,,0.0,64.32,24.0,,0.0,12.89,14.7,0.8,7.88,6.53,4.91
May,9,22,3094,,1,1,0.77,20.0,26.15,,0.0,0.0,24.0,,0.0,0.0,0.0,0.61,6.04,6.53,3.76
May,9,23,3095,,1,1,0.77,19.4,26.1,,0.0,0.0,24.0,,0.0,0.0,0.0,0.61,6.04,6.53,3.76
May,9,24,3096,,1,1,0.77,18.3,25.99,,0.0,0.0,24.0,,0.0,0.0,0.0,0.61,6.04,6.53,3.76
May,10,1,3097,,1,1,0.77,16.1,25.77,,0.0,0.0,24.0,,0.0,0.0,0.0,0.61,6.04,6.53,3.76
May,10,2,3098,,1,1,0.77,16.1,25.7,,0.0,0.0,24.0,,0.0,0.0,0.0,0.61,6.04,6.53,3.76
May,10,3,3099,,1,1,0.77,15.0,25.54,,0.0,0.0,24.0,,0.0,0.0,0.0,0.61,6.04,6.53,3.76
May,10,4,3100,,1,1,0.77,13.9,25.36,,0.0,0.0,23.85,,0.0,0.0,0.0,0.61,6.04,6.53,3.76
May,10,5,3101,,1,1,0.77,13.9,25.25,,0.0,0.0,23.77,,0.0,0.0,0.0,0.61,6.04,6.53,3.76
May,10,6,3102,,1,1,0.77,15.0,25.25,,0.0,0.0,23.8,,0.0,0.0,0.0,0.61,6.04,6.53,3.76
May,10,7,3103,,1,1,1.0,16.7,24.93,,25.94,0.0,23.57,,7.27,0.0,14.7,0.8,7.88,6.53,4.91
May,10,8,3104,,1,1,1.0,21.1,25.66,,0.0,25.06,24.0,,0.0,5.02,14.7,0.8,7.88,6.53,4.91
May,10,9,3105,,1,1,1.0,23.9,26.16,,0.0,61.23,24.0,,0.0,13.2,14.7,0.8,7.88,6.53,4.91
May,10,10,3106,,1,1,1.0,26.1,26.65,,0.0,92.89,24.0,,0.0,21.19,14.7,0.8,7.88,6.53,4.91
May,10,11,3107,,1,1,1.0,28.3,27.17,,0.0,123.02,24.0,,0.0,29.64,14.7,0.8,7.88,6.53,4.91
May,10,12,3108,,1,1,1.0,28.3,27.43,,0.0,131.46,24.0,,0.0,31.68,14.7,0.8,7.88,6.53,4.91
May,10,13,3109,,1,1,1.0,28.9,27.78,,0.0,145.03,24.0,,0.0,35.49,14.7,0.8,7.88,6.53,4.91
May,10,14,3110,,1,1,1.0,28.9,28.05,,0.0,152.01,24.0,,0.0,37.2,14.7,0.8,7.88,6.53,4.91
May,10,15,3111,,1,1,1.0,28.9,28.29,,0.0,156.69,24.0,,0.0,38.34,14.7,0.8,7.88,6.53,4.91
May,10,16,3112,,1,1,1.0,30.0,28.63,,0.0,168.18,24.0,,0.0,42.36,14.7,0.8,7.88,6.53,4.91
May,10,17,3113,,1,1,1.0,28.3,28.63,,0.0,153.52,24.0,,0.0,36.99,14.7,0.8,7.88,6.53,4.91
May,10,18,3114,,1,1,1.0,26.7,28.58,,0.0,137.76,24.0,,0.0,31.89,14.7,0.8,7.88,6.53,4.91
May,10,19,3115,,1,1,1.0,25.0,28.46,,0.0,118.17,24.0,,0.0,26.26,14.7,0.8,7.88,6.53,4.91
May,10,20,3116,,1,1,1.0,22.8,28.24,,0.0,94.0,24.0,,0.0,19.68,14.7,0.8,7.88,6.53,4.91
May,10,21,3117,,1,1,1.0,21.1,28.04,,0.0,73.9,24.0,,0.0,14.81,14.7,0.8,7.88,6.53,4.91
May,10,22,3118,,1,1,0.77,20.0,28.08,,0.0,0.0,24.0,,0.0,0.0,0.0,0.61,6.04,6.53,3.76
May,10,23,3119,,1,1,0.77,20.0,28.03,,0.0,0.0,24.0,,0.0,0.0,0.0,0.61,6.04,6.53,3.76
May,10,24,3120,,1,1,0.77,19.4,27.94,,0.0,0.0,24.0,,0.0,0.0,0.0,0.61,6.04,6.53,3.76
May,11,1,3121,,1,1,0.77,18.9,27.85,,0.0,0.0,24.0,,0.0,0.0,0.0,0.61,6.04,6.53,3.76
May,11,2,3122,,1,1,0.77,17.8,27.7,,0.0,0.0,24.0,,0.0,0.0,0.0,0.61,6.04,6.53,3.76
May,11,3,3123,,1,1,0.77,17.2,27.57,,0.0,0.0,24.0,,0.0,0.0,0.0,0.61,6.04,6.53,3.76
May,11,4,3124,,1,1,0.77,16.1,27.4,,0.0,0.0,24.0,,0.0,0.0,0.0,0.61,6.04,6.53,3.76
May,11,5,3125,,1,1,0.77,15.0,27.2,,0.0,0.0,23.98,,0.0,0.0,0.0,0.61,6.04,6.53,3.76
May,11,6,3126,,1,1,0.77,15.6,27.15,,0.0,0.0,23.99,,0.0,0.0,0.0,0.61,6.04,6.53,3.76
May,11,7,3127,,1,1,1.0,17.8,26.79,,9.3,0.0,23.85,,2.61,0.0,14.7,0.8,7.88,6.53,4.91
May,11,8,3128,,1,1,1.0,20.6,27.3,,0.0,31.25,24.0,,0.0,6.18,14.7,0.8,7.88,6.53,4.91
May,11,9,3129,,1,1,1.0,22.8,27.68,,0.0,60.46,24.0,,0.0,12.66,14.7,0.8,7.88,6.53,4.91
May,11,10,3130,,1,1,1.0,25.0,28.08,,0.0,88.93,24.0,,0.0,19.76,14.7,0.8,7.88,6.53,4.91
May,11,11,3131,,1,1,1.0,27.2,28.55,,0.0,118.35,24.0,,0.0,27.74,14.7,0.8,7.88,6.53,4.91
May,11,12,3132,,1,1,1.0,28.3,28.9,,0.0,136.37,24.0,,0.0,32.86,14.7,0.8,7.88,6.53,4.91
May,11,13,3133,,1,1,1.0,28.9,29.21,,0.0,149.67,24.0,,0.0,36.62,14.7,0.8,7.88,6.53,4.91
May,11,14,3134,,1,1,1.0,28.3,29.39,,0.0,151.36,24.0,,0.0,36.47,14.7,0.8,7.88,6.53,4.91
May,11,15,3135,,1,1,1.0,28.3,29.58,,0.0,154.92,24.0,,0.0,37.33,14.7,0.8,7.88,6.53,4.91
May,11,16,3136,,1,1,1.0,27.8,29.69,,0.0,151.94,24.0,,0.0,36.15,14.7,0.8,7.88,6.53,4.91
May,11,17,3137,,1,1,1.0,27.8,29.83,,0.0,151.98,24.0,,0.0,36.16,14.7,0.8,7.88,6.53,4.91
May,11,18,3138,,1,1,1.0,27.2,29.87,,0.0,144.86,24.0,,0.0,33.95,14.7,0.8,7.88,6.53,4.91
May,11,19,3139,,1,1,1.0,25.6,29.74,,0.0,126.05,24.0,,0.0,28.41,14.7,0.8,7.88,6.53,4.91
May,11,20,3140,,1,1,1.0,23.9,29.57,,0.0,106.61,24.0,,0.0,22.98,14.7,0.8,7.88,6.53,4.91
May,11,21,3141,,1,1,1.0,21.7,29.29,,0.0,82.07,24.0,,0.0,16.7,14.7,0.8,7.88,6.53,4.91
May,11,22,3142,,1,1,0.77,19.4,29.25,,0.0,0.0,24.0,,0.0,0.0,0.0,0.61,6.04,6.53,3.76
May,11,23,3143,,1,1,0.77,18.9,29.14,,0.0,0.0,24.0,,0.0,0.0,0.0,0.61,6.04,6.53,3.76
May,11,24,3144,,1,1,0.77,16.7,28.87,,0.0,0.0,24.0,,0.0,0.0,0.0,0.61,6.04,6.53,3.76
May,12,1,3145,,1,1,0.77,18.9,28.93,,0.0,0.0,24.0,,0.0,0.0,0.0,0.61,6.04,6.53,3.76
May,12,2,3146,,1,1,0.77,17.2,28.72,,0.0,0.0,24.0,,0.0,0.0,0.0,0.61,6.04,6.53,3.76
May,12,3,3147,,1,1,0.77,11.7,28.15,,0.0,0.0,23.82,,0.0,0.0,0.0,0.61,6.04,6.53,3.76
May,12,4,3148,,1,1,0.77,10.0,27.81,,0.0,0.0,23.56,,0.0,0.0,0.0,0.61,6.04,6.53,3.76
May,12,5,3149,,1,1,0.77,8.9,27.5,,0.0,0.0,23.32,,0.0,0.0,0.0,0.61,6.04,6.53,3.76
May,12,6,3150,,1,1,0.77,11.1,27.48,,0.0,0.0,23.38,,0.0,0.0,0.0,0.61,6.04,6.53,3.76
May,12,7,3151,,1,1,1.0,12.2,26.67,,69.9,0.0,22.85,,20.72,0.0,14.7,0.8,7.88,6.53,4.91
May,12,8,3152,,1,1,1.0,13.9,26.9,,50.41,0.0,23.17,,14.43,0.0,14.7,0.8,7.88,6.53,4.91
May,12,9,3153,,1,1,1.0,16.7,27.21,,26.2,0.0,23.57,,7.34,0.0,14.7,0.8,7.88,6.53,4.91
May,12,10,3154,,1,1,1.0,18.3,27.43,,7.34,0.0,23.88,,2.06,0.0,14.7,0.8,7.88,6.53,4.91
May,12,11,3155,,1,1,1.0,18.3,27.47,,0.0,0.1,24.0,,0.0,0.02,14.7,0.8,7.88,6.53,4.91
May,12,12,3156,,1,1,1.0,19.4,27.65,,0.0,19.97,24.0,,0.0,3.83,14.7,0.8,7.88,6.53,4.91
May,12,13,3157,,1,1,1.0,20.0,27.78,,0.0,32.98,24.0,,0.0,6.43,14.7,0.8,7.88,6.53,4.91
May,12,14,3158,,1,1,1.0,20.6,27.92,,0.0,45.46,24.0,,0.0,8.99,14.7,0.8,7.88,6.53,4.91
May,12,15,3159,,1,1,1.0,21.1,28.04,,0.0,55.45,24.0,,0.0,11.11,14.7,0.8,7.88,6.53,4.91
May,12,16,3160,,1,1,1.0,21.1,28.06,,0.0,57.02,24.0,,0.0,11.42,14.7,0.8,7.88,6.53,4.91
May,12,17,3161,,1,1,1.0,21.7,28.15,,0.0,63.18,24.0,,0.0,12.85,14.7,0.8,7.88,6.53,4.91
May,12,18,3162,,1,1,1.0,20.0,27.96,,0.0,47.71,24.0,,0.0,9.3,14.7,0.8,7.88,6.53,4.91
May,12,19,3163,,1,1,1.0,18.3,27.69,,0.0,28.46,24.0,,0.0,5.29,14.7,0.8,7.88,6.53,4.91
May,12,20,3164,,1,1,1.0,14.4,27.1,,9.64,0.0,23.84,,2.73,0.0,14.7,0.8,7.88,6.53,4.91
May,12,21,3165,,1,1,1.0,12.2,26.66,,31.79,0.0,23.48,,9.42,0.0,14.7,0.8,7.88,6.53,4.91
May,12,22,3166,,1,1,0.77,10.6,26.86,,0.0,0.0,23.59,,0.0,0.0,0.0,0.61,6.04,6.53,3.76
May,12,23,3167,,1,1,0.77,10.0,26.61,,0.0,0.0,23.41,,0.0,0.0,0.0,0.61,6.04,6.53,3.76
May,12,24,3168,,1,1,0.77,8.9,26.32,,0.0,0.0,23.17,,0.0,0.0,0.0,0.61,6.04,6.53,3.76
May,13,1,3169,,1,1,0.77,6.1,25.87,,0.0,0.0,22.78,,0.0,0.0,0.0,0.61,6.04,6.53,3.76
May,13,2,3170,,1,1,0.77,5.6,25.57,,0.0,0.0,22.54,,0.0,0.0,0.0,0.61,6.04,6.53,3.76
May,13,3,3171,,1,1,0.77,6.1,25.35,,0.0,0.0,22.37,,0.0,0.0,0.0,0.61,6.04,6.53,3.76
May,13,4,3172,,1,1,0.77,6.1,25.1,,0.0,0.0,22.18,,0.0,0.0,0.0,0.61,6.04,6.53,3.76
May,13,5,3173,,1,1,0.77,4.4,24.71,,1.88,0.0,22.0,,0.66,0.0,0.0,0.61,6.04,6.53,3.76
May,13,6,3174,,1,1,0.77,8.3,24.79,,0.05,0.0,22.0,,0.02,0.0,0.0,0.61,6.04,6.53,3.76
May,13,7,3175,,1,1,1.0,12.2,24.32,,142.18,0.0,22.0,,42.14,0.0,14.7,0.8,7.88,6.53,4.91
May,13,8,3176,,1,1,1.0,15.6,24.83,,101.89,0.0,22.32,,28.54,0.0,14.7,0.8,7.88,6.53,4.91
May,13,9,3177,,1,1,1.0,18.3,25.21,,74.84,0.0,22.76,,20.96,0.0,14.7,0.8,7.88,6.53,4.91
May,13,10,3178,,1,1,1.0,21.1,25.66,,44.34,0.0,23.27,,11.2,0.0,14.7,0.8,7.88,6.53,4.91
May,13,11,3179,,1,1,1.0,22.8,26.01,,19.13,0.0,23.68,,4.83,0.0,14.7,0.8,7.88,6.53,4.91
May,13,12,3180,,1,1,1.0,25.0,26.48,,0.0,15.08,24.0,,0.0,3.35,14.7,0.8,7.88,6.53,4.91
May,13,13,3181,,1,1,1.0,25.6,26.77,,0.0,38.53,24.0,,0.0,8.68,14.7,0.8,7.88,6.53,4.91
May,13,14,3182,,1,1,1.0,27.2,27.2,,0.0,70.29,24.0,,0.0,16.47,14.7,0.8,7.88,6.53,4.91
May,13,15,3183,,1,1,1.0,27.2,27.45,,0.0,84.58,24.0,,0.0,19.82,14.7,0.8,7.88,6.53,4.91
May,13,16,3184,,1,1,1.0,24.4,27.28,,0.0,67.43,24.0,,0.0,14.74,14.7,0.8,7.88,6.53,4.91
May,13,17,3185,,1,1,1.0,23.9,27.31,,0.0,66.26,24.0,,0.0,14.28,14.7,0.8,7.88,6.53,4.91
May,13,18,3186,,1,1,1.0,21.7,27.11,,0.0,48.5,24.0,,0.0,9.87,14.7,0.8,7.88,6.53,4.91
May,13,19,3187,,1,1,1.0,21.1,27.05,,0.0,42.58,24.0,,0.0,8.53,14.7,0.8,7.88,6.53,4.91
May,13,20,3188,,1,1,1.0,20.0,26.91,,0.0,31.98,24.0,,0.0,6.23,14.7,0.8,7.88,6.53,4.91
May,13,21,3189,,1,1,1.0,19.4,26.81,,0.0,25.61,24.0,,0.0,4.91,14.7,0.8,7.88,6.53,4.91
May,13,22,3190,,1,1,0.77,17.8,26.82,,0.0,0.0,24.0,,0.0,0.0,0.0,0.61,6.04,6.53,3.76
May,13,23,3191,,1,1,0.77,17.2,26.71,,0.0,0.0,24.0,,0.0,0.0,0.0,0.61,6.04,6.53,3.76
May,13,24,3192,,1,1,0.77,16.7,26.6,,0.0,0.0,24.0,,0.0,0.0,0.0,0.61,6.04,6.53,3.76
May,14,1,3193,,1,1,0.77,14.4,26.33,,0.0,0.0,23.85,,0.0,0.0,0.0,0.61,6.04,6.53,3.76
May,14,2,3194,,1,1,0.77,12.2,26.04,,0.0,0.0,23.6,,0.0,0.0,0.0,0.61,6.04,6.53,3.76
May,14,3,3195,,1,1,0.77,10.6,25.75,,0.0,0.0,23.37,,0.0,0.0,0.0,0.61,6.04,6.53,3.76
May,14,4,3196,,1,1,0.77,8.3,25.39,,0.0,0.0,23.05,,0.0,0.0,0.0,0.61,6.04,6.53,3.76
May,14,5,3197,,1,1,0.77,6.7,25.05,,0.0,0.0,22.75,,0.0,0.0,0.0,0.61,6.04,6.53,3.76
May,14,6,3198,,1,1,0.77,13.3,25.38,,0.0,0.0,23.12,,0.0,0.0,0.0,0.61,6.04,6.53,3.76
May,14,7,3199,,1,1,1.0,17.2,25.21,,54.16,0.0,23.11,,15.17,0.0,14.7,0.8,7.88,6.53,4.91
May,14,8,3200,,1,1,1.0,18.9,25.6,,27.65,0.0,23.54,,7.75,0.0,14.7,0.8,7.88,6.53,4.91
May,14,9,3201,,1,1,1.0,21.1,25.96,,2.82,0.0,23.95,,0.71,0.0,14.7,0.8,7.88,6.53,4.91
May,14,10,3202,,1,1,1.0,24.4,26.51,,0.0,41.0,24.0,,0.0,8.96,14.7,0.8,7.88,6.53,4.91
May,14,11,3203,,1,1,1.0,27.2,27.07,,0.0,80.91,24.0,,0.0,18.96,14.7,0.8,7.88,6.53,4.91
May,14,12,3204,,1,1,1.0,28.3,27.45,,0.0,103.2,24.0,,0.0,24.87,14.7,0.8,7.88,6.53,4.91
May,14,13,3205,,1,1,1.0,28.3,27.72,,0.0,115.15,24.0,,0.0,27.75,14.7,0.8,7.88,6.53,4.91
May,14,14,3206,,1,1,1.0,27.2,27.83,,0.0,114.37,24.0,,0.0,26.8,14.7,0.8,7.88,6.53,4.91
May,14,15,3207,,1,1,1.0,26.7,28.0,,0.0,118.09,24.0,,0.0,27.34,14.7,0.8,7.88,6.53,4.91
May,14,16,3208,,1,1,1.0,27.2,28.23,,0.0,126.73,24.0,,0.0,29.7,14.7,0.8,7.88,6.53,4.91
May,14,17,3209,,1,1,1.0,27.8,28.46,,0.0,133.99,24.0,,0.0,31.88,14.7,0.8,7.88,6.53,4.91
May,14,18,3210,,1,1,1.0,26.1,28.4,,0.0,119.51,24.0,,0.0,27.26,14.7,0.8,7.88,6.53,4.91
May,14,19,3211,,1,1,1.0,23.3,28.13,,0.0,90.85,24.0,,0.0,19.27,14.7,0.8,7.88,6.53,4.91
May,14,20,3212,,1,1,1.0,21.1,27.87,,0.0,67.32,24.0,,0.0,13.49,14.7,0.8,7.88,6.53,4.91
May,14,21,3213,,1,1,1.0,19.4,27.64,,0.0,47.78,24.0,,0.0,9.16,14.7,0.8,7.88,6.53,4.91
May,14,22,3214,,1,1,0.77,17.2,27.62,,0.0,0.0,24.0,,0.0,0.0,0.0,0.61,6.04,6.53,3.76
May,14,23,3215,,1,1,0.77,16.1,27.44,,0.0,0.0,24.0,,0.0,0.0,0.0,0.61,6.04,6.53,3.76
May,14,24,3216,,1,1,0.77,17.8,27.48,,0.0,0.0,24.0,,0.0,0.0,0.0,0.61,6.04,6.53,3.76
May,15,1,3217,,1,1,0.77,16.1,27.27,,0.0,0.0,24.0,,0.0,0.0,0.0,0.61,6.04,6.53,3.76
May,15,2,3218,,1,1,0.77,16.1,27.17,,0.0,0.0,24.0,,0.0,0.0,0.0,0.61,6.04,6.53,3.76
May,15,3,3219,,1,1,0.77,13.9,26.89,,0.0,0.0,23.87,,0.0,0.0,0.0,0.61,6.04,6.53,3.76
May,15,4,3220,,1,1,0.77,12.8,26.66,,0.0,0.0,23.7,,0.0,0.0,0.0,0.61,6.04,6.53,3.76
May,15,5,3221,,1,1,0.77,11.7,26.42,,0.0,0.0,23.52,,0.0,0.0,0.0,0.61,6.04,6.53,3.76
May,15,6,3222,,1,1,0.77,13.9,26.46,,0.0,0.0,23.61,,0.0,0.0,0.0,0.61,6.04,6.53,3.76
May,15,7,3223,,1,1,1.0,16.7,26.11,,33.09,0.0,23.45,,9.27,0.0,14.7,0.8,7.88,6.53,4.91
May,15,8,3224,,1,1,1.0,18.3,26.46,,7.9,0.0,23.87,,2.21,0.0,14.7,0.8,7.88,6.53,4.91
May,15,9,3225,,1,1,1.0,15.6,26.09,,26.49,0.0,23.56,,7.42,0.0,14.7,0.8,7.88,6.53,4.91
May,15,10,3226,,1,1,1.0,15.6,26.03,,26.54,0.0,23.56,,7.43,0.0,14.7,0.8,7.88,6.53,4.91
May,15,11,3227,,1,1,1.0,15.6,25.96,,26.93,0.0,23.56,,7.54,0.0,14.7,0.8,7.88,6.53,4.91
May,15,12,3228,,1,1,1.0,15.0,25.83,,31.7,0.0,23.48,,8.88,0.0,14.7,0.8,7.88,6.53,4.91
May,15,13,3229,,1,1,1.0,10.0,25.12,,71.13,0.0,22.83,,22.09,0.0,14.7,0.8,7.88,6.53,4.91
May,15,14,3230,,1,1,1.0,8.3,24.73,,91.31,0.0,22.49,,29.38,0.0,14.7,0.8,7.88,6.53,4.91
May,15,15,3231,,1,1,1.0,9.4,24.66,,91.99,0.0,22.48,,28.92,0.0,14.7,0.8,7.88,6.53,4.91
May,15,16,3232,,1,1,1.0,12.8,24.93,,72.53,0.0,22.8,,21.23,0.0,14.7,0.8,7.88,6.53,4.91
May,15,17,3233,,1,1,1.0,14.4,25.04,,63.02,0.0,22.96,,17.86,0.0,14.7,0.8,7.88,6.53,4.91
May,15,18,3234,,1,1,1.0,15.0,25.01,,61.24,0.0,22.99,,17.15,0.0,14.7,0.8,7.88,6.53,4.91
May,15,19,3235,,1,1,1.0,12.2,24.56,,85.87,0.0,22.58,,25.45,0.0,14.7,0.8,7.88,6.53,4.91
May,15,20,3236,,1,1,1.0,10.6,24.2,,104.91,0.0,22.27,,32.16,0.0,14.7,0.8,7.88,6.53,4.91
May,15,21,3237,,1,1,1.0,10.6,24.01,,113.28,0.0,22.13,,34.73,0.0,14.7,0.8,7.88,6.53,4.91
May,15,22,3238,,1,1,0.77,11.1,24.35,,0.0,0.0,22.42,,0.0,0.0,0.0,0.61,6.04,6.53,3.76
May,15,23,3239,,1,1,0.77,10.6,24.17,,0.0,0.0,22.28,,0.0,0.0,0.0,0.61,6.04,6.53,3.76
May,15,24,3240,,1,1,0.77,10.0,23.98,,0.0,0.0,22.12,,0.0,0.0,0.0,0.61,6.04,6.53,3.76
May,16,1,3241,,1,1,0.77,8.9,23.74,,1.08,0.0,22.0,,0.34,0.0,0.0,0.61,6.04,6.53,3.76
May,16,2,3242,,1,1,0.77,8.9,23.57,,2.6,0.0,22.0,,0.83,0.0,0.0,0.61,6.04,6.53,3.76
May,16,3,3243,,1,1,0.77,7.8,23.31,,5.03,0.0,22.0,,1.64,0.0,0.0,0.61,6.04,6.53,3.76
May,16,4,3244,,1,1,0.77,8.3,23.17,,5.75,0.0,22.0,,1.85,0.0,0.0,0.61,6.04,6.53,3.76
May,16,5,3245,,1,1,0.77,8.3,23.0,,6.78,0.0,22.0,,2.18,0.0,0.0,0.61,6.04,6.53,3.76
May,16,6,3246,,1,1,0.77,7.8,22.8,,8.14,0.0,22.0,,2.65,0.0,0.0,0.61,6.04,6.53,3.76
May,16,7,3247,,1,1,1.0,7.8,21.9,,101.87,0.0,22.0,,33.13,0.0,14.7,0.8,7.88,6.53,4.91
May,16,8,3248,,1,1,1.0,7.2,21.82,,94.22,0.0,22.0,,31.04,0.0,14.7,0.8,7.88,6.53,4.91
May,16,9,3249,,1,1,1.0,7.2,21.7,,90.97,0.0,22.0,,29.97,0.0,14.7,0.8,7.88,6.53,4.91
May,16,10,3250,,1,1,1.0,7.8,21.66,,82.12,0.0,22.0,,26.71,0.0,14.7,0.8,7.88,6.53,4.91
May,16,11,3251,,1,1,1.0,10.6,21.99,,47.6,0.0,22.0,,14.59,0.0,14.7,0.8,7.88,6.53,4.91
May,16,12,3252,,1,1,1.0,11.7,22.06,,39.35,0.0,22.0,,11.78,0.0,14.7,0.8,7.88,6.53,4.91
May,16,13,3253,,1,1,1.0,14.4,22.45,,29.37,0.0,22.0,,8.32,0.0,14.7,0.8,7.88,6.53,4.91
May,16,14,3254,,1,1,1.0,15.0,22.52,,28.12,0.0,22.06,,7.88,0.0,14.7,0.8,7.88,6.53,4.91
May,16,15,3255,,1,1,1.0,16.7,22.76,,27.43,0.0,22.3,,7.68,0.0,14.7,0.8,7.88,6.53,4.91
May,16,16,3256,,1,1,1.0,16.7,22.81,,26.76,0.0,22.37,,7.5,0.0,14.7,0.8,7.88,6.53,4.91
May,16,17,3257,,1,1,1.0,14.4,22.56,,26.11,0.0,22.12,,7.4,0.0,14.7,0.8,7.88,6.53,4.91
May,16,18,3258,,1,1,1.0,12.8,22.3,,27.04,0.0,22.0,,7.92,0.0,14.7,0.8,7.88,6.53,4.91
May,16,19,3259,,1,1,1.0,12.2,22.14,,27.37,0.0,22.0,,8.11,0.0,14.7,0.8,7.88,6.53,4.91
May,16,20,3260,,1,1,1.0,11.1,21.9,,33.74,0.0,22.0,,10.23,0.0,14.7,0.8,7.88,6.53,4.91
May,16,21,3261,,1,1,1.0,11.1,21.78,,37.94,0.0,22.0,,11.51,0.0,14.7,0.8,7.88,6.53,4.91
May,16,22,3262,,1,1,0.77,9.4,21.87,,4.59,0.0,22.0,,1.44,0.0,0.0,0.61,6.04,6.53,3.76
May,16,23,3263,,1,1,0.77,9.4,21.75,,5.52,0.0,22.0,,1.74,0.0,0.0,0.61,6.04,6.53,3.76
May,16,24,3264,,1,1,0.77,9.4,21.63,,6.32,0.0,22.0,,1.99,0.0,0.0,0.61,6.04,6.53,3.76
May,17,1,3265,,1,1,0.77,9.4,21.51,,7.02,0.0,22.0,,2.21,0.0,0.0,0.61,6.04,6.53,3.76
May,17,2,3266,,1,1,0.77,9.4,21.39,,7.62,0.0,22.0,,2.4,0.0,0.0,0.61,6.04,6.53,3.76
May,17,3,3267,,1,1,0.77,8.9,21.23,,8.64,0.0,22.0,,2.75,0.0,0.0,0.61,6.04,6.53,3.76
May,17,4,3268,,1,1,0.77,7.8,21.02,,10.25,0.0,22.0,,3.33,0.0,0.0,0.61,6.04,6.53,3.76
May,17,5,3269,,1,1,0.77,8.3,20.92,,10.27,0.0,22.0,,3.3,0.0,0.0,0.61,6.04,6.53,3.76
May,17,6,3270,,1,1,0.77,8.9,20.88,,9.63,0.0,22.0,,3.06,0.0,0.0,0.61,6.04,6.53,3.76
May,17,7,3271,,1,1,1.0,11.1,20.54,,77.98,0.0,22.0,,23.65,0.0,14.7,0.8,7.88,6.53,4.91
May,17,8,3272,,1,1,1.0,12.8,20.95,,39.86,0.0,22.0,,11.67,0.0,14.7,0.8,7.88,6.53,4.91
May,17,9,3273,,1,1,1.0,13.3,21.14,,22.45,0.0,22.0,,6.51,0.0,14.7,0.8,7.88,6.53,4.91
May,17,10,3274,,1,1,1.0,14.4,21.41,,0.91,0.0,22.0,,0.26,0.0,14.7,0.8,7.88,6.53,4.91
May,17,11,3275,,1,1,1.0,15.0,21.71,,0.0,19.55,22.27,,0.0,3.33,14.7,0.8,7.88,6.53,4.91
May,17,12,3276,,1,1,1.0,17.2,22.14,,0.0,40.19,22.68,,0.0,7.25,14.7,0.8,7.88,6.53,4.91
May,17,13,3277,,1,1,1.0,17.2,22.25,,0.0,39.21,22.79,,0.0,7.07,14.7,0.8,7.88,6.53,4.91
May,17,14,3278,,1,1,1.0,18.9,22.6,,0.0,38.25,23.12,,0.0,7.23,14.7,0.8,7.88,6.53,4.91
May,17,15,3279,,1,1,1.0,19.4,22.83,,0.0,37.32,23.34,,0.0,7.15,14.7,0.8,7.88,6.53,4.91
May,17,16,3280,,1,1,1.0,19.4,22.96,,0.0,36.4,23.46,,0.0,6.97,14.7,0.8,7.88,6.53,4.91
May,17,17,3281,,1,1,1.0,18.9,22.99,,0.0,35.52,23.48,,0.0,6.71,14.7,0.8,7.88,6.53,4.91
May,17,18,3282,,1,1,1.0,17.2,22.82,,0.0,34.65,23.29,,0.0,6.25,14.7,0.8,7.88,6.53,4.91
May,17,19,3283,,1,1,1.0,16.7,22.76,,0.0,33.8,23.22,,0.0,6.02,14.7,0.8,7.88,6.53,4.91
May,17,20,3284,,1,1,1.0,16.7,22.76,,0.0,32.98,23.21,,0.0,5.87,14.7,0.8,7.88,6.53,4.91
May,17,21,3285,,1,1,1.0,15.6,22.62,,0.0,32.17,23.06,,0.0,5.56,14.7,0.8,7.88,6.53,4.91
May,17,22,3286,,1,1,0.77,14.4,22.65,,0.0,0.0,23.1,,0.0,0.0,0.0,0.61,6.04,6.53,3.76
May,17,23,3287,,1,1,0.77,13.3,22.52,,0.0,0.0,22.96,,0.0,0.0,0.0,0.61,6.04,6.53,3.76
May,17,24,3288,,1,1,0.77,13.3,22.45,,0.0,0.0,22.89,,0.0,0.0,0.0,0.61,6.04,6.53,3.76
May,18,1,3289,,1,1,0.77,13.3,22.39,,0.0,0.0,22.82,,0.0,0.0,0.0,0.61,6.04,6.53,3.76
May,18,2,3290,,1,1,0.77,13.3,22.33,,0.0,0.0,22.75,,0.0,0.0,0.0,0.61,6.04,6.53,3.76
May,18,3,3291,,1,1,0.77,12.8,22.23,,0.0,0.0,22.64,,0.0,0.0,0.0,0.61,6.04,6.53,3.76
May,18,4,3292,,1,1,0.77,12.8,22.16,,0.0,0.0,22.56,,0.0,0.0,0.0,0.61,6.04,6.53,3.76
May,18,5,3293,,1,1,0.77,12.2,22.04,,0.0,0.0,22.44,,0.0,0.0,0.0,0.61,6.04,6.53,3.76
May,18,6,3294,,1,1,0.77,12.8,22.03,,0.0,0.0,22.42,,0.0,0.0,0.0,0.61,6.04,6.53,3.76
May,18,7,3295,,1,1,1.0,15.0,21.84,,0.0,14.58,22.2,,0.0,2.48,14.7,0.8,7.88,6.53,4.91
May,18,8,3296,,1,1,1.0,16.1,22.25,,0.0,25.85,22.61,,0.0,4.53,14.7,0.8,7.88,6.53,4.91
May,18,9,3297,,1,1,1.0,17.2,22.48,,0.0,25.22,22.82,,0.0,4.55,14.7,0.8,7.88,6.53,4.91
May,18,10,3298,,1,1,1.0,19.4,22.88,,0.0,24.61,23.22,,0.0,4.72,14.7,0.8,7.88,6.53,4.91
May,18,11,3299,,1,1,1.0,20.6,23.22,,0.0,24.01,23.54,,0.0,4.75,14.7,0.8,7.88,6.53,4.91
May,18,12,3300,,1,1,1.0,22.8,23.72,,0.0,23.42,24.0,,0.0,4.9,14.7,0.8,7.88,6.53,4.91
May,18,13,3301,,1,1,1.0,24.4,24.15,,0.0,33.42,24.0,,0.0,7.3,14.7,0.8,7.88,6.53,4.91
May,18,14,3302,,1,1,1.0,25.0,24.48,,0.0,53.28,24.0,,0.0,11.84,14.7,0.8,7.88,6.53,4.91
May,18,15,3303,,1,1,1.0,25.6,24.79,,0.0,69.7,24.0,,0.0,15.71,14.7,0.8,7.88,6.53,4.91
May,18,16,3304,,1,1,1.0,25.6,25.0,,0.0,77.42,24.0,,0.0,17.45,14.7,0.8,7.88,6.53,4.91
May,18,17,3305,,1,1,1.0,26.1,25.28,,0.0,88.96,24.0,,0.0,20.29,14.7,0.8,7.88,6.53,4.91
May,18,18,3306,,1,1,1.0,26.1,25.47,,0.0,93.44,24.0,,0.0,21.32,14.7,0.8,7.88,6.53,4.91
May,18,19,3307,,1,1,1.0,27.2,25.77,,0.0,105.69,24.0,,0.0,24.77,14.7,0.8,7.88,6.53,4.91
May,18,20,3308,,1,1,1.0,16.7,24.61,,0.0,8.83,24.0,,0.0,1.57,14.7,0.8,7.88,6.53,4.91
May,18,21,3309,,1,1,1.0,15.6,24.42,,4.15,0.0,23.93,,1.16,0.0,14.7,0.8,7.88,6.53,4.91
May,18,22,3310,,1,1,0.77,14.4,24.5,,0.0,0.0,24.0,,0.0,0.0,0.0,0.61,6.04,6.53,3.76
May,18,23,3311,,1,1,0.77,14.4,24.42,,0.0,0.0,23.93,,0.0,0.0,0.0,0.61,6.04,6.53,3.76
May,18,24,3312,,1,1,0.77,14.4,24.34,,0.0,0.0,23.86,,0.0,0.0,0.0,0.61,6.04,6.53,3.76
May,19,1,3313,,1,1,0.77,12.8,24.13,,0.0,0.0,23.66,,0.0,0.0,0.0,0.61,6.04,6.53,3.76
May,19,2,3314,,1,1,0.77,16.1,24.3,,0.0,0.0,23.84,,0.0,0.0,0.0,0.61,6.04,6.53,3.76
May,19,3,3315,,1,1,0.77,17.8,24.4,,0.0,0.0,23.94,,0.0,0.0,0.0,0.61,6.04,6.53,3.76
May,19,4,3316,,1,1,0.77,17.2,24.33,,0.0,0.0,23.89,,0.0,0.0,0.0,0.61,6.04,6.53,3.76
May,19,5,3317,,1,1,0.77,16.7,24.27,,0.0,0.0,23.83,,0.0,0.0,0.0,0.61,6.04,6.53,3.76
May,19,6,3318,,1,1,0.77,16.7,24.26,,0.0,0.0,23.83,,0.0,0.0,0.0,0.61,6.04,6.53,3.76
May,19,7,3319,,1,1,1.0,18.3,24.1,,18.39,0.0,23.7,,5.15,0.0,14.7,0.8,7.88,6.53,4.91
May,19,8,3320,,1,1,1.0,20.6,24.61,,0.0,15.92,24.0,,0.0,3.15,14.7,0.8,7.88,6.53,4.91
May,19,9,3321,,1,1,1.0,23.9,25.18,,0.0,56.91,24.0,,0.0,12.27,14.7,0.8,7.88,6.53,4.91
May,19,10,3322,,1,1,1.0,26.1,25.68,,0.0,88.24,24.0,,0.0,20.13,14.7,0.8,7.88,6.53,4.91
May,19,11,3323,,1,1,1.0,27.8,26.15,,0.0,113.37,24.0,,0.0,26.97,14.7,0.8,7.88,6.53,4.91
May,19,12,3324,,1,1,1.0,28.9,26.56,,0.0,132.16,24.0,,0.0,32.34,14.7,0.8,7.88,6.53,4.91
May,19,13,3325,,1,1,1.0,30.0,27.0,,0.0,151.01,24.0,,0.0,38.04,14.7,0.8,7.88,6.53,4.91
May,19,14,3326,,1,1,1.0,30.6,27.4,,0.0,165.81,24.0,,0.0,42.37,14.7,0.8,7.88,6.53,4.91
May,19,15,3327,,1,1,1.0,27.8,27.33,,0.0,144.2,24.0,,0.0,34.31,14.7,0.8,7.88,6.53,4.91
May,19,16,3328,,1,1,1.0,21.7,26.76,,0.0,88.32,24.0,,0.0,17.97,14.7,0.8,7.88,6.53,4.91
May,19,17,3329,,1,1,1.0,22.2,26.85,,0.0,88.5,24.0,,0.0,18.24,14.7,0.8,7.88,6.53,4.91
May,19,18,3330,,1,1,1.0,21.1,26.78,,0.0,76.05,24.0,,0.0,15.24,14.7,0.8,7.88,6.53,4.91
May,19,19,3331,,1,1,1.0,19.4,26.56,,0.0,55.06,24.0,,0.0,10.55,14.7,0.8,7.88,6.53,4.91
May,19,20,3332,,1,1,1.0,18.9,26.47,,0.0,45.29,24.0,,0.0,8.56,14.7,0.8,7.88,6.53,4.91
May,19,21,3333,,1,1,1.0,18.9,26.43,,0.0,40.79,24.0,,0.0,7.71,14.7,0.8,7.88,6.53,4.91
May,19,22,3334,,1,1,0.77,17.8,26.49,,0.0,0.0,24.0,,0.0,0.0,0.0,0.61,6.04,6.53,3.76
May,19,23,3335,,1,1,0.77,17.8,26.43,,0.0,0.0,24.0,,0.0,0.0,0.0,0.61,6.04,6.53,3.76
May,19,24,3336,,1,1,0.77,17.2,26.33,,0.0,0.0,24.0,,0.0,0.0,0.0,0.61,6.04,6.53,3.76
May,20,1,3337,,1,1,0.77,17.2,26.27,,0.0,0.0,24.0,,0.0,0.0,0.0,0.61,6.04,6.53,3.76
May,20,2,3338,,1,1,0.77,17.2,26.21,,0.0,0.0,24.0,,0.0,0.0,0.0,0.61,6.04,6.53,3.76
May,20,3,3339,,1,1,0.77,17.2,26.15,,0.0,0.0,24.0,,0.0,0.0,0.0,0.61,6.04,6.53,3.76
May,20,4,3340,,1,1,0.77,16.7,26.05,,0.0,0.0,24.0,,0.0,0.0,0.0,0.61,6.04,6.53,3.76
May,20,5,3341,,1,1,0.77,17.2,26.02,,0.0,0.0,24.0,,0.0,0.0,0.0,0.61,6.04,6.53,3.76
May,20,6,3342,,1,1,0.77,17.2,25.98,,0.0,0.0,24.0,,0.0,0.0,0.0,0.61,6.04,6.53,3.76
May,20,7,3343,,1,1,1.0,19.4,25.83,,0.0,2.3,24.0,,0.0,0.44,14.7,0.8,7.88,6.53,4.91
May,20,8,3344,,1,1,1.0,21.1,26.24,,0.0,35.4,24.0,,0.0,7.09,14.7,0.8,7.88,6.53,4.91
May,20,9,3345,,1,1,1.0,21.1,26.35,,0.0,42.49,24.0,,0.0,8.51,14.7,0.8,7.88,6.53,4.91
May,20,10,3346,,1,1,1.0,23.3,26.75,,0.0,70.19,24.0,,0.0,14.89,14.7,0.8,7.88,6.53,4.91
May,20,11,3347,,1,1,1.0,25.0,27.12,,0.0,92.83,24.0,,0.0,20.63,14.7,0.8,7.88,6.53,4.91
May,20,12,3348,,1,1,1.0,22.8,26.97,,0.0,75.29,24.0,,0.0,15.76,14.7,0.8,7.88,6.53,4.91
May,20,13,3349,,1,1,1.0,21.7,26.93,,0.0,67.25,24.0,,0.0,13.68,14.7,0.8,7.88,6.53,4.91
May,20,14,3350,,1,1,1.0,21.7,27.01,,0.0,69.39,24.0,,0.0,14.12,14.7,0.8,7.88,6.53,4.91
May,20,15,3351,,1,1,1.0,20.6,27.0,,0.0,64.89,24.0,,0.0,12.84,14.7,0.8,7.88,6.53,4.91
May,20,16,3352,,1,1,1.0,20.6,27.03,,0.0,63.38,24.0,,0.0,12.54,14.7,0.8,7.88,6.53,4.91
May,20,17,3353,,1,1,1.0,21.1,27.11,,0.0,66.02,24.0,,0.0,13.23,14.7,0.8,7.88,6.53,4.91
May,20,18,3354,,1,1,1.0,19.4,26.89,,0.0,46.37,24.0,,0.0,8.89,14.7,0.8,7.88,6.53,4.91
May,20,19,3355,,1,1,1.0,17.8,26.67,,0.0,29.25,24.0,,0.0,5.36,14.7,0.8,7.88,6.53,4.91
May,20,20,3356,,1,1,1.0,16.7,26.45,,0.0,14.1,24.0,,0.0,2.51,14.7,0.8,7.88,6.53,4.91
May,20,21,3357,,1,1,1.0,16.7,26.36,,0.0,9.88,24.0,,0.0,1.76,14.7,0.8,7.88,6.53,4.91
May,20,22,3358,,1,1,0.77,16.1,26.51,,0.0,0.0,24.0,,0.0,0.0,0.0,0.61,6.04,6.53,3.76
May,20,23,3359,,1,1,0.77,16.1,26.43,,0.0,0.0,24.0,,0.0,0.0,0.0,0.61,6.04,6.53,3.76
May,20,24,3360,,1,1,0.77,14.4,26.2,,0.0,0.0,23.95,,0.0,0.0,0.0,0.61,6.04,6.53,3.76
May,21,1,3361,,1,1,0.77,14.4,26.09,,0.0,0.0,23.88,,0.0,0.0,0.0,0.61,6.04,6.53,3.76
May,21,2,3362,,1,1,0.77,13.9,25.94,,0.0,0.0,23.77,,0.0,0.0,0.0,0.61,6.04,6.53,3.76
May,21,3,3363,,1,1,0.77,13.9,25.82,,0.0,0.0,23.69,,0.0,0.0,0.0,0.61,6.04,6.53,3.76
May,21,4,3364,,1,1,0.77,14.4,25.75,,0.0,0.0,23.66,,0.0,0.0,0.0,0.61,6.04,6.53,3.76
May,21,5,3365,,1,1,0.77,13.9,25.61,,0.0,0.0,23.55,,0.0,0.0,0.0,0.61,6.04,6.53,3.76
May,21,6,3366,,1,1,0.77,13.3,25.46,,0.0,0.0,23.44,,0.0,0.0,0.0,0.61,6.04,6.53,3.76
May,21,7,3367,,1,1,1.0,16.1,25.16,,43.78,0.0,23.28,,12.26,0.0,14.7,0.8,7.88,6.53,4.91
May,21,8,3368,,1,1,1.0,17.8,25.5,,20.54,0.0,23.66,,5.75,0.0,14.7,0.8,7.88,6.53,4.91
May,21,9,3369,,1,1,1.0,20.6,25.94,,0.0,11.22,24.0,,0.0,2.22,14.7,0.8,7.88,6.53,4.91
May,21,10,3370,,1,1,1.0,21.7,26.22,,0.0,33.42,24.0,,0.0,6.8,14.7,0.8,7.88,6.53,4.91
May,21,11,3371,,1,1,1.0,23.3,26.65,,0.0,64.69,24.0,,0.0,13.72,14.7,0.8,7.88,6.53,4.91
May,21,12,3372,,1,1,1.0,26.1,27.15,,0.0,97.63,24.0,,0.0,22.27,14.7,0.8,7.88,6.53,4.91
May,21,13,3373,,1,1,1.0,26.1,27.4,,0.0,108.47,24.0,,0.0,24.75,14.7,0.8,7.88,6.53,4.91
May,21,14,3374,,1,1,1.0,27.2,27.85,,0.0,132.75,24.0,,0.0,31.11,14.7,0.8,7.88,6.53,4.91
May,21,15,3375,,1,1,1.0,25.6,27.8,,0.0,117.79,24.0,,0.0,26.55,14.7,0.8,7.88,6.53,4.91
May,21,16,3376,,1,1,1.0,23.9,27.7,,0.0,101.63,24.0,,0.0,21.91,14.7,0.8,7.88,6.53,4.91
May,21,17,3377,,1,1,1.0,19.4,27.21,,0.0,58.33,24.0,,0.0,11.18,14.7,0.8,7.88,6.53,4.91
May,21,18,3378,,1,1,1.0,20.0,27.25,,0.0,59.26,24.0,,0.0,11.55,14.7,0.8,7.88,6.53,4.91
May,21,19,3379,,1,1,1.0,18.9,27.08,,0.0,44.22,24.0,,0.0,8.35,14.7,0.8,7.88,6.53,4.91
May,21,20,3380,,1,1,1.0,17.2,26.81,,0.0,23.83,24.0,,0.0,4.3,14.7,0.8,7.88,6.53,4.91
May,21,21,3381,,1,1,1.0,16.7,26.65,,0.0,14.48,24.0,,0.0,2.58,14.7,0.8,7.88,6.53,4.91
May,21,22,3382,,1,1,0.77,16.1,26.82,,0.0,0.0,24.0,,0.0,0.0,0.0,0.61,6.04,6.53,3.76
May,21,23,3383,,1,1,0.77,15.0,26.63,,0.0,0.0,24.0,,0.0,0.0,0.0,0.61,6.04,6.53,3.76
May,21,24,3384,,1,1,0.77,16.7,26.66,,0.0,0.0,24.0,,0.0,0.0,0.0,0.61,6.04,6.53,3.76
May,22,1,3385,,1,1,0.77,15.6,26.5,,0.0,0.0,24.0,,0.0,0.0,0.0,0.61,6.04,6.53,3.76
May,22,2,3386,,1,1,0.77,13.9,26.26,,0.0,0.0,23.84,,0.0,0.0,0.0,0.61,6.04,6.53,3.76
May,22,3,3387,,1,1,0.77,13.3,26.09,,0.0,0.0,23.71,,0.0,0.0,0.0,0.61,6.04,6.53,3.76
May,22,4,3388,,1,1,0.77,11.7,25.83,,0.0,0.0,23.49,,0.0,0.0,0.0,0.61,6.04,6.53,3.76
May,22,5,3389,,1,1,0.77,12.8,25.76,,0.0,0.0,23.47,,0.0,0.0,0.0,0.61,6.04,6.53,3.76
May,22,6,3390,,1,1,0.77,14.4,25.77,,0.0,0.0,23.52,,0.0,0.0,0.0,0.61,6.04,6.53,3.76
May,22,7,3391,,1,1,1.0,16.1,25.37,,43.8,0.0,23.28,,12.27,0.0,14.7,0.8,7.88,6.53,4.91
May,22,8,3392,,1,1,1.0,17.8,25.74,,18.61,0.0,23.69,,5.21,0.0,14.7,0.8,7.88,6.53,4.91
May,22,9,3393,,1,1,1.0,18.3,25.85,,8.99,0.0,23.85,,2.52,0.0,14.7,0.8,7.88,6.53,4.91
May,22,10,3394,,1,1,1.0,16.7,25.71,,14.51,0.0,23.76,,4.06,0.0,14.7,0.8,7.88,6.53,4.91
May,22,11,3395,,1,1,1.0,19.4,26.07,,0.0,12.63,24.0,,0.0,2.42,14.7,0.8,7.88,6.53,4.91
May,22,12,3396,,1,1,1.0,20.0,26.26,,0.0,28.33,24.0,,0.0,5.52,14.7,0.8,7.88,6.53,4.91
May,22,13,3397,,1,1,1.0,21.1,26.52,,0.0,47.68,24.0,,0.0,9.55,14.7,0.8,7.88,6.53,4.91
May,22,14,3398,,1,1,1.0,23.3,26.93,,0.0,75.89,24.0,,0.0,16.1,14.7,0.8,7.88,6.53,4.91
May,22,15,3399,,1,1,1.0,22.2,26.87,,0.0,66.51,24.0,,0.0,13.71,14.7,0.8,7.88,6.53,4.91
May,22,16,3400,,1,1,1.0,25.0,27.3,,0.0,94.23,24.0,,0.0,20.94,14.7,0.8,7.88,6.53,4.91
May,22,17,3401,,1,1,1.0,21.1,26.9,,0.0,58.36,24.0,,0.0,11.69,14.7,0.8,7.88,6.53,4.91
May,22,18,3402,,1,1,1.0,14.4,26.06,,5.52,0.0,23.91,,1.56,0.0,14.7,0.8,7.88,6.53,4.91
May,22,19,3403,,1,1,1.0,13.3,25.78,,19.23,0.0,23.68,,5.57,0.0,14.7,0.8,7.88,6.53,4.91
May,22,20,3404,,1,1,1.0,13.3,25.62,,25.75,0.0,23.57,,7.46,0.0,14.7,0.8,7.88,6.53,4.91
May,22,21,3405,,1,1,1.0,12.8,25.4,,35.94,0.0,23.41,,10.52,0.0,14.7,0.8,7.88,6.53,4.91
May,22,22,3406,,1,1,0.77,13.3,25.72,,0.0,0.0,23.68,,0.0,0.0,0.0,0.61,6.04,6.53,3.76
May,22,23,3407,,1,1,0.77,12.8,25.56,,0.0,0.0,23.55,,0.0,0.0,0.0,0.61,6.04,6.53,3.76
May,22,24,3408,,1,1,0.77,12.2,25.38,,0.0,0.0,23.41,,0.0,0.0,0.0,0.61,6.04,6.53,3.76
May,23,1,3409,,1,1,0.77,12.2,25.24,,0.0,0.0,23.31,,0.0,0.0,0.0,0.61,6.04,6.53,3.76
May,23,2,3410,,1,1,0.77,11.7,25.06,,0.0,0.0,23.17,,0.0,0.0,0.0,0.61,6.04,6.53,3.76
May,23,3,3411,,1,1,0.77,11.1,24.87,,0.0,0.0,23.01,,0.0,0.0,0.0,0.61,6.04,6.53,3.76
May,23,4,3412,,1,1,0.77,11.7,24.78,,0.0,0.0,22.95,,0.0,0.0,0.0,0.61,6.04,6.53,3.76
May,23,5,3413,,1,1,0.77,11.7,24.64,,0.0,0.0,22.85,,0.0,0.0,0.0,0.61,6.04,6.53,3.76
May,23,6,3414,,1,1,0.77,12.2,24.56,,0.0,0.0,22.8,,0.0,0.0,0.0,0.61,6.04,6.53,3.76
May,23,7,3415,,1,1,1.0,12.8,23.92,,99.46,0.0,22.28,,29.12,0.0,14.7,0.8,7.88,6.53,4.91
May,23,8,3416,,1,1,1.0,13.3,24.06,,93.4,0.0,22.46,,27.06,0.0,14.7,0.8,7.88,6.53,4.91
May,23,9,3417,,1,1,1.0,15.0,24.26,,79.22,0.0,22.69,,22.19,0.0,14.7,0.8,7.88,6.53,4.91
May,23,10,3418,,1,1,1.0,16.1,24.44,,65.44,0.0,22.92,,18.33,0.0,14.7,0.8,7.88,6.53,4.91
May,23,11,3419,,1,1,1.0,16.7,24.61,,53.34,0.0,23.12,,14.94,0.0,14.7,0.8,7.88,6.53,4.91
May,23,12,3420,,1,1,1.0,17.2,24.64,,49.35,0.0,23.19,,13.82,0.0,14.7,0.8,7.88,6.53,4.91
May,23,13,3421,,1,1,1.0,16.1,24.51,,54.76,0.0,23.1,,15.34,0.0,14.7,0.8,7.88,6.53,4.91
May,23,14,3422,,1,1,1.0,16.1,24.55,,50.51,0.0,23.17,,14.15,0.0,14.7,0.8,7.88,6.53,4.91
May,23,15,3423,,1,1,1.0,11.7,23.96,,81.62,0.0,22.61,,24.44,0.0,14.7,0.8,7.88,6.53,4.91
May,23,16,3424,,1,1,1.0,12.8,23.98,,79.62,0.0,22.67,,23.31,0.0,14.7,0.8,7.88,6.53,4.91
May,23,17,3425,,1,1,1.0,15.6,24.29,,60.37,0.0,23.0,,16.91,0.0,14.7,0.8,7.88,6.53,4.91
May,23,18,3426,,1,1,1.0,14.4,24.07,,71.68,0.0,22.82,,20.32,0.0,14.7,0.8,7.88,6.53,4.91
May,23,19,3427,,1,1,1.0,13.9,23.91,,73.93,0.0,22.69,,21.17,0.0,14.7,0.8,7.88,6.53,4.91
May,23,20,3428,,1,1,1.0,13.3,23.73,,72.13,0.0,22.54,,20.9,0.0,14.7,0.8,7.88,6.53,4.91
May,23,21,3429,,1,1,1.0,13.3,23.63,,70.37,0.0,22.47,,20.39,0.0,14.7,0.8,7.88,6.53,4.91
May,23,22,3430,,1,1,0.77,13.3,23.85,,0.0,0.0,22.66,,0.0,0.0,0.0,0.61,6.04,6.53,3.76
May,23,23,3431,,1,1,0.77,11.7,23.63,,0.0,0.0,22.46,,0.0,0.0,0.0,0.61,6.04,6.53,3.76
May,23,24,3432,,1,1,0.77,11.1,23.46,,0.0,0.0,22.31,,0.0,0.0,0.0,0.61,6.04,6.53,3.76
May,24,1,3433,,1,1,0.77,11.1,23.34,,0.0,0.0,22.21,,0.0,0.0,0.0,0.61,6.04,6.53,3.76
May,24,2,3434,,1,1,0.77,11.1,23.22,,0.0,0.0,22.11,,0.0,0.0,0.0,0.61,6.04,6.53,3.76
May,24,3,3435,,1,1,0.77,10.6,23.06,,0.29,0.0,22.0,,0.09,0.0,0.0,0.61,6.04,6.53,3.76
May,24,4,3436,,1,1,0.77,10.6,22.94,,1.53,0.0,22.0,,0.47,0.0,0.0,0.61,6.04,6.53,3.76
May,24,5,3437,,1,1,0.77,10.0,22.77,,3.2,0.0,22.0,,0.99,0.0,0.0,0.61,6.04,6.53,3.76
May,24,6,3438,,1,1,0.77,10.0,22.64,,4.16,0.0,22.0,,1.29,0.0,0.0,0.61,6.04,6.53,3.76
May,24,7,3439,,1,1,1.0,11.7,22.16,,62.26,0.0,22.0,,18.65,0.0,14.7,0.8,7.88,6.53,4.91
May,24,8,3440,,1,1,1.0,14.4,22.61,,48.94,0.0,22.0,,13.87,0.0,14.7,0.8,7.88,6.53,4.91
May,24,9,3441,,1,1,1.0,14.4,22.67,,45.47,0.0,22.0,,12.89,0.0,14.7,0.8,7.88,6.53,4.91
May,24,10,3442,,1,1,1.0,15.6,22.78,,43.14,0.0,22.07,,12.08,0.0,14.7,0.8,7.88,6.53,4.91
May,24,11,3443,,1,1,1.0,15.6,22.87,,42.08,0.0,22.17,,11.79,0.0,14.7,0.8,7.88,6.53,4.91
May,24,12,3444,,1,1,1.0,16.7,23.05,,41.05,0.0,22.37,,11.5,0.0,14.7,0.8,7.88,6.53,4.91
May,24,13,3445,,1,1,1.0,18.3,23.39,,40.05,0.0,22.73,,11.22,0.0,14.7,0.8,7.88,6.53,4.91
May,24,14,3446,,1,1,1.0,18.9,23.57,,39.07,0.0,22.92,,10.94,0.0,14.7,0.8,7.88,6.53,4.91
May,24,15,3447,,1,1,1.0,20.0,23.92,,38.12,0.0,23.29,,10.68,0.0,14.7,0.8,7.88,6.53,4.91
May,24,16,3448,,1,1,1.0,19.4,23.91,,37.19,0.0,23.3,,10.42,0.0,14.7,0.8,7.88,6.53,4.91
May,24,17,3449,,1,1,1.0,19.4,23.98,,36.28,0.0,23.38,,10.16,0.0,14.7,0.8,7.88,6.53,4.91
May,24,18,3450,,1,1,1.0,18.3,23.91,,35.4,0.0,23.33,,9.92,0.0,14.7,0.8,7.88,6.53,4.91
May,24,19,3451,,1,1,1.0,16.1,23.64,,34.53,0.0,23.07,,9.67,0.0,14.7,0.8,7.88,6.53,4.91
May,24,20,3452,,1,1,1.0,14.4,23.38,,33.69,0.0,22.82,,9.55,0.0,14.7,0.8,7.88,6.53,4.91
May,24,21,3453,,1,1,1.0,13.9,23.24,,32.87,0.0,22.7,,9.41,0.0,14.7,0.8,7.88,6.53,4.91
May,24,22,3454,,1,1,0.77,13.3,23.39,,0.0,0.0,22.83,,0.0,0.0,0.0,0.61,6.04,6.53,3.76
May,24,23,3455,,1,1,0.77,12.2,23.22,,0.0,0.0,22.67,,0.0,0.0,0.0,0.61,6.04,6.53,3.76
May,24,24,3456,,1,1,0.77,12.2,23.12,,0.0,0.0,22.58,,0.0,0.0,0.0,0.61,6.04,6.53,3.76
May,25,1,3457,,1,1,0.77,10.6,22.89,,0.0,0.0,22.37,,0.0,0.0,0.0,0.61,6.04,6.53,3.76
May,25,2,3458,,1,1,0.77,10.0,22.72,,0.0,0.0,22.2,,0.0,0.0,0.0,0.61,6.04,6.53,3.76
May,25,3,3459,,1,1,0.77,8.9,22.5,,0.07,0.0,22.0,,0.02,0.0,0.0,0.61,6.04,6.53,3.76
May,25,4,3460,,1,1,0.77,7.8,22.27,,2.84,0.0,22.0,,0.92,0.0,0.0,0.61,6.04,6.53,3.76
May,25,5,3461,,1,1,0.77,8.3,22.15,,3.84,0.0,22.0,,1.24,0.0,0.0,0.61,6.04,6.53,3.76
May,25,6,3462,,1,1,0.77,10.0,22.17,,2.99,0.0,22.0,,0.93,0.0,0.0,0.61,6.04,6.53,3.76
May,25,7,3463,,1,1,1.0,12.2,21.79,,42.16,0.0,22.0,,12.5,0.0,14.7,0.8,7.88,6.53,4.91
May,25,8,3464,,1,1,1.0,15.0,22.33,,17.44,0.0,22.05,,4.89,0.0,14.7,0.8,7.88,6.53,4.91
May,25,9,3465,,1,1,1.0,17.8,22.78,,17.01,0.0,22.5,,4.76,0.0,14.7,0.8,7.88,6.53,4.91
May,25,10,3466,,1,1,1.0,20.6,23.28,,16.6,0.0,23.01,,4.19,0.0,14.7,0.8,7.88,6.53,4.91
May,25,11,3467,,1,1,1.0,22.2,23.68,,16.19,0.0,23.41,,4.09,0.0,14.7,0.8,7.88,6.53,4.91
May,25,12,3468,,1,1,1.0,23.3,24.03,,13.83,0.0,23.77,,3.49,0.0,14.7,0.8,7.88,6.53,4.91
May,25,13,3469,,1,1,1.0,24.4,24.41,,0.0,11.49,24.0,,0.0,2.51,14.7,0.8,7.88,6.53,4.91
May,25,14,3470,,1,1,1.0,24.4,24.66,,0.0,28.85,24.0,,0.0,6.31,14.7,0.8,7.88,6.53,4.91
May,25,15,3471,,1,1,1.0,23.9,24.82,,0.0,37.88,24.0,,0.0,8.17,14.7,0.8,7.88,6.53,4.91
May,25,16,3472,,1,1,1.0,25.0,25.15,,0.0,58.9,24.0,,0.0,13.09,14.7,0.8,7.88,6.53,4.91
May,25,17,3473,,1,1,1.0,25.0,25.34,,0.0,66.5,24.0,,0.0,14.78,14.7,0.8,7.88,6.53,4.91
May,25,18,3474,,1,1,1.0,23.9,25.37,,0.0,62.2,24.0,,0.0,13.41,14.7,0.8,7.88,6.53,4.91
May,25,19,3475,,1,1,1.0,21.7,25.2,,0.0,43.66,24.0,,0.0,8.88,14.7,0.8,7.88,6.53,4.91
May,25,20,3476,,1,1,1.0,18.3,24.82,,0.0,12.13,24.0,,0.0,2.25,14.7,0.8,7.88,6.53,4.91
May,25,21,3477,,1,1,1.0,16.1,24.53,,7.97,0.0,23.87,,2.23,0.0,14.7,0.8,7.88,6.53,4.91
May,25,22,3478,,1,1,0.77,15.6,24.65,,0.0,0.0,23.98,,0.0,0.0,0.0,0.61,6.04,6.53,3.76
May,25,23,3479,,1,1,0.77,14.4,24.5,,0.0,0.0,23.83,,0.0,0.0,0.0,0.61,6.04,6.53,3.76
May,25,24,3480,,1,1,0.77,13.9,24.37,,0.0,0.0,23.72,,0.0,0.0,0.0,0.61,6.04,6.53,3.76
May,26,1,3481,,1,1,0.77,11.7,24.1,,0.0,0.0,23.47,,0.0,0.0,0.0,0.61,6.04,6.53,3.76
May,26,2,3482,,1,1,0.77,11.7,23.98,,0.0,0.0,23.36,,0.0,0.0,0.0,0.61,6.04,6.53,3.76
May,26,3,3483,,1,1,0.77,10.6,23.77,,0.0,0.0,23.16,,0.0,0.0,0.0,0.61,6.04,6.53,3.76
May,26,4,3484,,1,1,0.77,10.0,23.58,,0.0,0.0,22.98,,0.0,0.0,0.0,0.61,6.04,6.53,3.76
May,26,5,3485,,1,1,0.77,10.0,23.44,,0.0,0.0,22.85,,0.0,0.0,0.0,0.61,6.04,6.53,3.76
May,26,6,3486,,1,1,0.77,12.2,23.51,,0.0,0.0,22.93,,0.0,0.0,0.0,0.61,6.04,6.53,3.76
May,26,7,3487,,1,1,1.0,15.0,23.26,,32.8,0.0,22.71,,9.19,0.0,14.7,0.8,7.88,6.53,4.91
May,26,8,3488,,1,1,1.0,18.3,23.84,,32.0,0.0,23.31,,8.96,0.0,14.7,0.8,7.88,6.53,4.91
May,26,9,3489,,1,1,1.0,21.1,24.3,,12.8,0.0,23.79,,3.23,0.0,14.7,0.8,7.88,6.53,4.91
May,26,10,3490,,1,1,1.0,23.9,24.86,,0.0,25.98,24.0,,0.0,5.6,14.7,0.8,7.88,6.53,4.91
May,26,11,3491,,1,1,1.0,23.3,25.0,,0.0,34.84,24.0,,0.0,7.39,14.7,0.8,7.88,6.53,4.91
May,26,12,3492,,1,1,1.0,23.3,25.17,,0.0,44.39,24.0,,0.0,9.42,14.7,0.8,7.88,6.53,4.91
May,26,13,3493,,1,1,1.0,20.0,24.97,,0.0,25.88,24.0,,0.0,5.04,14.7,0.8,7.88,6.53,4.91
May,26,14,3494,,1,1,1.0,22.2,25.39,,0.0,54.25,24.0,,0.0,11.18,14.7,0.8,7.88,6.53,4.91
May,26,15,3495,,1,1,1.0,21.7,25.47,,0.0,55.63,24.0,,0.0,11.32,14.7,0.8,7.88,6.53,4.91
May,26,16,3496,,1,1,1.0,23.3,25.8,,0.0,75.21,24.0,,0.0,15.95,14.7,0.8,7.88,6.53,4.91
May,26,17,3497,,1,1,1.0,22.2,25.78,,0.0,66.73,24.0,,0.0,13.75,14.7,0.8,7.88,6.53,4.91
May,26,18,3498,,1,1,1.0,19.4,25.51,,0.0,40.87,24.0,,0.0,7.83,14.7,0.8,7.88,6.53,4.91
May,26,19,3499,,1,1,1.0,18.3,25.38,,0.0,28.22,24.0,,0.0,5.24,14.7,0.8,7.88,6.53,4.91
May,26,20,3500,,1,1,1.0,16.1,25.06,,0.0,3.83,24.0,,0.0,0.67,14.7,0.8,7.88,6.53,4.91
May,26,21,3501,,1,1,1.0,15.0,24.85,,8.61,0.0,23.86,,2.41,0.0,14.7,0.8,7.88,6.53,4.91
May,26,22,3502,,1,1,0.77,13.9,24.97,,0.0,0.0,23.95,,0.0,0.0,0.0,0.61,6.04,6.53,3.76
May,26,23,3503,,1,1,0.77,11.7,24.69,,0.0,0.0,23.69,,0.0,0.0,0.0,0.61,6.04,6.53,3.76
May,26,24,3504,,1,1,0.77,11.7,24.55,,0.0,0.0,23.57,,0.0,0.0,0.0,0.61,6.04,6.53,3.76
May,27,1,3505,,1,1,0.77,11.7,24.42,,0.0,0.0,23.46,,0.0,0.0,0.0,0.61,6.04,6.53,3.76
May,27,2,3506,,1,1,0.77,12.8,24.38,,0.0,0.0,23.44,,0.0,0.0,0.0,0.61,6.04,6.53,3.76
May,27,3,3507,,1,1,0.77,11.7,24.18,,0.0,0.0,23.26,,0.0,0.0,0.0,0.61,6.04,6.53,3.76
May,27,4,3508,,1,1,0.77,11.7,24.06,,0.0,0.0,23.15,,0.0,0.0,0.0,0.61,6.04,6.53,3.76
May,27,5,3509,,1,1,0.77,12.2,23.98,,0.0,0.0,23.09,,0.0,0.0,0.0,0.61,6.04,6.53,3.76
May,27,6,3510,,1,1,0.77,12.2,23.87,,0.0,0.0,23.0,,0.0,0.0,0.0,0.61,6.04,6.53,3.76
May,27,7,3511,,1,1,1.0,12.8,23.32,,49.46,0.0,22.5,,14.48,0.0,14.7,0.8,7.88,6.53,4.91
May,27,8,3512,,1,1,1.0,14.4,23.66,,48.25,0.0,22.87,,13.68,0.0,14.7,0.8,7.88,6.53,4.91
May,27,9,3513,,1,1,1.0,14.4,23.62,,47.07,0.0,22.84,,13.34,0.0,14.7,0.8,7.88,6.53,4.91
May,27,10,3514,,1,1,1.0,16.7,23.96,,45.92,0.0,23.2,,12.86,0.0,14.7,0.8,7.88,6.53,4.91
May,27,11,3515,,1,1,1.0,17.8,24.13,,36.87,0.0,23.39,,10.33,0.0,14.7,0.8,7.88,6.53,4.91
May,27,12,3516,,1,1,1.0,20.0,24.54,,10.87,0.0,23.82,,3.04,0.0,14.7,0.8,7.88,6.53,4.91
May,27,13,3517,,1,1,1.0,22.2,24.95,,0.0,18.29,24.0,,0.0,3.77,14.7,0.8,7.88,6.53,4.91
May,27,14,3518,,1,1,1.0,23.3,25.31,,0.0,43.69,24.0,,0.0,9.27,14.7,0.8,7.88,6.53,4.91
May,27,15,3519,,1,1,1.0,23.3,25.46,,0.0,51.09,24.0,,0.0,10.84,14.7,0.8,7.88,6.53,4.91
May,27,16,3520,,1,1,1.0,25.6,25.9,,0.0,79.07,24.0,,0.0,17.82,14.7,0.8,7.88,6.53,4.91
May,27,17,3521,,1,1,1.0,25.6,26.08,,0.0,85.26,24.0,,0.0,19.22,14.7,0.8,7.88,6.53,4.91
May,27,18,3522,,1,1,1.0,22.2,25.82,,0.0,58.09,24.0,,0.0,11.97,14.7,0.8,7.88,6.53,4.91
May,27,19,3523,,1,1,1.0,18.9,25.46,,0.0,27.24,24.0,,0.0,5.15,14.7,0.8,7.88,6.53,4.91
May,27,20,3524,,1,1,1.0,16.7,25.16,,0.0,4.05,24.0,,0.0,0.72,14.7,0.8,7.88,6.53,4.91
May,27,21,3525,,1,1,1.0,15.0,24.88,,12.21,0.0,23.8,,3.42,0.0,14.7,0.8,7.88,6.53,4.91
May,27,22,3526,,1,1,0.77,13.9,25.0,,0.0,0.0,23.89,,0.0,0.0,0.0,0.61,6.04,6.53,3.76
May,27,23,3527,,1,1,0.77,14.4,24.94,,0.0,0.0,23.85,,0.0,0.0,0.0,0.61,6.04,6.53,3.76
May,27,24,3528,,1,1,0.77,13.3,24.76,,0.0,0.0,23.69,,0.0,0.0,0.0,0.61,6.04,6.53,3.76
May,28,1,3529,,1,1,0.77,12.2,24.57,,0.0,0.0,23.52,,0.0,0.0,0.0,0.61,6.04,6.53,3.76
May,28,2,3530,,1,1,0.77,14.4,24.63,,0.0,0.0,23.59,,0.0,0.0,0.0,0.61,6.04,6.53,3.76
May,28,3,3531,,1,1,0.77,14.4,24.54,,0.0,0.0,23.53,,0.0,0.0,0.0,0.61,6.04,6.53,3.76
May,28,4,3532,,1,1,0.77,14.4,24.46,,0.0,0.0,23.47,,0.0,0.0,0.0,0.61,6.04,6.53,3.76
May,28,5,3533,,1,1,0.77,13.3,24.29,,0.0,0.0,23.32,,0.0,0.0,0.0,0.61,6.04,6.53,3.76
May,28,6,3534,,1,1,0.77,13.3,24.2,,0.0,0.0,23.24,,0.0,0.0,0.0,0.61,6.04,6.53,3.76
May,28,7,3535,,1,1,1.0,13.9,23.66,,54.06,0.0,22.76,,15.48,0.0,14.7,0.8,7.88,6.53,4.91
May,28,8,3536,,1,1,1.0,16.1,24.08,,47.75,0.0,23.21,,13.38,0.0,14.7,0.8,7.88,6.53,4.91
May,28,9,3537,,1,1,1.0,17.8,24.38,,28.46,0.0,23.53,,7.97,0.0,14.7,0.8,7.88,6.53,4.91
May,28,10,3538,,1,1,1.0,19.4,24.69,,8.43,0.0,23.86,,2.36,0.0,14.7,0.8,7.88,6.53,4.91
May,28,11,3539,,1,1,1.0,21.1,25.02,,0.0,15.84,24.0,,0.0,3.17,14.7,0.8,7.88,6.53,4.91
May,28,12,3540,,1,1,1.0,22.8,25.39,,0.0,42.19,24.0,,0.0,8.83,14.7,0.8,7.88,6.53,4.91
May,28,13,3541,,1,1,1.0,23.9,25.71,,0.0,62.59,24.0,,0.0,13.49,14.7,0.8,7.88,6.53,4.91
May,28,14,3542,,1,1,1.0,25.6,26.12,,0.0,87.33,24.0,,0.0,19.68,14.7,0.8,7.88,6.53,4.91
May,28,15,3543,,1,1,1.0,25.0,26.27,,0.0,90.07,24.0,,0.0,20.02,14.7,0.8,7.88,6.53,4.91
May,28,16,3544,,1,1,1.0,21.7,26.01,,0.0,63.07,24.0,,0.0,12.83,14.7,0.8,7.88,6.53,4.91
May,28,17,3545,,1,1,1.0,20.6,25.95,,0.0,53.76,24.0,,0.0,10.64,14.7,0.8,7.88,6.53,4.91
May,28,18,3546,,1,1,1.0,20.0,25.92,,0.0,47.85,24.0,,0.0,9.33,14.7,0.8,7.88,6.53,4.91
May,28,19,3547,,1,1,1.0,19.4,25.86,,0.0,40.55,24.0,,0.0,7.77,14.7,0.8,7.88,6.53,4.91
May,28,20,3548,,1,1,1.0,17.8,25.64,,0.0,21.94,24.0,,0.0,4.02,14.7,0.8,7.88,6.53,4.91
May,28,21,3549,,1,1,1.0,15.0,25.23,,6.37,0.0,23.89,,1.78,0.0,14.7,0.8,7.88,6.53,4.91
May,28,22,3550,,1,1,0.77,11.7,25.18,,0.0,0.0,23.8,,0.0,0.0,0.0,0.61,6.04,6.53,3.76
May,28,23,3551,,1,1,0.77,11.7,25.04,,0.0,0.0,23.69,,0.0,0.0,0.0,0.61,6.04,6.53,3.76
May,28,24,3552,,1,1,0.77,12.2,24.94,,0.0,0.0,23.61,,0.0,0.0,0.0,0.61,6.04,6.53,3.76
May,29,1,3553,,1,1,0.77,11.1,24.72,,0.0,0.0,23.42,,0.0,0.0,0.0,0.61,6.04,6.53,3.76
May,29,2,3554,,1,1,0.77,10.6,24.53,,0.0,0.0,23.26,,0.0,0.0,0.0,0.61,6.04,6.53,3.76
May,29,3,3555,,1,1,0.77,10.0,24.33,,0.0,0.0,23.08,,0.0,0.0,0.0,0.61,6.04,6.53,3.76
May,29,4,3556,,1,1,0.77,9.4,24.12,,0.0,0.0,22.89,,0.0,0.0,0.0,0.61,6.04,6.53,3.76
May,29,5,3557,,1,1,0.77,8.9,23.91,,0.0,0.0,22.71,,0.0,0.0,0.0,0.61,6.04,6.53,3.76
May,29,6,3558,,1,1,0.77,10.6,23.91,,0.0,0.0,22.73,,0.0,0.0,0.0,0.61,6.04,6.53,3.76
May,29,7,3559,,1,1,1.0,13.3,23.51,,66.84,0.0,22.41,,19.37,0.0,14.7,0.8,7.88,6.53,4.91
May,29,8,3560,,1,1,1.0,15.6,23.92,,65.21,0.0,22.85,,18.27,0.0,14.7,0.8,7.88,6.53,4.91
May,29,9,3561,,1,1,1.0,18.9,24.4,,39.1,0.0,23.35,,10.95,0.0,14.7,0.8,7.88,6.53,4.91
May,29,10,3562,,1,1,1.0,20.6,24.74,,16.98,0.0,23.72,,4.29,0.0,14.7,0.8,7.88,6.53,4.91
May,29,11,3563,,1,1,1.0,22.2,25.12,,0.0,8.89,24.0,,0.0,1.83,14.7,0.8,7.88,6.53,4.91
May,29,12,3564,,1,1,1.0,22.8,25.37,,0.0,28.08,24.0,,0.0,5.88,14.7,0.8,7.88,6.53,4.91
May,29,13,3565,,1,1,1.0,23.9,25.73,,0.0,53.07,24.0,,0.0,11.44,14.7,0.8,7.88,6.53,4.91
May,29,14,3566,,1,1,1.0,24.4,26.01,,0.0,69.32,24.0,,0.0,15.15,14.7,0.8,7.88,6.53,4.91
May,29,15,3567,,1,1,1.0,24.4,26.19,,0.0,76.77,24.0,,0.0,16.78,14.7,0.8,7.88,6.53,4.91
May,29,16,3568,,1,1,1.0,24.4,26.37,,0.0,84.05,24.0,,0.0,18.37,14.7,0.8,7.88,6.53,4.91
May,29,17,3569,,1,1,1.0,24.4,26.52,,0.0,87.76,24.0,,0.0,19.18,14.7,0.8,7.88,6.53,4.91
May,29,18,3570,,1,1,1.0,22.2,26.35,,0.0,68.18,24.0,,0.0,14.05,14.7,0.8,7.88,6.53,4.91
May,29,19,3571,,1,1,1.0,16.7,25.7,,0.0,15.39,24.0,,0.0,2.74,14.7,0.8,7.88,6.53,4.91
May,29,20,3572,,1,1,1.0,13.9,25.27,,12.99,0.0,23.79,,3.72,0.0,14.7,0.8,7.88,6.53,4.91
May,29,21,3573,,1,1,1.0,13.9,25.14,,18.73,0.0,23.69,,5.36,0.0,14.7,0.8,7.88,6.53,4.91
May,29,22,3574,,1,1,0.77,13.3,25.33,,0.0,0.0,23.85,,0.0,0.0,0.0,0.61,6.04,6.53,3.76
May,29,23,3575,,1,1,0.77,12.2,25.12,,0.0,0.0,23.67,,0.0,0.0,0.0,0.61,6.04,6.53,3.76
May,29,24,3576,,1,1,0.77,12.2,24.99,,0.0,0.0,23.56,,0.0,0.0,0.0,0.61,6.04,6.53,3.76
May,30,1,3577,,1,1,0.77,10.6,24.73,,0.0,0.0,23.33,,0.0,0.0,0.0,0.61,6.04,6.53,3.76
May,30,2,3578,,1,1,0.77,10.0,24.52,,0.0,0.0,23.15,,0.0,0.0,0.0,0.61,6.04,6.53,3.76
May,30,3,3579,,1,1,0.77,9.4,24.31,,0.0,0.0,22.96,,0.0,0.0,0.0,0.61,6.04,6.53,3.76
May,30,4,3580,,1,1,0.77,8.9,24.1,,0.0,0.0,22.78,,0.0,0.0,0.0,0.61,6.04,6.53,3.76
May,30,5,3581,,1,1,0.77,8.9,23.93,,0.0,0.0,22.63,,0.0,0.0,0.0,0.61,6.04,6.53,3.76
May,30,6,3582,,1,1,0.77,11.1,23.96,,0.0,0.0,22.68,,0.0,0.0,0.0,0.61,6.04,6.53,3.76
May,30,7,3583,,1,1,1.0,14.4,23.67,,72.1,0.0,22.48,,20.44,0.0,14.7,0.8,7.88,6.53,4.91
May,30,8,3584,,1,1,1.0,17.2,24.18,,59.39,0.0,23.02,,16.64,0.0,14.7,0.8,7.88,6.53,4.91
May,30,9,3585,,1,1,1.0,20.0,24.61,,31.69,0.0,23.48,,8.88,0.0,14.7,0.8,7.88,6.53,4.91
May,30,10,3586,,1,1,1.0,21.7,24.97,,8.08,0.0,23.87,,2.04,0.0,14.7,0.8,7.88,6.53,4.91
May,30,11,3587,,1,1,1.0,22.8,25.28,,0.0,14.85,24.0,,0.0,3.11,14.7,0.8,7.88,6.53,4.91
May,30,12,3588,,1,1,1.0,25.0,25.75,,0.0,49.52,24.0,,0.0,11.0,14.7,0.8,7.88,6.53,4.91
May,30,13,3589,,1,1,1.0,26.1,26.16,,0.0,76.27,24.0,,0.0,17.4,14.7,0.8,7.88,6.53,4.91
May,30,14,3590,,1,1,1.0,27.8,26.62,,0.0,103.37,24.0,,0.0,24.59,14.7,0.8,7.88,6.53,4.91
May,30,15,3591,,1,1,1.0,27.8,26.88,,0.0,113.61,24.0,,0.0,27.03,14.7,0.8,7.88,6.53,4.91
May,30,16,3592,,1,1,1.0,23.3,26.54,,0.0,78.26,24.0,,0.0,16.6,14.7,0.8,7.88,6.53,4.91
May,30,17,3593,,1,1,1.0,22.8,26.58,,0.0,74.81,24.0,,0.0,15.66,14.7,0.8,7.88,6.53,4.91
May,30,18,3594,,1,1,1.0,22.2,26.59,,0.0,70.47,24.0,,0.0,14.52,14.7,0.8,7.88,6.53,4.91
May,30,19,3595,,1,1,1.0,19.4,26.28,,0.0,42.44,24.0,,0.0,8.13,14.7,0.8,7.88,6.53,4.91
May,30,20,3596,,1,1,1.0,18.3,26.11,,0.0,28.5,24.0,,0.0,5.3,14.7,0.8,7.88,6.53,4.91
May,30,21,3597,,1,1,1.0,17.2,25.93,,0.0,14.84,24.0,,0.0,2.68,14.7,0.8,7.88,6.53,4.91
May,30,22,3598,,1,1,0.77,15.0,25.92,,0.0,0.0,24.0,,0.0,0.0,0.0,0.61,6.04,6.53,3.76
May,30,23,3599,,1,1,0.77,16.1,25.92,,0.0,0.0,24.0,,0.0,0.0,0.0,0.61,6.04,6.53,3.76
May,30,24,3600,,1,1,0.77,15.0,25.75,,0.0,0.0,23.99,,0.0,0.0,0.0,0.61,6.04,6.53,3.76
May,31,1,3601,,1,1,0.77,15.6,25.71,,0.0,0.0,23.98,,0.0,0.0,0.0,0.61,6.04,6.53,3.76
May,31,2,3602,,1,1,0.77,13.9,25.49,,0.0,0.0,23.8,,0.0,0.0,0.0,0.61,6.04,6.53,3.76
May,31,3,3603,,1,1,0.77,14.4,25.42,,0.0,0.0,23.76,,0.0,0.0,0.0,0.61,6.04,6.53,3.76
May,31,4,3604,,1,1,0.77,13.9,25.28,,0.0,0.0,23.65,,0.0,0.0,0.0,0.61,6.04,6.53,3.76
May,31,5,3605,,1,1,0.77,13.3,25.13,,0.0,0.0,23.53,,0.0,0.0,0.0,0.61,6.04,6.53,3.76
May,31,6,3606,,1,1,0.77,14.4,25.13,,0.0,0.0,23.56,,0.0,0.0,0.0,0.61,6.04,6.53,3.76
May,31,7,3607,,1,1,1.0,15.6,24.71,,45.92,0.0,23.24,,12.86,0.0,14.7,0.8,7.88,6.53,4.91
May,31,8,3608,,1,1,1.0,16.1,24.9,,31.88,0.0,23.47,,8.93,0.0,14.7,0.8,7.88,6.53,4.91
May,31,9,3609,,1,1,1.0,18.9,25.29,,6.42,0.0,23.89,,1.8,0.0,14.7,0.8,7.88,6.53,4.91
May,31,10,3610,,1,1,1.0,18.9,25.37,,0.0,0.59,24.0,,0.0,0.11,14.7,0.8,7.88,6.53,4.91
May,31,11,3611,,1,1,1.0,19.4,25.54,,0.0,15.75,24.0,,0.0,3.02,14.7,0.8,7.88,6.53,4.91
May,31,12,3612,,1,1,1.0,20.6,25.8,,0.0,35.61,24.0,,0.0,7.05,14.7,0.8,7.88,6.53,4.91
May,31,13,3613,,1,1,1.0,21.7,26.11,,0.0,56.33,24.0,,0.0,11.46,14.7,0.8,7.88,6.53,4.91
May,31,14,3614,,1,1,1.0,20.0,26.02,,0.0,45.74,24.0,,0.0,8.92,14.7,0.8,7.88,6.53,4.91
May,31,15,3615,,1,1,1.0,18.9,25.95,,0.0,38.46,24.0,,0.0,7.27,14.7,0.8,7.88,6.53,4.91
May,31,16,3616,,1,1,1.0,19.4,26.06,,0.0,44.55,24.0,,0.0,8.54,14.7,0.8,7.88,6.53,4.91
May,31,17,3617,,1,1,1.0,16.1,25.66,,0.0,12.63,24.0,,0.0,2.21,14.7,0.8,7.88,6.53,4.91
May,31,18,3618,,1,1,1.0,15.6,25.51,,0.0,2.99,24.0,,0.0,0.52,14.7,0.8,7.88,6.53,4.91
May,31,19,3619,,1,1,1.0,15.6,25.41,,1.53,0.0,23.97,,0.43,0.0,14.7,0.8,7.88,6.53,4.91
May,31,20,3620,,1,1,1.0,13.9,25.1,,18.27,0.0,23.7,,5.23,0.0,14.7,0.8,7.88,6.53,4.91
May,31,21,3621,,1,1,1.0,14.4,25.04,,19.99,0.0,23.67,,5.67,0.0,14.7,0.8,7.88,6.53,4.91
May,31,22,3622,,1,1,0.77,14.3,25.26,,0.0,0.0,23.85,,0.0,0.0,0.0,0.61,6.04,6.53,3.76
May,31,23,3623,,1,1,0.77,14.3,25.16,,0.0,0.0,23.78,,0.0,0.0,0.0,0.61,6.04,6.53,3.76
May,31,24,3624,,1,1,0.77,14.2,25.06,,0.0,0.0,23.71,,0.0,0.0,0.0,0.61,6.04,6.53,3.76
Jun,1,1,3625,,1,1,0.77,14.1,24.96,,0.0,0.0,23.63,,0.0,0.0,0.0,0.61,6.04,6.53,3.88
Jun,1,2,3626,,1,1,0.77,14.0,24.85,,0.0,0.0,23.55,,0.0,0.0,0.0,0.61,6.04,6.53,3.88
Jun,1,3,3627,,1,1,0.77,14.0,24.76,,0.0,0.0,23.48,,0.0,0.0,0.0,0.61,6.04,6.53,3.88
Jun,1,4,3628,,1,1,0.77,13.9,24.66,,0.0,0.0,23.41,,0.0,0.0,0.0,0.61,6.04,6.53,3.88
Jun,1,5,3629,,1,1,0.77,12.8,24.47,,0.0,0.0,23.25,,0.0,0.0,0.0,0.61,6.04,6.53,3.88
Jun,1,6,3630,,1,1,0.77,15.0,24.58,,0.0,0.0,23.37,,0.0,0.0,0.0,0.61,6.04,6.53,3.88
Jun,1,7,3631,,1,1,1.0,17.2,24.37,,45.75,0.0,23.24,,12.82,0.0,14.7,0.8,7.88,6.53,5.07
Jun,1,8,3632,,1,1,1.0,18.3,24.7,,24.29,0.0,23.6,,6.8,0.0,14.7,0.8,7.88,6.53,5.07
Jun,1,9,3633,,1,1,1.0,21.1,25.17,,0.0,7.64,24.0,,0.0,1.53,14.7,0.8,7.88,6.53,5.07
Jun,1,10,3634,,1,1,1.0,23.3,25.62,,0.0,41.26,24.0,,0.0,8.75,14.7,0.8,7.88,6.53,5.07
Jun,1,11,3635,,1,1,1.0,24.4,25.95,,0.0,63.15,24.0,,0.0,13.8,14.7,0.8,7.88,6.53,5.07
Jun,1,12,3636,,1,1,1.0,26.7,26.45,,0.0,94.75,24.0,,0.0,21.93,14.7,0.8,7.88,6.53,5.07
Jun,1,13,3637,,1,1,1.0,27.2,26.78,,0.0,110.53,24.0,,0.0,25.9,14.7,0.8,7.88,6.53,5.07
Jun,1,14,3638,,1,1,1.0,28.9,27.25,,0.0,135.08,24.0,,0.0,33.05,14.7,0.8,7.88,6.53,5.07
Jun,1,15,3639,,1,1,1.0,28.9,27.53,,0.0,143.25,24.0,,0.0,35.05,14.7,0.8,7.88,6.53,5.07
Jun,1,16,3640,,1,1,1.0,29.4,27.82,,0.0,151.51,24.0,,0.0,37.56,14.7,0.8,7.88,6.53,5.07
Jun,1,17,3641,,1,1,1.0,28.3,27.93,,0.0,145.69,24.0,,0.0,35.1,14.7,0.8,7.88,6.53,5.07
Jun,1,18,3642,,1,1,1.0,27.2,27.98,,0.0,136.47,24.0,,0.0,31.98,14.7,0.8,7.88,6.53,5.07
Jun,1,19,3643,,1,1,1.0,25.0,27.82,,0.0,113.5,24.0,,0.0,25.22,14.7,0.8,7.88,6.53,5.07
Jun,1,20,3644,,1,1,1.0,21.1,27.39,,0.0,73.79,24.0,,0.0,14.78,14.7,0.8,7.88,6.53,5.07
Jun,1,21,3645,,1,1,1.0,18.9,27.1,,0.0,48.68,24.0,,0.0,9.2,14.7,0.8,7.88,6.53,5.07
Jun,1,22,3646,,1,1,0.77,18.9,27.27,,0.0,0.0,24.0,,0.0,0.0,0.0,0.61,6.04,6.53,3.88
Jun,1,23,3647,,1,1,0.77,16.1,26.99,,0.0,0.0,24.0,,0.0,0.0,0.0,0.61,6.04,6.53,3.88
Jun,1,24,3648,,1,1,0.77,16.7,26.94,,0.0,0.0,24.0,,0.0,0.0,0.0,0.61,6.04,6.53,3.88
Jun,2,1,3649,,1,1,0.77,16.1,26.81,,0.0,0.0,24.0,,0.0,0.0,0.0,0.61,6.04,6.53,3.88
Jun,2,2,3650,,1,1,0.77,16.1,26.72,,0.0,0.0,24.0,,0.0,0.0,0.0,0.61,6.04,6.53,3.88
Jun,2,3,3651,,1,1,0.77,16.1,26.63,,0.0,0.0,24.0,,0.0,0.0,0.0,0.61,6.04,6.53,3.88
Jun,2,4,3652,,1,1,0.77,15.6,26.5,,0.0,0.0,23.99,,0.0,0.0,0.0,0.61,6.04,6.53,3.88
Jun,2,5,3653,,1,1,0.77,14.4,26.31,,0.0,0.0,23.85,,0.0,0.0,0.0,0.61,6.04,6.53,3.88
Jun,2,6,3654,,1,1,0.77,15.0,26.25,,0.0,0.0,23.84,,0.0,0.0,0.0,0.61,6.04,6.53,3.88
Jun,2,7,3655,,1,1,1.0,17.8,26.0,,15.04,0.0,23.75,,4.21,0.0,14.7,0.8,7.88,6.53,5.07
Jun,2,8,3656,,1,1,1.0,20.0,26.45,,0.0,18.36,24.0,,0.0,3.58,14.7,0.8,7.88,6.53,5.07
Jun,2,9,3657,,1,1,1.0,22.2,26.81,,0.0,46.99,24.0,,0.0,9.68,14.7,0.8,7.88,6.53,5.07
Jun,2,10,3658,,1,1,1.0,22.8,27.02,,0.0,61.36,24.0,,0.0,12.84,14.7,0.8,7.88,6.53,5.07
Jun,2,11,3659,,1,1,1.0,22.2,27.09,,0.0,63.08,24.0,,0.0,13.0,14.7,0.8,7.88,6.53,5.07
Jun,2,12,3660,,1,1,1.0,23.9,27.46,,0.0,87.32,24.0,,0.0,18.82,14.7,0.8,7.88,6.53,5.07
Jun,2,13,3661,,1,1,1.0,25.6,27.87,,0.0,111.83,24.0,,0.0,25.21,14.7,0.8,7.88,6.53,5.07
Jun,2,14,3662,,1,1,1.0,23.9,27.8,,0.0,98.32,24.0,,0.0,21.2,14.7,0.8,7.88,6.53,5.07
Jun,2,15,3663,,1,1,1.0,16.1,26.88,,0.0,24.65,24.0,,0.0,4.32,14.7,0.8,7.88,6.53,5.07
Jun,2,16,3664,,1,1,1.0,18.3,27.12,,0.0,44.13,24.0,,0.0,8.2,14.7,0.8,7.88,6.53,5.07
Jun,2,17,3665,,1,1,1.0,19.4,27.21,,0.0,50.36,24.0,,0.0,9.65,14.7,0.8,7.88,6.53,5.07
Jun,2,18,3666,,1,1,1.0,20.6,27.36,,0.0,60.22,24.0,,0.0,11.91,14.7,0.8,7.88,6.53,5.07
Jun,2,19,3667,,1,1,1.0,18.9,27.13,,0.0,41.16,24.0,,0.0,7.78,14.7,0.8,7.88,6.53,5.07
Jun,2,20,3668,,1,1,1.0,17.8,26.93,,0.0,26.49,24.0,,0.0,4.86,14.7,0.8,7.88,6.53,5.07
Jun,2,21,3669,,1,1,1.0,17.8,26.85,,0.0,22.56,24.0,,0.0,4.14,14.7,0.8,7.88,6.53,5.07
Jun,2,22,3670,,1,1,0.77,16.7,26.95,,0.0,0.0,24.0,,0.0,0.0,0.0,0.61,6.04,6.53,3.88
Jun,2,23,3671,,1,1,0.77,16.1,26.82,,0.0,0.0,24.0,,0.0,0.0,0.0,0.61,6.04,6.53,3.88
Jun,2,24,3672,,1,1,0.77,16.7,26.78,,0.0,0.0,24.0,,0.0,0.0,0.0,0.61,6.04,6.53,3.88
Jun,3,1,3673,,1,1,0.77,15.6,26.6,,0.0,0.0,24.0,,0.0,0.0,0.0,0.61,6.04,6.53,3.88
Jun,3,2,3674,,1,1,0.77,14.4,26.41,,0.0,0.0,23.88,,0.0,0.0,0.0,0.61,6.04,6.53,3.88
Jun,3,3,3675,,1,1,0.77,14.4,26.29,,0.0,0.0,23.81,,0.0,0.0,0.0,0.61,6.04,6.53,3.88
Jun,3,4,3676,,1,1,0.77,13.3,26.09,,0.0,0.0,23.65,,0.0,0.0,0.0,0.61,6.04,6.53,3.88
Jun,3,5,3677,,1,1,0.77,13.3,25.96,,0.0,0.0,23.56,,0.0,0.0,0.0,0.61,6.04,6.53,3.88
Jun,3,6,3678,,1,1,0.77,15.6,26.05,,0.0,0.0,23.7,,0.0,0.0,0.0,0.61,6.04,6.53,3.88
Jun,3,7,3679,,1,1,1.0,14.4,25.3,,54.14,0.0,23.11,,15.35,0.0,14.7,0.8,7.88,6.53,5.07
Jun,3,8,3680,,1,1,1.0,17.2,25.78,,21.95,0.0,23.64,,6.15,0.0,14.7,0.8,7.88,6.53,5.07
Jun,3,9,3681,,1,1,1.0,18.9,26.03,,3.12,0.0,23.95,,0.87,0.0,14.7,0.8,7.88,6.53,5.07
Jun,3,10,3682,,1,1,1.0,21.7,26.48,,0.0,33.03,24.0,,0.0,6.72,14.7,0.8,7.88,6.53,5.07
Jun,3,11,3683,,1,1,1.0,23.9,26.9,,0.0,63.8,24.0,,0.0,13.75,14.7,0.8,7.88,6.53,5.07
Jun,3,12,3684,,1,1,1.0,25.6,27.27,,0.0,86.9,24.0,,0.0,19.59,14.7,0.8,7.88,6.53,5.07
Jun,3,13,3685,,1,1,1.0,27.8,27.82,,0.0,121.88,24.0,,0.0,29.0,14.7,0.8,7.88,6.53,5.07
Jun,3,14,3686,,1,1,1.0,28.9,28.19,,0.0,138.98,24.0,,0.0,34.01,14.7,0.8,7.88,6.53,5.07
Jun,3,15,3687,,1,1,1.0,28.9,28.43,,0.0,145.53,24.0,,0.0,35.61,14.7,0.8,7.88,6.53,5.07
Jun,3,16,3688,,1,1,1.0,23.9,28.0,,0.0,102.33,24.0,,0.0,22.06,14.7,0.8,7.88,6.53,5.07
Jun,3,17,3689,,1,1,1.0,22.8,27.94,,0.0,90.91,24.0,,0.0,19.03,14.7,0.8,7.88,6.53,5.07
Jun,3,18,3690,,1,1,1.0,22.2,27.91,,0.0,83.72,24.0,,0.0,17.25,14.7,0.8,7.88,6.53,5.07
Jun,3,19,3691,,1,1,1.0,21.1,27.78,,0.0,69.66,24.0,,0.0,13.96,14.7,0.8,7.88,6.53,5.07
Jun,3,20,3692,,1,1,1.0,21.1,27.76,,0.0,65.55,24.0,,0.0,13.13,14.7,0.8,7.88,6.53,5.07
Jun,3,21,3693,,1,1,1.0,20.0,27.6,,0.0,51.9,24.0,,0.0,10.12,14.7,0.8,7.88,6.53,5.07
Jun,3,22,3694,,1,1,0.77,18.9,27.66,,0.0,0.0,24.0,,0.0,0.0,0.0,0.61,6.04,6.53,3.88
Jun,3,23,3695,,1,1,0.77,17.8,27.51,,0.0,0.0,24.0,,0.0,0.0,0.0,0.61,6.04,6.53,3.88
Jun,3,24,3696,,1,1,0.77,16.1,27.3,,0.0,0.0,24.0,,0.0,0.0,0.0,0.61,6.04,6.53,3.88
Jun,4,1,3697,,1,1,0.77,15.0,27.11,,0.0,0.0,24.0,,0.0,0.0,0.0,0.61,6.04,6.53,3.88
Jun,4,2,3698,,1,1,0.77,15.0,26.99,,0.0,0.0,24.0,,0.0,0.0,0.0,0.61,6.04,6.53,3.88
Jun,4,3,3699,,1,1,0.77,14.4,26.83,,0.0,0.0,23.9,,0.0,0.0,0.0,0.61,6.04,6.53,3.88
Jun,4,4,3700,,1,1,0.77,13.3,26.61,,0.0,0.0,23.74,,0.0,0.0,0.0,0.61,6.04,6.53,3.88
Jun,4,5,3701,,1,1,0.77,12.8,26.43,,0.0,0.0,23.61,,0.0,0.0,0.0,0.61,6.04,6.53,3.88
Jun,4,6,3702,,1,1,0.77,15.0,26.48,,0.0,0.0,23.71,,0.0,0.0,0.0,0.61,6.04,6.53,3.88
Jun,4,7,3703,,1,1,1.0,18.3,26.25,,20.28,0.0,23.67,,5.68,0.0,14.7,0.8,7.88,6.53,5.07
Jun,4,8,3704,,1,1,1.0,21.1,26.78,,0.0,19.29,24.0,,0.0,3.86,14.7,0.8,7.88,6.53,5.07
Jun,4,9,3705,,1,1,1.0,24.4,27.28,,0.0,58.28,24.0,,0.0,12.74,14.7,0.8,7.88,6.53,5.07
Jun,4,10,3706,,1,1,1.0,27.8,27.91,,0.0,102.34,24.0,,0.0,24.35,14.7,0.8,7.88,6.53,5.07
Jun,4,11,3707,,1,1,1.0,28.3,28.23,,0.0,119.48,24.0,,0.0,28.79,14.7,0.8,7.88,6.53,5.07
Jun,4,12,3708,,1,1,1.0,29.4,28.56,,0.0,134.58,24.0,,0.0,33.36,14.7,0.8,7.88,6.53,5.07
Jun,4,13,3709,,1,1,1.0,30.0,28.93,,0.0,151.62,24.0,,0.0,38.19,14.7,0.8,7.88,6.53,5.07
Jun,4,14,3710,,1,1,1.0,31.1,29.35,,0.0,171.34,24.0,,0.0,44.31,14.7,0.8,7.88,6.53,5.07
Jun,4,15,3711,,1,1,1.0,31.7,29.71,,0.0,184.05,24.0,,0.0,48.3,14.7,0.8,7.88,6.53,5.07
Jun,4,16,3712,,1,1,1.0,32.2,30.03,,0.0,193.16,24.0,,0.0,50.49,14.7,0.8,7.88,6.53,5.07
Jun,4,17,3713,,1,1,1.0,30.6,30.08,,0.0,181.25,24.0,,0.0,46.31,14.7,0.8,7.88,6.53,5.07
Jun,4,18,3714,,1,1,1.0,30.0,30.17,,0.0,173.79,24.0,,0.0,43.78,14.7,0.8,7.88,6.53,5.07
Jun,4,19,3715,,1,1,1.0,28.3,30.09,,0.0,156.13,24.0,,0.0,37.62,14.7,0.8,7.88,6.53,5.07
Jun,4,20,3716,,1,1,1.0,23.9,29.63,,0.0,111.86,24.0,,0.0,24.12,14.7,0.8,7.88,6.53,5.07
Jun,4,21,3717,,1,1,1.0,22.8,29.5,,0.0,96.97,24.0,,0.0,20.3,14.7,0.8,7.88,6.53,5.07
Jun,4,22,3718,,1,1,0.77,23.3,29.66,,0.0,0.0,24.0,,0.0,0.0,0.0,0.61,6.04,6.53,3.88
Jun,4,23,3719,,1,1,0.77,19.4,29.33,,0.0,0.0,24.0,,0.0,0.0,0.0,0.61,6.04,6.53,3.88
Jun,4,24,3720,,1,1,0.77,16.1,28.98,,0.0,0.0,24.0,,0.0,0.0,0.0,0.61,6.04,6.53,3.88
Jun,5,1,3721,,1,1,0.77,16.1,28.85,,0.0,0.0,24.0,,0.0,0.0,0.0,0.61,6.04,6.53,3.88
Jun,5,2,3722,,1,1,0.77,15.6,28.68,,0.0,0.0,24.0,,0.0,0.0,0.0,0.61,6.04,6.53,3.88
Jun,5,3,3723,,1,1,0.77,15.0,28.49,,0.0,0.0,24.0,,0.0,0.0,0.0,0.61,6.04,6.53,3.88
Jun,5,4,3724,,1,1,0.77,13.3,28.21,,0.0,0.0,23.89,,0.0,0.0,0.0,0.61,6.04,6.53,3.88
Jun,5,5,3725,,1,1,0.77,12.2,27.95,,0.0,0.0,23.71,,0.0,0.0,0.0,0.61,6.04,6.53,3.88
Jun,5,6,3726,,1,1,0.77,16.1,28.12,,0.0,0.0,23.96,,0.0,0.0,0.0,0.61,6.04,6.53,3.88
Jun,5,7,3727,,1,1,1.0,18.9,27.81,,3.91,0.0,23.94,,1.1,0.0,14.7,0.8,7.88,6.53,5.07
Jun,5,8,3728,,1,1,1.0,22.2,28.39,,0.0,44.17,24.0,,0.0,9.1,14.7,0.8,7.88,6.53,5.07
Jun,5,9,3729,,1,1,1.0,25.6,28.95,,0.0,87.22,24.0,,0.0,19.66,14.7,0.8,7.88,6.53,5.07
Jun,5,10,3730,,1,1,1.0,26.7,29.3,,0.0,109.93,24.0,,0.0,25.45,14.7,0.8,7.88,6.53,5.07
Jun,5,11,3731,,1,1,1.0,28.3,29.67,,0.0,131.87,24.0,,0.0,31.77,14.7,0.8,7.88,6.53,5.07
Jun,5,12,3732,,1,1,1.0,29.4,30.01,,0.0,149.6,24.0,,0.0,37.09,14.7,0.8,7.88,6.53,5.07
Jun,5,13,3733,,1,1,1.0,30.0,30.31,,0.0,161.59,24.0,,0.0,40.7,14.7,0.8,7.88,6.53,5.07
Jun,5,14,3734,,1,1,1.0,30.6,30.63,,0.0,174.65,24.0,,0.0,44.63,14.7,0.8,7.88,6.53,5.07
Jun,5,15,3735,,1,1,1.0,30.6,30.85,,0.0,179.19,24.0,,0.0,45.79,14.7,0.8,7.88,6.53,5.07
Jun,5,16,3736,,1,1,1.0,30.6,31.04,,0.0,180.91,24.0,,0.0,46.23,14.7,0.8,7.88,6.53,5.07
Jun,5,17,3737,,1,1,1.0,29.4,31.07,,0.0,171.81,24.0,,0.0,42.59,14.7,0.8,7.88,6.53,5.07
Jun,5,18,3738,,1,1,1.0,28.9,31.14,,0.0,166.33,24.0,,0.0,40.7,14.7,0.8,7.88,6.53,5.07
Jun,5,19,3739,,1,1,1.0,26.7,30.96,,0.0,143.52,24.0,,0.0,33.22,14.7,0.8,7.88,6.53,5.07
Jun,5,20,3740,,1,1,1.0,25.0,30.78,,0.0,123.23,24.0,,0.0,27.38,14.7,0.8,7.88,6.53,5.07
Jun,5,21,3741,,1,1,1.0,23.9,30.65,,0.0,108.77,24.0,,0.0,23.45,14.7,0.8,7.88,6.53,5.07
Jun,5,22,3742,,1,1,0.77,23.3,30.72,,0.0,0.0,24.0,,0.0,0.0,0.0,0.61,6.04,6.53,3.88
Jun,5,23,3743,,1,1,0.77,21.1,30.51,,0.0,0.0,24.0,,0.0,0.0,0.0,0.61,6.04,6.53,3.88
Jun,5,24,3744,,1,1,0.77,21.1,30.44,,0.0,0.0,24.0,,0.0,0.0,0.0,0.61,6.04,6.53,3.88
Jun,6,1,3745,,1,1,0.77,19.4,30.24,,0.0,0.0,24.0,,0.0,0.0,0.0,0.61,6.04,6.53,3.88
Jun,6,2,3746,,1,1,0.77,20.0,30.19,,0.0,0.0,24.0,,0.0,0.0,0.0,0.61,6.04,6.53,3.88
Jun,6,3,3747,,1,1,0.77,20.6,30.16,,0.0,0.0,24.0,,0.0,0.0,0.0,0.61,6.04,6.53,3.88
Jun,6,4,3748,,1,1,0.77,21.1,30.13,,0.0,0.0,24.0,,0.0,0.0,0.0,0.61,6.04,6.53,3.88
Jun,6,5,3749,,1,1,0.77,21.7,30.12,,0.0,0.0,24.0,,0.0,0.0,0.0,0.61,6.04,6.53,3.88
Jun,6,6,3750,,1,1,0.77,19.4,29.92,,0.0,0.0,24.0,,0.0,0.0,0.0,0.61,6.04,6.53,3.88
Jun,6,7,3751,,1,1,1.0,21.7,29.66,,0.0,40.01,24.0,,0.0,8.14,14.7,0.8,7.88,6.53,5.07
Jun,6,8,3752,,1,1,1.0,24.4,30.16,,0.0,81.56,24.0,,0.0,17.82,14.7,0.8,7.88,6.53,5.07
Jun,6,9,3753,,1,1,1.0,27.8,30.68,,0.0,119.98,24.0,,0.0,28.54,14.7,0.8,7.88,6.53,5.07
Jun,6,10,3754,,1,1,1.0,30.0,31.14,,0.0,149.84,24.0,,0.0,37.74,14.7,0.8,7.88,6.53,5.07
Jun,6,11,3755,,1,1,1.0,31.7,31.56,,0.0,173.22,24.0,,0.0,45.46,14.7,0.8,7.88,6.53,5.07
Jun,6,12,3756,,1,1,1.0,32.2,31.87,,0.0,185.53,24.0,,0.0,49.3,14.7,0.8,7.88,6.53,5.07
Jun,6,13,3757,,1,1,1.0,32.8,32.19,,0.0,198.05,24.0,,0.0,51.26,14.7,0.8,7.88,6.53,5.07
Jun,6,14,3758,,1,1,1.0,32.8,32.45,,0.0,205.52,24.0,,0.0,51.26,14.7,0.8,7.88,6.53,5.07
Jun,6,15,3759,,1,1,1.0,33.9,32.81,,0.0,219.07,24.0,,0.0,52.73,14.7,0.8,7.88,6.53,5.07
Jun,6,16,3760,,1,1,1.0,32.2,32.83,,0.0,206.47,24.0,,0.0,50.49,14.7,0.8,7.88,6.53,5.07
Jun,6,17,3761,,1,1,1.0,31.7,32.94,,0.0,202.4,24.0,,0.0,49.87,14.7,0.8,7.88,6.53,5.07
Jun,6,18,3762,,1,1,1.0,30.0,32.87,,0.0,186.12,24.0,,0.0,46.88,14.7,0.8,7.88,6.53,5.07
Jun,6,19,3763,,1,1,1.0,25.6,32.4,,0.0,142.1,24.0,,0.0,32.03,14.7,0.8,7.88,6.53,5.07
Jun,6,20,3764,,1,1,1.0,23.9,32.15,,0.0,119.95,24.0,,0.0,25.86,14.7,0.8,7.88,6.53,5.07
Jun,6,21,3765,,1,1,1.0,21.7,31.82,,0.0,93.61,24.0,,0.0,19.04,14.7,0.8,7.88,6.53,5.07
Jun,6,22,3766,,1,1,0.77,19.4,31.84,,0.0,0.0,24.0,,0.0,0.0,0.0,0.61,6.04,6.53,3.88
Jun,6,23,3767,,1,1,0.77,20.0,31.77,,0.0,0.0,24.0,,0.0,0.0,0.0,0.61,6.04,6.53,3.88
Jun,6,24,3768,,1,1,0.77,18.9,31.56,,0.0,0.0,24.0,,0.0,0.0,0.0,0.61,6.04,6.53,3.88
Jun,7,1,3769,,1,1,0.77,16.7,31.26,,0.0,0.0,24.0,,0.0,0.0,0.0,0.61,6.04,6.53,3.88
Jun,7,2,3770,,1,1,0.77,16.1,31.04,,0.0,0.0,24.0,,0.0,0.0,0.0,0.61,6.04,6.53,3.88
Jun,7,3,3771,,1,1,0.77,16.1,30.87,,0.0,0.0,24.0,,0.0,0.0,0.0,0.61,6.04,6.53,3.88
Jun,7,4,3772,,1,1,0.77,14.4,30.56,,0.0,0.0,24.0,,0.0,0.0,0.0,0.61,6.04,6.53,3.88
Jun,7,5,3773,,1,1,0.77,16.1,30.51,,0.0,0.0,24.0,,0.0,0.0,0.0,0.61,6.04,6.53,3.88
Jun,7,6,3774,,1,1,0.77,18.9,30.6,,0.0,0.0,24.0,,0.0,0.0,0.0,0.61,6.04,6.53,3.88
Jun,7,7,3775,,1,1,1.0,21.7,30.31,,0.0,29.1,24.0,,0.0,5.92,14.7,0.8,7.88,6.53,5.07
Jun,7,8,3776,,1,1,1.0,25.0,30.89,,0.0,78.58,24.0,,0.0,17.46,14.7,0.8,7.88,6.53,5.07
Jun,7,9,3777,,1,1,1.0,27.8,31.38,,0.0,116.45,24.0,,0.0,27.71,14.7,0.8,7.88,6.53,5.07
Jun,7,10,3778,,1,1,1.0,28.9,31.67,,0.0,135.45,24.0,,0.0,33.14,14.7,0.8,7.88,6.53,5.07
Jun,7,11,3779,,1,1,1.0,30.0,31.98,,0.0,153.95,24.0,,0.0,38.78,14.7,0.8,7.88,6.53,5.07
Jun,7,12,3780,,1,1,1.0,30.6,32.26,,0.0,167.69,24.0,,0.0,42.85,14.7,0.8,7.88,6.53,5.07
Jun,7,13,3781,,1,1,1.0,31.7,32.61,,0.0,185.53,24.0,,0.0,48.69,14.7,0.8,7.88,6.53,5.07
Jun,7,14,3782,,1,1,1.0,31.7,32.83,,0.0,191.7,24.0,,0.0,49.87,14.7,0.8,7.88,6.53,5.07
Jun,7,15,3783,,1,1,1.0,32.2,33.08,,0.0,200.23,24.0,,0.0,50.49,14.7,0.8,7.88,6.53,5.07
Jun,7,16,3784,,1,1,1.0,30.6,33.07,,0.0,188.62,24.0,,0.0,48.2,14.7,0.8,7.88,6.53,5.07
Jun,7,17,3785,,1,1,1.0,31.7,33.36,,0.0,200.8,24.0,,0.0,49.87,14.7,0.8,7.88,6.53,5.07
Jun,7,18,3786,,1,1,1.0,28.9,33.13,,0.0,173.13,24.0,,0.0,42.37,14.7,0.8,7.88,6.53,5.07
Jun,7,19,3787,,1,1,1.0,25.0,32.67,,0.0,132.7,24.0,,0.0,29.49,14.7,0.8,7.88,6.53,5.07
Jun,7,20,3788,,1,1,1.0,25.6,32.7,,0.0,132.69,24.0,,0.0,29.91,14.7,0.8,7.88,6.53,5.07
Jun,7,21,3789,,1,1,1.0,22.2,32.24,,0.0,96.38,24.0,,0.0,19.86,14.7,0.8,7.88,6.53,5.07
Jun,7,22,3790,,1,1,0.77,21.1,32.36,,0.0,0.0,24.0,,0.0,0.0,0.0,0.61,6.04,6.53,3.88
Jun,7,23,3791,,1,1,0.77,18.9,32.08,,0.0,0.0,24.0,,0.0,0.0,0.0,0.61,6.04,6.53,3.88
Jun,7,24,3792,,1,1,0.77,15.6,31.67,,0.0,0.0,24.0,,0.0,0.0,0.0,0.61,6.04,6.53,3.88
Jun,8,1,3793,,1,1,0.77,14.4,31.38,,0.0,0.0,24.0,,0.0,0.0,0.0,0.61,6.04,6.53,3.88
Jun,8,2,3794,,1,1,0.77,15.0,31.22,,0.0,0.0,24.0,,0.0,0.0,0.0,0.61,6.04,6.53,3.88
Jun,8,3,3795,,1,1,0.77,13.3,30.89,,0.0,0.0,23.96,,0.0,0.0,0.0,0.61,6.04,6.53,3.88
Jun,8,4,3796,,1,1,0.77,13.3,30.67,,0.0,0.0,23.87,,0.0,0.0,0.0,0.61,6.04,6.53,3.88
Jun,8,5,3797,,1,1,0.77,11.1,30.27,,0.0,0.0,23.6,,0.0,0.0,0.0,0.61,6.04,6.53,3.88
Jun,8,6,3798,,1,1,0.77,15.6,30.43,,0.0,0.0,23.89,,0.0,0.0,0.0,0.61,6.04,6.53,3.88
Jun,8,7,3799,,1,1,1.0,18.3,29.93,,10.56,0.0,23.83,,2.96,0.0,14.7,0.8,7.88,6.53,5.07
Jun,8,8,3800,,1,1,1.0,20.0,30.23,,0.0,19.86,24.0,,0.0,3.87,14.7,0.8,7.88,6.53,5.07
Jun,8,9,3801,,1,1,1.0,20.6,30.31,,0.0,34.27,24.0,,0.0,6.78,14.7,0.8,7.88,6.53,5.07
Jun,8,10,3802,,1,1,1.0,22.2,30.54,,0.0,58.32,24.0,,0.0,12.02,14.7,0.8,7.88,6.53,5.07
Jun,8,11,3803,,1,1,1.0,23.9,30.82,,0.0,82.56,24.0,,0.0,17.8,14.7,0.8,7.88,6.53,5.07
Jun,8,12,3804,,1,1,1.0,25.6,31.09,,0.0,103.43,24.0,,0.0,23.31,14.7,0.8,7.88,6.53,5.07
Jun,8,13,3805,,1,1,1.0,26.7,31.35,,0.0,121.21,24.0,,0.0,28.06,14.7,0.8,7.88,6.53,5.07
Jun,8,14,3806,,1,1,1.0,26.1,31.42,,0.0,123.37,24.0,,0.0,28.14,14.7,0.8,7.88,6.53,5.07
Jun,8,15,3807,,1,1,1.0,27.2,31.65,,0.0,136.58,24.0,,0.0,32.01,14.7,0.8,7.88,6.53,5.07
Jun,8,16,3808,,1,1,1.0,26.1,31.58,,0.0,126.83,24.0,,0.0,28.93,14.7,0.8,7.88,6.53,5.07
Jun,8,17,3809,,1,1,1.0,27.2,31.78,,0.0,138.19,24.0,,0.0,32.39,14.7,0.8,7.88,6.53,5.07
Jun,8,18,3810,,1,1,1.0,28.3,32.01,,0.0,150.2,24.0,,0.0,36.19,14.7,0.8,7.88,6.53,5.07
Jun,8,19,3811,,1,1,1.0,25.0,31.65,,0.0,117.83,24.0,,0.0,26.18,14.7,0.8,7.88,6.53,5.07
Jun,8,20,3812,,1,1,1.0,22.2,31.27,,0.0,87.58,24.0,,0.0,18.05,14.7,0.8,7.88,6.53,5.07
Jun,8,21,3813,,1,1,1.0,18.9,30.77,,0.0,52.21,24.0,,0.0,9.86,14.7,0.8,7.88,6.53,5.07
Jun,8,22,3814,,1,1,0.77,16.7,30.85,,0.0,0.0,24.0,,0.0,0.0,0.0,0.61,6.04,6.53,3.88
Jun,8,23,3815,,1,1,0.77,16.7,30.7,,0.0,0.0,24.0,,0.0,0.0,0.0,0.61,6.04,6.53,3.88
Jun,8,24,3816,,1,1,0.77,14.4,30.36,,0.0,0.0,24.0,,0.0,0.0,0.0,0.61,6.04,6.53,3.88
Jun,9,1,3817,,1,1,0.77,12.8,30.03,,0.0,0.0,23.94,,0.0,0.0,0.0,0.61,6.04,6.53,3.88
Jun,9,2,3818,,1,1,0.77,11.1,29.68,,0.0,0.0,23.7,,0.0,0.0,0.0,0.61,6.04,6.53,3.88
Jun,9,3,3819,,1,1,0.77,8.9,29.26,,0.0,0.0,23.39,,0.0,0.0,0.0,0.61,6.04,6.53,3.88
Jun,9,4,3820,,1,1,0.77,7.8,28.9,,0.0,0.0,23.14,,0.0,0.0,0.0,0.61,6.04,6.53,3.88
Jun,9,5,3821,,1,1,0.77,7.2,28.56,,0.0,0.0,22.91,,0.0,0.0,0.0,0.61,6.04,6.53,3.88
Jun,9,6,3822,,1,1,0.77,12.8,28.76,,0.0,0.0,23.21,,0.0,0.0,0.0,0.61,6.04,6.53,3.88
Jun,9,7,3823,,1,1,1.0,15.6,28.2,,58.79,0.0,23.03,,16.47,0.0,14.7,0.8,7.88,6.53,5.07
Jun,9,8,3824,,1,1,1.0,16.1,28.33,,43.68,0.0,23.28,,12.24,0.0,14.7,0.8,7.88,6.53,5.07
Jun,9,9,3825,,1,1,1.0,17.2,28.41,,31.16,0.0,23.49,,8.73,0.0,14.7,0.8,7.88,6.53,5.07
Jun,9,10,3826,,1,1,1.0,18.9,28.61,,11.76,0.0,23.81,,3.29,0.0,14.7,0.8,7.88,6.53,5.07
Jun,9,11,3827,,1,1,1.0,21.1,28.9,,0.0,15.95,24.0,,0.0,3.2,14.7,0.8,7.88,6.53,5.07
Jun,9,12,3828,,1,1,1.0,22.2,29.1,,0.0,36.76,24.0,,0.0,7.58,14.7,0.8,7.88,6.53,5.07
Jun,9,13,3829,,1,1,1.0,23.3,29.33,,0.0,57.81,24.0,,0.0,12.26,14.7,0.8,7.88,6.53,5.07
Jun,9,14,3830,,1,1,1.0,25.6,29.73,,0.0,89.22,24.0,,0.0,20.11,14.7,0.8,7.88,6.53,5.07
Jun,9,15,3831,,1,1,1.0,25.0,29.79,,0.0,91.61,24.0,,0.0,20.36,14.7,0.8,7.88,6.53,5.07
Jun,9,16,3832,,1,1,1.0,25.0,29.84,,0.0,93.5,24.0,,0.0,20.78,14.7,0.8,7.88,6.53,5.07
Jun,9,17,3833,,1,1,1.0,24.4,29.82,,0.0,89.56,24.0,,0.0,19.57,14.7,0.8,7.88,6.53,5.07
Jun,9,18,3834,,1,1,1.0,23.3,29.73,,0.0,81.65,24.0,,0.0,17.32,14.7,0.8,7.88,6.53,5.07
Jun,9,19,3835,,1,1,1.0,21.1,29.45,,0.0,59.84,24.0,,0.0,11.99,14.7,0.8,7.88,6.53,5.07
Jun,9,20,3836,,1,1,1.0,18.3,29.02,,0.0,30.57,24.0,,0.0,5.68,14.7,0.8,7.88,6.53,5.07
Jun,9,21,3837,,1,1,1.0,16.7,28.7,,0.0,11.93,24.0,,0.0,2.12,14.7,0.8,7.88,6.53,5.07
Jun,9,22,3838,,1,1,0.77,15.6,28.88,,0.0,0.0,24.0,,0.0,0.0,0.0,0.61,6.04,6.53,3.88
Jun,9,23,3839,,1,1,0.77,15.0,28.69,,0.0,0.0,24.0,,0.0,0.0,0.0,0.61,6.04,6.53,3.88
Jun,9,24,3840,,1,1,0.77,13.9,28.45,,0.0,0.0,23.91,,0.0,0.0,0.0,0.61,6.04,6.53,3.88
Jun,10,1,3841,,1,1,0.77,12.8,28.2,,0.0,0.0,23.74,,0.0,0.0,0.0,0.61,6.04,6.53,3.88
Jun,10,2,3842,,1,1,0.77,12.2,27.97,,0.0,0.0,23.6,,0.0,0.0,0.0,0.61,6.04,6.53,3.88
Jun,10,3,3843,,1,1,0.77,10.6,27.65,,0.0,0.0,23.36,,0.0,0.0,0.0,0.61,6.04,6.53,3.88
Jun,10,4,3844,,1,1,0.77,10.0,27.39,,0.0,0.0,23.18,,0.0,0.0,0.0,0.61,6.04,6.53,3.88
Jun,10,5,3845,,1,1,0.77,10.0,27.18,,0.0,0.0,23.05,,0.0,0.0,0.0,0.61,6.04,6.53,3.88
Jun,10,6,3846,,1,1,0.77,13.9,27.34,,0.0,0.0,23.28,,0.0,0.0,0.0,0.61,6.04,6.53,3.88
Jun,10,7,3847,,1,1,1.0,16.1,26.86,,55.63,0.0,23.08,,15.58,0.0,14.7,0.8,7.88,6.53,5.07
Jun,10,8,3848,,1,1,1.0,17.8,27.17,,31.45,0.0,23.48,,8.81,0.0,14.7,0.8,7.88,6.53,5.07
Jun,10,9,3849,,1,1,1.0,20.0,27.5,,6.22,0.0,23.9,,1.74,0.0,14.7,0.8,7.88,6.53,5.07
Jun,10,10,3850,,1,1,1.0,21.1,27.7,,0.0,14.08,24.0,,0.0,2.82,14.7,0.8,7.88,6.53,5.07
Jun,10,11,3851,,1,1,1.0,22.2,27.93,,0.0,35.77,24.0,,0.0,7.37,14.7,0.8,7.88,6.53,5.07
Jun,10,12,3852,,1,1,1.0,23.9,28.3,,0.0,64.84,24.0,,0.0,13.98,14.7,0.8,7.88,6.53,5.07
Jun,10,13,3853,,1,1,1.0,25.0,28.58,,0.0,84.49,24.0,,0.0,18.78,14.7,0.8,7.88,6.53,5.07
Jun,10,14,3854,,1,1,1.0,25.6,28.81,,0.0,98.31,24.0,,0.0,22.16,14.7,0.8,7.88,6.53,5.07
Jun,10,15,3855,,1,1,1.0,26.1,29.06,,0.0,111.9,24.0,,0.0,25.53,14.7,0.8,7.88,6.53,5.07
Jun,10,16,3856,,1,1,1.0,26.7,29.28,,0.0,122.1,24.0,,0.0,28.27,14.7,0.8,7.88,6.53,5.07
Jun,10,17,3857,,1,1,1.0,26.7,29.41,,0.0,124.32,24.0,,0.0,28.78,14.7,0.8,7.88,6.53,5.07
Jun,10,18,3858,,1,1,1.0,26.1,29.46,,0.0,120.48,24.0,,0.0,27.49,14.7,0.8,7.88,6.53,5.07
Jun,10,19,3859,,1,1,1.0,24.4,29.32,,0.0,104.32,24.0,,0.0,22.8,14.7,0.8,7.88,6.53,5.07
Jun,10,20,3860,,1,1,1.0,22.8,29.14,,0.0,85.89,24.0,,0.0,17.98,14.7,0.8,7.88,6.53,5.07
Jun,10,21,3861,,1,1,1.0,20.0,28.77,,0.0,56.53,24.0,,0.0,11.02,14.7,0.8,7.88,6.53,5.07
Jun,10,22,3862,,1,1,0.77,18.9,28.86,,0.0,0.0,24.0,,0.0,0.0,0.0,0.61,6.04,6.53,3.88
Jun,10,23,3863,,1,1,0.77,16.7,28.6,,0.0,0.0,24.0,,0.0,0.0,0.0,0.61,6.04,6.53,3.88
Jun,10,24,3864,,1,1,0.77,16.1,28.43,,0.0,0.0,24.0,,0.0,0.0,0.0,0.61,6.04,6.53,3.88
Jun,11,1,3865,,1,1,0.77,16.7,28.36,,0.0,0.0,24.0,,0.0,0.0,0.0,0.61,6.04,6.53,3.88
Jun,11,2,3866,,1,1,0.77,15.6,28.16,,0.0,0.0,24.0,,0.0,0.0,0.0,0.61,6.04,6.53,3.88
Jun,11,3,3867,,1,1,0.77,13.9,27.9,,0.0,0.0,23.89,,0.0,0.0,0.0,0.61,6.04,6.53,3.88
Jun,11,4,3868,,1,1,0.77,13.3,27.69,,0.0,0.0,23.76,,0.0,0.0,0.0,0.61,6.04,6.53,3.88
Jun,11,5,3869,,1,1,0.77,11.7,27.4,,0.0,0.0,23.55,,0.0,0.0,0.0,0.61,6.04,6.53,3.88
Jun,11,6,3870,,1,1,0.77,14.4,27.48,,0.0,0.0,23.7,,0.0,0.0,0.0,0.61,6.04,6.53,3.88
Jun,11,7,3871,,1,1,1.0,16.1,26.97,,33.66,0.0,23.44,,9.43,0.0,14.7,0.8,7.88,6.53,5.07
Jun,11,8,3872,,1,1,1.0,18.3,27.36,,4.86,0.0,23.92,,1.36,0.0,14.7,0.8,7.88,6.53,5.07
Jun,11,9,3873,,1,1,1.0,20.6,27.67,,0.0,23.16,24.0,,0.0,4.58,14.7,0.8,7.88,6.53,5.07
Jun,11,10,3874,,1,1,1.0,22.8,28.03,,0.0,52.62,24.0,,0.0,11.01,14.7,0.8,7.88,6.53,5.07
Jun,11,11,3875,,1,1,1.0,25.0,28.44,,0.0,82.78,24.0,,0.0,18.4,14.7,0.8,7.88,6.53,5.07
Jun,11,12,3876,,1,1,1.0,27.2,28.88,,0.0,112.05,24.0,,0.0,26.26,14.7,0.8,7.88,6.53,5.07
Jun,11,13,3877,,1,1,1.0,28.3,29.23,,0.0,131.42,24.0,,0.0,31.67,14.7,0.8,7.88,6.53,5.07
Jun,11,14,3878,,1,1,1.0,30.0,29.7,,0.0,157.08,24.0,,0.0,39.57,14.7,0.8,7.88,6.53,5.07
Jun,11,15,3879,,1,1,1.0,30.6,30.02,,0.0,170.11,24.0,,0.0,43.47,14.7,0.8,7.88,6.53,5.07
Jun,11,16,3880,,1,1,1.0,30.0,30.14,,0.0,166.78,24.0,,0.0,42.01,14.7,0.8,7.88,6.53,5.07
Jun,11,17,3881,,1,1,1.0,30.6,30.43,,0.0,176.27,24.0,,0.0,45.04,14.7,0.8,7.88,6.53,5.07
Jun,11,18,3882,,1,1,1.0,27.8,30.23,,0.0,149.49,24.0,,0.0,35.57,14.7,0.8,7.88,6.53,5.07
Jun,11,19,3883,,1,1,1.0,27.2,30.26,,0.0,142.29,24.0,,0.0,33.35,14.7,0.8,7.88,6.53,5.07
Jun,11,20,3884,,1,1,1.0,25.6,30.12,,0.0,124.01,24.0,,0.0,27.95,14.7,0.8,7.88,6.53,5.07
Jun,11,21,3885,,1,1,1.0,23.3,29.86,,0.0,99.22,24.0,,0.0,21.05,14.7,0.8,7.88,6.53,5.07
Jun,11,22,3886,,1,1,0.77,22.8,29.94,,0.0,0.0,24.0,,0.0,0.0,0.0,0.61,6.04,6.53,3.88
Jun,11,23,3887,,1,1,0.77,21.7,29.83,,0.0,0.0,24.0,,0.0,0.0,0.0,0.61,6.04,6.53,3.88
Jun,11,24,3888,,1,1,0.77,20.0,29.64,,0.0,0.0,24.0,,0.0,0.0,0.0,0.61,6.04,6.53,3.88
Jun,12,1,3889,,1,1,0.77,19.4,29.52,,0.0,0.0,24.0,,0.0,0.0,0.0,0.61,6.04,6.53,3.88
Jun,12,2,3890,,1,1,0.77,17.8,29.31,,0.0,0.0,24.0,,0.0,0.0,0.0,0.61,6.04,6.53,3.88
Jun,12,3,3891,,1,1,0.77,17.2,29.15,,0.0,0.0,24.0,,0.0,0.0,0.0,0.61,6.04,6.53,3.88
Jun,12,4,3892,,1,1,0.77,16.1,28.95,,0.0,0.0,24.0,,0.0,0.0,0.0,0.61,6.04,6.53,3.88
Jun,12,5,3893,,1,1,0.77,17.8,28.96,,0.0,0.0,24.0,,0.0,0.0,0.0,0.61,6.04,6.53,3.88
Jun,12,6,3894,,1,1,0.77,20.6,29.12,,0.0,0.0,24.0,,0.0,0.0,0.0,0.61,6.04,6.53,3.88
Jun,12,7,3895,,1,1,1.0,22.8,28.97,,0.0,43.36,24.0,,0.0,9.08,14.7,0.8,7.88,6.53,5.07
Jun,12,8,3896,,1,1,1.0,26.7,29.67,,0.0,98.15,24.0,,0.0,22.72,14.7,0.8,7.88,6.53,5.07
Jun,12,9,3897,,1,1,1.0,29.4,30.17,,0.0,131.92,24.0,,0.0,32.71,14.7,0.8,7.88,6.53,5.07
Jun,12,10,3898,,1,1,1.0,31.7,30.7,,0.0,163.46,24.0,,0.0,42.9,14.7,0.8,7.88,6.53,5.07
Jun,12,11,3899,,1,1,1.0,33.3,31.17,,0.0,188.07,24.0,,0.0,51.39,14.7,0.8,7.88,6.53,5.07
Jun,12,12,3900,,1,1,1.0,33.9,31.53,,0.0,201.94,24.0,,0.0,52.73,14.7,0.8,7.88,6.53,5.07
Jun,12,13,3901,,1,1,1.0,33.9,31.79,,0.0,206.98,24.0,,0.0,52.73,14.7,0.8,7.88,6.53,5.07
Jun,12,14,3902,,1,1,1.0,33.9,32.07,,0.0,213.7,24.0,,0.0,52.73,14.7,0.8,7.88,6.53,5.07
Jun,12,15,3903,,1,1,1.0,32.8,32.25,,0.0,212.73,24.0,,0.0,51.26,14.7,0.8,7.88,6.53,5.07
Jun,12,16,3904,,1,1,1.0,31.7,32.3,,0.0,202.27,24.0,,0.0,49.87,14.7,0.8,7.88,6.53,5.07
Jun,12,17,3905,,1,1,1.0,29.4,32.17,,0.0,179.86,24.0,,0.0,44.59,14.7,0.8,7.88,6.53,5.07
Jun,12,18,3906,,1,1,1.0,28.3,32.12,,0.0,166.54,24.0,,0.0,40.13,14.7,0.8,7.88,6.53,5.07
Jun,12,19,3907,,1,1,1.0,26.7,31.96,,0.0,147.28,24.0,,0.0,34.09,14.7,0.8,7.88,6.53,5.07
Jun,12,20,3908,,1,1,1.0,26.1,31.9,,0.0,137.22,24.0,,0.0,31.3,14.7,0.8,7.88,6.53,5.07
Jun,12,21,3909,,1,1,1.0,23.3,31.55,,0.0,106.84,24.0,,0.0,22.66,14.7,0.8,7.88,6.53,5.07
Jun,12,22,3910,,1,1,0.77,20.0,31.44,,0.0,0.0,24.0,,0.0,0.0,0.0,0.61,6.04,6.53,3.88
Jun,12,23,3911,,1,1,0.77,18.9,31.25,,0.0,0.0,24.0,,0.0,0.0,0.0,0.61,6.04,6.53,3.88
Jun,12,24,3912,,1,1,0.77,18.9,31.12,,0.0,0.0,24.0,,0.0,0.0,0.0,0.61,6.04,6.53,3.88
Jun,13,1,3913,,1,1,0.77,17.2,30.86,,0.0,0.0,24.0,,0.0,0.0,0.0,0.61,6.04,6.53,3.88
Jun,13,2,3914,,1,1,0.77,16.7,30.68,,0.0,0.0,24.0,,0.0,0.0,0.0,0.61,6.04,6.53,3.88
Jun,13,3,3915,,1,1,0.77,16.1,30.47,,0.0,0.0,24.0,,0.0,0.0,0.0,0.61,6.04,6.53,3.88
Jun,13,4,3916,,1,1,0.77,15.0,30.22,,0.0,0.0,24.0,,0.0,0.0,0.0,0.61,6.04,6.53,3.88
Jun,13,5,3917,,1,1,0.77,15.0,30.05,,0.0,0.0,24.0,,0.0,0.0,0.0,0.61,6.04,6.53,3.88
Jun,13,6,3918,,1,1,0.77,18.3,30.19,,0.0,0.0,24.0,,0.0,0.0,0.0,0.61,6.04,6.53,3.88
Jun,13,7,3919,,1,1,1.0,21.1,29.89,,0.0,24.65,24.0,,0.0,4.94,14.7,0.8,7.88,6.53,5.07
Jun,13,8,3920,,1,1,1.0,26.7,30.74,,0.0,94.43,24.0,,0.0,21.86,14.7,0.8,7.88,6.53,5.07
Jun,13,9,3921,,1,1,1.0,30.0,31.3,,0.0,134.84,24.0,,0.0,33.96,14.7,0.8,7.88,6.53,5.07
Jun,13,10,3922,,1,1,1.0,32.8,31.9,,0.0,173.17,24.0,,0.0,46.72,14.7,0.8,7.88,6.53,5.07
Jun,13,11,3923,,1,1,1.0,33.3,32.27,,0.0,191.3,24.0,,0.0,51.92,14.7,0.8,7.88,6.53,5.07
Jun,13,12,3924,,1,1,1.0,34.4,32.68,,0.0,210.71,24.0,,0.0,53.42,14.7,0.8,7.88,6.53,5.07
Jun,13,13,3925,,1,1,1.0,35.6,33.15,,0.0,232.16,24.0,,0.0,55.08,14.7,0.8,7.88,6.53,5.07
Jun,13,14,3926,,1,1,1.0,35.6,33.46,,0.0,239.54,24.0,,0.0,55.08,14.7,0.8,7.88,6.53,5.07
Jun,13,15,3927,,1,1,1.0,35.6,33.75,,0.0,245.71,24.0,,0.0,55.08,14.7,0.8,7.88,6.53,5.07
Jun,13,16,3928,,1,1,1.0,34.4,33.8,,0.0,233.47,24.0,,0.0,53.42,14.7,0.8,7.88,6.53,5.07
Jun,13,17,3929,,1,1,1.0,33.9,33.95,,0.0,230.14,24.0,,0.0,52.73,14.7,0.8,7.88,6.53,5.07
Jun,13,18,3930,,1,1,1.0,32.8,33.98,,0.0,219.38,24.0,,0.0,51.26,14.7,0.8,7.88,6.53,5.07
Jun,13,19,3931,,1,1,1.0,30.0,33.73,,0.0,189.39,24.0,,0.0,47.71,14.7,0.8,7.88,6.53,5.07
Jun,13,20,3932,,1,1,1.0,25.6,33.22,,0.0,143.77,24.0,,0.0,32.41,14.7,0.8,7.88,6.53,5.07
Jun,13,21,3933,,1,1,1.0,25.0,33.11,,0.0,132.31,24.0,,0.0,29.4,14.7,0.8,7.88,6.53,5.07
Jun,13,22,3934,,1,1,0.77,25.0,33.27,,0.0,0.0,24.0,,0.0,0.0,0.0,0.61,6.04,6.53,3.88
Jun,13,23,3935,,1,1,0.77,24.4,33.17,,0.0,0.0,24.0,,0.0,0.0,0.0,0.61,6.04,6.53,3.88
Jun,13,24,3936,,1,1,0.77,22.8,32.99,,0.0,0.0,24.0,,0.0,0.0,0.0,0.61,6.04,6.53,3.88
Jun,14,1,3937,,1,1,0.77,23.9,32.99,,0.0,0.0,24.0,,0.0,0.0,0.0,0.61,6.04,6.53,3.88
Jun,14,2,3938,,1,1,0.77,22.8,32.84,,0.0,0.0,24.0,,0.0,0.0,0.0,0.61,6.04,6.53,3.88
Jun,14,3,3939,,1,1,0.77,21.1,32.62,,0.0,0.0,24.0,,0.0,0.0,0.0,0.61,6.04,6.53,3.88
Jun,14,4,3940,,1,1,0.77,23.3,32.7,,0.0,0.0,24.0,,0.0,0.0,0.0,0.61,6.04,6.53,3.88
Jun,14,5,3941,,1,1,0.77,22.8,32.59,,0.0,0.0,24.0,,0.0,0.0,0.0,0.61,6.04,6.53,3.88
Jun,14,6,3942,,1,1,0.77,22.8,32.54,,0.0,0.0,24.0,,0.0,0.0,0.0,0.61,6.04,6.53,3.88
Jun,14,7,3943,,1,1,1.0,26.7,32.54,,0.0,96.19,24.0,,0.0,22.27,14.7,0.8,7.88,6.53,5.07
Jun,14,8,3944,,1,1,1.0,28.9,33.04,,0.0,135.58,24.0,,0.0,33.18,14.7,0.8,7.88,6.53,5.07
Jun,14,9,3945,,1,1,1.0,31.1,33.47,,0.0,164.64,24.0,,0.0,42.58,14.7,0.8,7.88,6.53,5.07
Jun,14,10,3946,,1,1,1.0,32.2,33.76,,0.0,181.17,24.0,,0.0,48.14,14.7,0.8,7.88,6.53,5.07
Jun,14,11,3947,,1,1,1.0,34.4,34.24,,0.0,209.22,24.0,,0.0,53.42,14.7,0.8,7.88,6.53,5.07
Jun,14,12,3948,,1,1,1.0,36.1,34.69,,0.0,232.58,24.0,,0.0,55.76,14.7,0.8,7.88,6.53,5.07
Jun,14,13,3949,,1,1,1.0,36.1,35.0,,0.0,242.41,24.0,,0.0,55.76,14.7,0.8,7.88,6.53,5.07
Jun,14,14,3950,,1,1,1.0,35.6,35.22,,0.0,245.55,24.0,,0.0,55.08,14.7,0.8,7.88,6.53,5.07
Jun,14,15,3951,,1,1,1.0,36.7,35.6,,0.0,260.97,24.0,,0.0,56.59,14.7,0.8,7.88,6.53,5.07
Jun,14,16,3952,,1,1,1.0,36.7,35.84,,0.0,263.72,24.0,,0.0,56.59,14.7,0.8,7.88,6.53,5.07
Jun,14,17,3953,,1,1,1.0,35.6,35.91,,0.0,254.07,24.0,,0.0,55.08,14.7,0.8,7.88,6.53,5.07
Jun,14,18,3954,,1,1,1.0,33.9,35.86,,0.0,237.79,24.0,,0.0,52.73,14.7,0.8,7.88,6.53,5.07
Jun,14,19,3955,,1,1,1.0,32.8,35.83,,0.0,224.56,24.0,,0.0,51.26,14.7,0.8,7.88,6.53,5.07
Jun,14,20,3956,,1,1,1.0,27.8,35.26,,0.0,173.18,24.0,,0.0,41.2,14.7,0.8,7.88,6.53,5.07
Jun,14,21,3957,,1,1,1.0,25.0,34.86,,0.0,140.98,24.0,,0.0,31.33,14.7,0.8,7.88,6.53,5.07
Jun,14,22,3958,,1,1,0.77,21.7,34.8,,0.0,0.0,24.0,,0.0,0.0,0.0,0.61,6.04,6.53,3.88
Jun,14,23,3959,,1,1,0.77,19.4,34.47,,0.0,0.0,24.0,,0.0,0.0,0.0,0.61,6.04,6.53,3.88
Jun,14,24,3960,,1,1,0.77,17.2,34.12,,0.0,0.0,24.0,,0.0,0.0,0.0,0.61,6.04,6.53,3.88
Jun,15,1,3961,,1,1,0.77,15.6,33.78,,0.0,0.0,24.0,,0.0,0.0,0.0,0.61,6.04,6.53,3.88
Jun,15,2,3962,,1,1,0.77,15.6,33.55,,0.0,0.0,24.0,,0.0,0.0,0.0,0.61,6.04,6.53,3.88
Jun,15,3,3963,,1,1,0.77,12.2,33.04,,0.0,0.0,24.0,,0.0,0.0,0.0,0.61,6.04,6.53,3.88
Jun,15,4,3964,,1,1,0.77,11.7,32.72,,0.0,0.0,23.86,,0.0,0.0,0.0,0.61,6.04,6.53,3.88
Jun,15,5,3965,,1,1,0.77,11.7,32.44,,0.0,0.0,23.75,,0.0,0.0,0.0,0.61,6.04,6.53,3.88
Jun,15,6,3966,,1,1,0.77,16.7,32.61,,0.0,0.0,24.0,,0.0,0.0,0.0,0.61,6.04,6.53,3.88
Jun,15,7,3967,,1,1,1.0,18.3,31.91,,3.59,0.0,23.94,,1.01,0.0,14.7,0.8,7.88,6.53,5.07
Jun,15,8,3968,,1,1,1.0,20.0,32.15,,0.0,28.04,24.0,,0.0,5.47,14.7,0.8,7.88,6.53,5.07
Jun,15,9,3969,,1,1,1.0,21.1,32.21,,0.0,43.46,24.0,,0.0,8.71,14.7,0.8,7.88,6.53,5.07
Jun,15,10,3970,,1,1,1.0,21.7,32.24,,0.0,54.39,24.0,,0.0,11.06,14.7,0.8,7.88,6.53,5.07
Jun,15,11,3971,,1,1,1.0,22.8,32.4,,0.0,73.3,24.0,,0.0,15.34,14.7,0.8,7.88,6.53,5.07
Jun,15,12,3972,,1,1,1.0,25.0,32.7,,0.0,100.48,24.0,,0.0,22.33,14.7,0.8,7.88,6.53,5.07
Jun,15,13,3973,,1,1,1.0,26.1,32.92,,0.0,118.57,24.0,,0.0,27.05,14.7,0.8,7.88,6.53,5.07
Jun,15,14,3974,,1,1,1.0,31.1,33.62,,0.0,169.7,24.0,,0.0,43.89,14.7,0.8,7.88,6.53,5.07
Jun,15,15,3975,,1,1,1.0,31.7,33.86,,0.0,181.65,24.0,,0.0,47.67,14.7,0.8,7.88,6.53,5.07
Jun,15,16,3976,,1,1,1.0,32.8,34.12,,0.0,194.37,24.0,,0.0,51.26,14.7,0.8,7.88,6.53,5.07
Jun,15,17,3977,,1,1,1.0,30.0,33.92,,0.0,171.35,24.0,,0.0,43.16,14.7,0.8,7.88,6.53,5.07
Jun,15,18,3978,,1,1,1.0,28.9,33.87,,0.0,162.57,24.0,,0.0,39.78,14.7,0.8,7.88,6.53,5.07
Jun,15,19,3979,,1,1,1.0,27.8,33.79,,0.0,151.9,24.0,,0.0,36.14,14.7,0.8,7.88,6.53,5.07
Jun,15,20,3980,,1,1,1.0,24.4,33.34,,0.0,116.13,24.0,,0.0,25.38,14.7,0.8,7.88,6.53,5.07
Jun,15,21,3981,,1,1,1.0,22.2,32.99,,0.0,91.17,24.0,,0.0,18.79,14.7,0.8,7.88,6.53,5.07
Jun,15,22,3982,,1,1,0.77,19.4,32.99,,0.0,0.0,24.0,,0.0,0.0,0.0,0.61,6.04,6.53,3.88
Jun,15,23,3983,,1,1,0.77,20.0,32.89,,0.0,0.0,24.0,,0.0,0.0,0.0,0.61,6.04,6.53,3.88
Jun,15,24,3984,,1,1,0.77,18.3,32.62,,0.0,0.0,24.0,,0.0,0.0,0.0,0.61,6.04,6.53,3.88
Jun,16,1,3985,,1,1,0.77,17.2,32.37,,0.0,0.0,24.0,,0.0,0.0,0.0,0.61,6.04,6.53,3.88
Jun,16,2,3986,,1,1,0.77,16.7,32.16,,0.0,0.0,24.0,,0.0,0.0,0.0,0.61,6.04,6.53,3.88
Jun,16,3,3987,,1,1,0.77,16.7,31.98,,0.0,0.0,24.0,,0.0,0.0,0.0,0.61,6.04,6.53,3.88
Jun,16,4,3988,,1,1,0.77,16.7,31.8,,0.0,0.0,24.0,,0.0,0.0,0.0,0.61,6.04,6.53,3.88
Jun,16,5,3989,,1,1,0.77,15.6,31.54,,0.0,0.0,24.0,,0.0,0.0,0.0,0.61,6.04,6.53,3.88
Jun,16,6,3990,,1,1,0.77,16.1,31.39,,0.0,0.0,24.0,,0.0,0.0,0.0,0.61,6.04,6.53,3.88
Jun,16,7,3991,,1,1,1.0,16.1,30.48,,23.24,0.0,23.62,,6.51,0.0,14.7,0.8,7.88,6.53,5.07
Jun,16,8,3992,,1,1,1.0,15.6,30.39,,18.54,0.0,23.69,,5.19,0.0,14.7,0.8,7.88,6.53,5.07
Jun,16,9,3993,,1,1,1.0,16.7,30.36,,10.36,0.0,23.83,,2.9,0.0,14.7,0.8,7.88,6.53,5.07
Jun,16,10,3994,,1,1,1.0,18.3,30.52,,0.0,10.68,24.0,,0.0,1.98,14.7,0.8,7.88,6.53,5.07
Jun,16,11,3995,,1,1,1.0,21.7,30.87,,0.0,46.74,24.0,,0.0,9.51,14.7,0.8,7.88,6.53,5.07
Jun,16,12,3996,,1,1,1.0,22.2,30.94,,0.0,58.2,24.0,,0.0,11.99,14.7,0.8,7.88,6.53,5.07
Jun,16,13,3997,,1,1,1.0,24.4,31.29,,0.0,88.15,24.0,,0.0,19.27,14.7,0.8,7.88,6.53,5.07
Jun,16,14,3998,,1,1,1.0,26.7,31.65,,0.0,116.15,24.0,,0.0,26.89,14.7,0.8,7.88,6.53,5.07
Jun,16,15,3999,,1,1,1.0,28.9,32.04,,0.0,142.48,24.0,,0.0,34.87,14.7,0.8,7.88,6.53,5.07
Jun,16,16,4000,,1,1,1.0,29.4,32.2,,0.0,149.62,24.0,,0.0,37.09,14.7,0.8,7.88,6.53,5.07
Jun,16,17,4001,,1,1,1.0,30.0,32.41,,0.0,158.9,24.0,,0.0,40.03,14.7,0.8,7.88,6.53,5.07
Jun,16,18,4002,,1,1,1.0,29.4,32.45,,0.0,155.94,24.0,,0.0,38.66,14.7,0.8,7.88,6.53,5.07
Jun,16,19,4003,,1,1,1.0,25.0,31.98,,0.0,115.33,24.0,,0.0,25.63,14.7,0.8,7.88,6.53,5.07
Jun,16,20,4004,,1,1,1.0,23.3,31.73,,0.0,95.62,24.0,,0.0,20.28,14.7,0.8,7.88,6.53,5.07
Jun,16,21,4005,,1,1,1.0,22.8,31.61,,0.0,87.49,24.0,,0.0,18.31,14.7,0.8,7.88,6.53,5.07
Jun,16,22,4006,,1,1,0.77,21.7,31.7,,0.0,0.0,24.0,,0.0,0.0,0.0,0.61,6.04,6.53,3.88
Jun,16,23,4007,,1,1,0.77,20.6,31.53,,0.0,0.0,24.0,,0.0,0.0,0.0,0.61,6.04,6.53,3.88
Jun,16,24,4008,,1,1,0.77,18.9,31.29,,0.0,0.0,24.0,,0.0,0.0,0.0,0.61,6.04,6.53,3.88
Jun,17,1,4009,,1,1,0.77,17.8,31.08,,0.0,0.0,24.0,,0.0,0.0,0.0,0.61,6.04,6.53,3.88
Jun,17,2,4010,,1,1,0.77,17.2,30.89,,0.0,0.0,24.0,,0.0,0.0,0.0,0.61,6.04,6.53,3.88
Jun,17,3,4011,,1,1,0.77,16.1,30.65,,0.0,0.0,24.0,,0.0,0.0,0.0,0.61,6.04,6.53,3.88
Jun,17,4,4012,,1,1,0.77,14.4,30.35,,0.0,0.0,23.97,,0.0,0.0,0.0,0.61,6.04,6.53,3.88
Jun,17,5,4013,,1,1,0.77,15.6,30.26,,0.0,0.0,24.0,,0.0,0.0,0.0,0.61,6.04,6.53,3.88
Jun,17,6,4014,,1,1,0.77,15.6,30.09,,0.0,0.0,23.95,,0.0,0.0,0.0,0.61,6.04,6.53,3.88
Jun,17,7,4015,,1,1,1.0,17.2,29.44,,17.1,0.0,23.72,,4.79,0.0,14.7,0.8,7.88,6.53,5.07
Jun,17,8,4016,,1,1,1.0,18.9,29.73,,0.0,10.73,24.0,,0.0,2.03,14.7,0.8,7.88,6.53,5.07
Jun,17,9,4017,,1,1,1.0,21.1,29.98,,0.0,37.89,24.0,,0.0,7.59,14.7,0.8,7.88,6.53,5.07
Jun,17,10,4018,,1,1,1.0,22.8,30.24,,0.0,62.68,24.0,,0.0,13.12,14.7,0.8,7.88,6.53,5.07
Jun,17,11,4019,,1,1,1.0,23.3,30.37,,0.0,74.33,24.0,,0.0,15.77,14.7,0.8,7.88,6.53,5.07
Jun,17,12,4020,,1,1,1.0,23.9,30.52,,0.0,87.25,24.0,,0.0,18.81,14.7,0.8,7.88,6.53,5.07
Jun,17,13,4021,,1,1,1.0,24.4,30.68,,0.0,98.39,24.0,,0.0,21.5,14.7,0.8,7.88,6.53,5.07
Jun,17,14,4022,,1,1,1.0,27.2,31.13,,0.0,130.32,24.0,,0.0,30.54,14.7,0.8,7.88,6.53,5.07
Jun,17,15,4023,,1,1,1.0,27.2,31.27,,0.0,135.83,24.0,,0.0,31.83,14.7,0.8,7.88,6.53,5.07
Jun,17,16,4024,,1,1,1.0,26.7,31.33,,0.0,134.89,24.0,,0.0,31.23,14.7,0.8,7.88,6.53,5.07
Jun,17,17,4025,,1,1,1.0,27.2,31.49,,0.0,141.51,24.0,,0.0,33.17,14.7,0.8,7.88,6.53,5.07
Jun,17,18,4026,,1,1,1.0,26.1,31.42,,0.0,130.42,24.0,,0.0,29.75,14.7,0.8,7.88,6.53,5.07
Jun,17,19,4027,,1,1,1.0,24.4,31.22,,0.0,111.87,24.0,,0.0,24.45,14.7,0.8,7.88,6.53,5.07
Jun,17,20,4028,,1,1,1.0,23.3,31.06,,0.0,97.45,24.0,,0.0,20.67,14.7,0.8,7.88,6.53,5.07
Jun,17,21,4029,,1,1,1.0,21.7,30.81,,0.0,78.72,24.0,,0.0,16.01,14.7,0.8,7.88,6.53,5.07
Jun,17,22,4030,,1,1,0.77,21.1,30.95,,0.0,0.0,24.0,,0.0,0.0,0.0,0.61,6.04,6.53,3.88
Jun,17,23,4031,,1,1,0.77,21.1,30.87,,0.0,0.0,24.0,,0.0,0.0,0.0,0.61,6.04,6.53,3.88
Jun,17,24,4032,,1,1,0.77,19.4,30.66,,0.0,0.0,24.0,,0.0,0.0,0.0,0.61,6.04,6.53,3.88
Jun,18,1,4033,,1,1,0.77,19.4,30.56,,0.0,0.0,24.0,,0.0,0.0,0.0,0.61,6.04,6.53,3.88
Jun,18,2,4034,,1,1,0.77,18.3,30.37,,0.0,0.0,24.0,,0.0,0.0,0.0,0.61,6.04,6.53,3.88
Jun,18,3,4035,,1,1,0.77,16.7,30.12,,0.0,0.0,24.0,,0.0,0.0,0.0,0.61,6.04,6.53,3.88
Jun,18,4,4036,,1,1,0.77,17.2,30.02,,0.0,0.0,24.0,,0.0,0.0,0.0,0.61,6.04,6.53,3.88
Jun,18,5,4037,,1,1,0.77,16.7,29.84,,0.0,0.0,24.0,,0.0,0.0,0.0,0.61,6.04,6.53,3.88
Jun,18,6,4038,,1,1,0.77,17.8,29.8,,0.0,0.0,24.0,,0.0,0.0,0.0,0.61,6.04,6.53,3.88
Jun,18,7,4039,,1,1,1.0,17.8,29.11,,9.18,0.0,23.85,,2.57,0.0,14.7,0.8,7.88,6.53,5.07
Jun,18,8,4040,,1,1,1.0,20.0,29.44,,0.0,22.58,24.0,,0.0,4.4,14.7,0.8,7.88,6.53,5.07
Jun,18,9,4041,,1,1,1.0,22.8,29.8,,0.0,56.16,24.0,,0.0,11.76,14.7,0.8,7.88,6.53,5.07
Jun,18,10,4042,,1,1,1.0,24.4,30.13,,0.0,83.17,24.0,,0.0,18.18,14.7,0.8,7.88,6.53,5.07
Jun,18,11,4043,,1,1,1.0,28.3,30.71,,0.0,125.66,24.0,,0.0,30.28,14.7,0.8,7.88,6.53,5.07
Jun,18,12,4044,,1,1,1.0,31.1,31.23,,0.0,158.91,24.0,,0.0,41.1,14.7,0.8,7.88,6.53,5.07
Jun,18,13,4045,,1,1,1.0,27.8,31.06,,0.0,137.75,24.0,,0.0,32.77,14.7,0.8,7.88,6.53,5.07
Jun,18,14,4046,,1,1,1.0,21.1,30.31,,0.0,76.56,24.0,,0.0,15.34,14.7,0.8,7.88,6.53,5.07
Jun,18,15,4047,,1,1,1.0,22.8,30.52,,0.0,92.67,24.0,,0.0,19.4,14.7,0.8,7.88,6.53,5.07
Jun,18,16,4048,,1,1,1.0,23.3,30.58,,0.0,96.36,24.0,,0.0,20.44,14.7,0.8,7.88,6.53,5.07
Jun,18,17,4049,,1,1,1.0,21.7,30.37,,0.0,79.81,24.0,,0.0,16.24,14.7,0.8,7.88,6.53,5.07
Jun,18,18,4050,,1,1,1.0,22.8,30.46,,0.0,86.75,24.0,,0.0,18.16,14.7,0.8,7.88,6.53,5.07
Jun,18,19,4051,,1,1,1.0,21.7,30.28,,0.0,73.25,24.0,,0.0,14.9,14.7,0.8,7.88,6.53,5.07
Jun,18,20,4052,,1,1,1.0,21.1,30.13,,0.0,64.23,24.0,,0.0,12.87,14.7,0.8,7.88,6.53,5.07
Jun,18,21,4053,,1,1,1.0,21.1,30.06,,0.0,61.11,24.0,,0.0,12.24,14.7,0.8,7.88,6.53,5.07
Jun,18,22,4054,,1,1,0.77,19.4,30.1,,0.0,0.0,24.0,,0.0,0.0,0.0,0.61,6.04,6.53,3.88
Jun,18,23,4055,,1,1,0.77,19.4,30.01,,0.0,0.0,24.0,,0.0,0.0,0.0,0.61,6.04,6.53,3.88
Jun,18,24,4056,,1,1,0.77,19.4,29.92,,0.0,0.0,24.0,,0.0,0.0,0.0,0.61,6.04,6.53,3.88
Jun,19,1,4057,,1,1,0.77,18.3,29.74,,0.0,0.0,24.0,,0.0,0.0,0.0,0.61,6.04,6.53,3.88
Jun,19,2,4058,,1,1,0.77,19.4,29.73,,0.0,0.0,24.0,,0.0,0.0,0.0,0.61,6.04,6.53,3.88
Jun,19,3,4059,,1,1,0.77,18.3,29.56,,0.0,0.0,24.0,,0.0,0.0,0.0,0.61,6.04,6.53,3.88
Jun,19,4,4060,,1,1,0.77,17.8,29.41,,0.0,0.0,24.0,,0.0,0.0,0.0,0.61,6.04,6.53,3.88
Jun,19,5,4061,,1,1,0.77,17.2,29.26,,0.0,0.0,24.0,,0.0,0.0,0.0,0.61,6.04,6.53,3.88
Jun,19,6,4062,,1,1,0.77,18.3,29.27,,0.0,0.0,24.0,,0.0,0.0,0.0,0.61,6.04,6.53,3.88
Jun,19,7,4063,,1,1,1.0,21.1,29.04,,0.0,22.59,24.0,,0.0,4.53,14.7,0.8,7.88,6.53,5.07
Jun,19,8,4064,,1,1,1.0,23.9,29.57,,0.0,67.97,24.0,,0.0,14.65,14.7,0.8,7.88,6.53,5.07
Jun,19,9,4065,,1,1,1.0,25.0,29.81,,0.0,86.28,24.0,,0.0,19.17,14.7,0.8,7.88,6.53,5.07
Jun,19,10,4066,,1,1,1.0,26.7,30.16,,0.0,110.84,24.0,,0.0,25.66,14.7,0.8,7.88,6.53,5.07
Jun,19,11,4067,,1,1,1.0,29.4,30.68,,0.0,145.19,24.0,,0.0,36.0,14.7,0.8,7.88,6.53,5.07
Jun,19,12,4068,,1,1,1.0,30.6,31.02,,0.0,162.36,24.0,,0.0,41.49,14.7,0.8,7.88,6.53,5.07
Jun,19,13,4069,,1,1,1.0,31.7,31.41,,0.0,181.18,24.0,,0.0,47.55,14.7,0.8,7.88,6.53,5.07
Jun,19,14,4070,,1,1,1.0,31.7,31.66,,0.0,188.27,24.0,,0.0,49.41,14.7,0.8,7.88,6.53,5.07
Jun,19,15,4071,,1,1,1.0,30.6,31.74,,0.0,182.76,24.0,,0.0,46.7,14.7,0.8,7.88,6.53,5.07
Jun,19,16,4072,,1,1,1.0,29.4,31.76,,0.0,173.26,24.0,,0.0,42.95,14.7,0.8,7.88,6.53,5.07
Jun,19,17,4073,,1,1,1.0,29.4,31.88,,0.0,172.71,24.0,,0.0,42.82,14.7,0.8,7.88,6.53,5.07
Jun,19,18,4074,,1,1,1.0,23.3,31.2,,0.0,113.16,24.0,,0.0,24.0,14.7,0.8,7.88,6.53,5.07
Jun,19,19,4075,,1,1,1.0,21.7,30.94,,0.0,92.15,24.0,,0.0,18.75,14.7,0.8,7.88,6.53,5.07
Jun,19,20,4076,,1,1,1.0,21.1,30.79,,0.0,80.59,24.0,,0.0,16.15,14.7,0.8,7.88,6.53,5.07
Jun,19,21,4077,,1,1,1.0,20.0,30.56,,0.0,64.9,24.0,,0.0,12.65,14.7,0.8,7.88,6.53,5.07
Jun,19,22,4078,,1,1,0.77,18.9,30.69,,0.0,0.0,24.0,,0.0,0.0,0.0,0.61,6.04,6.53,3.88
Jun,19,23,4079,,1,1,0.77,18.3,30.53,,0.0,0.0,24.0,,0.0,0.0,0.0,0.61,6.04,6.53,3.88
Jun,19,24,4080,,1,1,0.77,18.9,30.46,,0.0,0.0,24.0,,0.0,0.0,0.0,0.61,6.04,6.53,3.88
Jun,20,1,4081,,1,1,0.77,17.2,30.21,,0.0,0.0,24.0,,0.0,0.0,0.0,0.61,6.04,6.53,3.88
Jun,20,2,4082,,1,1,0.77,16.7,30.04,,0.0,0.0,24.0,,0.0,0.0,0.0,0.61,6.04,6.53,3.88
Jun,20,3,4083,,1,1,0.77,16.1,29.85,,0.0,0.0,24.0,,0.0,0.0,0.0,0.61,6.04,6.53,3.88
Jun,20,4,4084,,1,1,0.77,15.0,29.61,,0.0,0.0,24.0,,0.0,0.0,0.0,0.61,6.04,6.53,3.88
Jun,20,5,4085,,1,1,0.77,15.0,29.44,,0.0,0.0,23.95,,0.0,0.0,0.0,0.61,6.04,6.53,3.88
Jun,20,6,4086,,1,1,0.77,18.3,29.58,,0.0,0.0,24.0,,0.0,0.0,0.0,0.61,6.04,6.53,3.88
Jun,20,7,4087,,1,1,1.0,22.2,29.46,,0.0,29.76,24.0,,0.0,6.13,14.7,0.8,7.88,6.53,5.07
Jun,20,8,4088,,1,1,1.0,24.4,29.93,,0.0,70.37,24.0,,0.0,15.38,14.7,0.8,7.88,6.53,5.07
Jun,20,9,4089,,1,1,1.0,25.6,30.2,,0.0,90.84,24.0,,0.0,20.48,14.7,0.8,7.88,6.53,5.07
Jun,20,10,4090,,1,1,1.0,27.2,30.52,,0.0,113.79,24.0,,0.0,26.67,14.7,0.8,7.88,6.53,5.07
Jun,20,11,4091,,1,1,1.0,27.8,30.79,,0.0,129.73,24.0,,0.0,30.86,14.7,0.8,7.88,6.53,5.07
Jun,20,12,4092,,1,1,1.0,28.3,31.02,,0.0,140.84,24.0,,0.0,33.94,14.7,0.8,7.88,6.53,5.07
Jun,20,13,4093,,1,1,1.0,28.9,31.27,,0.0,152.92,24.0,,0.0,37.42,14.7,0.8,7.88,6.53,5.07
Jun,20,14,4094,,1,1,1.0,28.3,31.38,,0.0,153.8,24.0,,0.0,37.06,14.7,0.8,7.88,6.53,5.07
Jun,20,15,4095,,1,1,1.0,27.8,31.5,,0.0,154.82,24.0,,0.0,36.83,14.7,0.8,7.88,6.53,5.07
Jun,20,16,4096,,1,1,1.0,20.6,30.64,,0.0,84.18,24.0,,0.0,16.65,14.7,0.8,7.88,6.53,5.07
Jun,20,17,4097,,1,1,1.0,17.8,30.21,,0.0,52.67,24.0,,0.0,9.65,14.7,0.8,7.88,6.53,5.07
Jun,20,18,4098,,1,1,1.0,18.3,30.12,,0.0,50.36,24.0,,0.0,9.36,14.7,0.8,7.88,6.53,5.07
Jun,20,19,4099,,1,1,1.0,18.3,29.98,,0.0,44.08,24.0,,0.0,8.19,14.7,0.8,7.88,6.53,5.07
Jun,20,20,4100,,1,1,1.0,17.8,29.77,,0.0,33.88,24.0,,0.0,6.21,14.7,0.8,7.88,6.53,5.07
Jun,20,21,4101,,1,1,1.0,17.8,29.63,,0.0,28.96,24.0,,0.0,5.31,14.7,0.8,7.88,6.53,5.07
Jun,20,22,4102,,1,1,0.77,17.8,29.89,,0.0,0.0,24.0,,0.0,0.0,0.0,0.61,6.04,6.53,3.88
Jun,20,23,4103,,1,1,0.77,17.8,29.77,,0.0,0.0,24.0,,0.0,0.0,0.0,0.61,6.04,6.53,3.88
Jun,20,24,4104,,1,1,0.77,17.2,29.61,,0.0,0.0,24.0,,0.0,0.0,0.0,0.61,6.04,6.53,3.88
Jun,21,1,4105,,1,1,0.77,17.2,29.48,,0.0,0.0,24.0,,0.0,0.0,0.0,0.61,6.04,6.53,3.88
Jun,21,2,4106,,1,1,0.77,16.7,29.32,,0.0,0.0,24.0,,0.0,0.0,0.0,0.61,6.04,6.53,3.88
Jun,21,3,4107,,1,1,0.77,16.7,29.2,,0.0,0.0,24.0,,0.0,0.0,0.0,0.61,6.04,6.53,3.88
Jun,21,4,4108,,1,1,0.77,15.6,28.98,,0.0,0.0,23.96,,0.0,0.0,0.0,0.61,6.04,6.53,3.88
Jun,21,5,4109,,1,1,0.77,16.1,28.88,,0.0,0.0,23.95,,0.0,0.0,0.0,0.61,6.04,6.53,3.88
Jun,21,6,4110,,1,1,0.77,17.2,28.86,,0.0,0.0,24.0,,0.0,0.0,0.0,0.61,6.04,6.53,3.88
Jun,21,7,4111,,1,1,1.0,18.3,28.34,,10.28,0.0,23.83,,2.88,0.0,14.7,0.8,7.88,6.53,5.07
Jun,21,8,4112,,1,1,1.0,20.6,28.76,,0.0,26.08,24.0,,0.0,5.16,14.7,0.8,7.88,6.53,5.07
Jun,21,9,4113,,1,1,1.0,22.2,29.0,,0.0,48.92,24.0,,0.0,10.08,14.7,0.8,7.88,6.53,5.07
Jun,21,10,4114,,1,1,1.0,24.4,29.37,,0.0,78.4,24.0,,0.0,17.13,14.7,0.8,7.88,6.53,5.07
Jun,21,11,4115,,1,1,1.0,26.1,29.7,,0.0,102.07,24.0,,0.0,23.29,14.7,0.8,7.88,6.53,5.07
Jun,21,12,4116,,1,1,1.0,27.2,30.02,,0.0,121.43,24.0,,0.0,28.46,14.7,0.8,7.88,6.53,5.07
Jun,21,13,4117,,1,1,1.0,26.7,30.18,,0.0,127.83,24.0,,0.0,29.59,14.7,0.8,7.88,6.53,5.07
Jun,21,14,4118,,1,1,1.0,26.7,30.3,,0.0,130.72,24.0,,0.0,30.26,14.7,0.8,7.88,6.53,5.07
Jun,21,15,4119,,1,1,1.0,26.1,30.37,,0.0,128.89,24.0,,0.0,29.4,14.7,0.8,7.88,6.53,5.07
Jun,21,16,4120,,1,1,1.0,23.9,30.21,,0.0,111.24,24.0,,0.0,23.98,14.7,0.8,7.88,6.53,5.07
Jun,21,17,4121,,1,1,1.0,24.4,30.3,,0.0,114.2,24.0,,0.0,24.96,14.7,0.8,7.88,6.53,5.07
Jun,21,18,4122,,1,1,1.0,23.9,30.25,,0.0,106.33,24.0,,0.0,22.92,14.7,0.8,7.88,6.53,5.07
Jun,21,19,4123,,1,1,1.0,19.4,29.67,,0.0,60.1,24.0,,0.0,11.52,14.7,0.8,7.88,6.53,5.07
Jun,21,20,4124,,1,1,1.0,18.3,29.42,,0.0,44.01,24.0,,0.0,8.18,14.7,0.8,7.88,6.53,5.07
Jun,21,21,4125,,1,1,1.0,17.8,29.23,,0.0,33.9,24.0,,0.0,6.21,14.7,0.8,7.88,6.53,5.07
Jun,21,22,4126,,1,1,0.77,17.8,29.48,,0.0,0.0,24.0,,0.0,0.0,0.0,0.61,6.04,6.53,3.88
Jun,21,23,4127,,1,1,0.77,17.2,29.32,,0.0,0.0,24.0,,0.0,0.0,0.0,0.61,6.04,6.53,3.88
Jun,21,24,4128,,1,1,0.77,17.2,29.2,,0.0,0.0,24.0,,0.0,0.0,0.0,0.61,6.04,6.53,3.88
Jun,22,1,4129,,1,1,0.77,17.8,29.14,,0.0,0.0,24.0,,0.0,0.0,0.0,0.61,6.04,6.53,3.88
Jun,22,2,4130,,1,1,0.77,17.8,29.03,,0.0,0.0,24.0,,0.0,0.0,0.0,0.61,6.04,6.53,3.88
Jun,22,3,4131,,1,1,0.77,17.8,28.93,,0.0,0.0,24.0,,0.0,0.0,0.0,0.61,6.04,6.53,3.88
Jun,22,4,4132,,1,1,0.77,17.2,28.78,,0.0,0.0,24.0,,0.0,0.0,0.0,0.61,6.04,6.53,3.88
Jun,22,5,4133,,1,1,0.77,17.2,28.68,,0.0,0.0,24.0,,0.0,0.0,0.0,0.61,6.04,6.53,3.88
Jun,22,6,4134,,1,1,0.77,17.8,28.64,,0.0,0.0,24.0,,0.0,0.0,0.0,0.61,6.04,6.53,3.88
Jun,22,7,4135,,1,1,1.0,21.7,28.55,,0.0,24.34,24.0,,0.0,4.95,14.7,0.8,7.88,6.53,5.07
Jun,22,8,4136,,1,1,1.0,25.0,29.16,,0.0,74.4,24.0,,0.0,16.53,14.7,0.8,7.88,6.53,5.07
Jun,22,9,4137,,1,1,1.0,25.6,29.35,,0.0,87.48,24.0,,0.0,19.72,14.7,0.8,7.88,6.53,5.07
Jun,22,10,4138,,1,1,1.0,23.3,29.15,,0.0,70.48,24.0,,0.0,14.95,14.7,0.8,7.88,6.53,5.07
Jun,22,11,4139,,1,1,1.0,18.9,28.63,,0.0,32.22,24.0,,0.0,6.09,14.7,0.8,7.88,6.53,5.07
Jun,22,12,4140,,1,1,1.0,21.1,28.87,,0.0,53.16,24.0,,0.0,10.65,14.7,0.8,7.88,6.53,5.07
Jun,22,13,4141,,1,1,1.0,21.1,28.87,,0.0,55.1,24.0,,0.0,11.04,14.7,0.8,7.88,6.53,5.07
Jun,22,14,4142,,1,1,1.0,23.3,29.21,,0.0,81.08,24.0,,0.0,17.2,14.7,0.8,7.88,6.53,5.07
Jun,22,15,4143,,1,1,1.0,25.6,29.64,,0.0,111.24,24.0,,0.0,25.07,14.7,0.8,7.88,6.53,5.07
Jun,22,16,4144,,1,1,1.0,23.9,29.52,,0.0,97.77,24.0,,0.0,21.08,14.7,0.8,7.88,6.53,5.07
Jun,22,17,4145,,1,1,1.0,23.9,29.59,,0.0,98.93,24.0,,0.0,21.33,14.7,0.8,7.88,6.53,5.07
Jun,22,18,4146,,1,1,1.0,20.0,29.1,,0.0,60.2,24.0,,0.0,11.73,14.7,0.8,7.88,6.53,5.07
Jun,22,19,4147,,1,1,1.0,20.0,29.03,,0.0,56.1,24.0,,0.0,10.94,14.7,0.8,7.88,6.53,5.07
Jun,22,20,4148,,1,1,1.0,17.2,28.6,,0.0,25.47,24.0,,0.0,4.59,14.7,0.8,7.88,6.53,5.07
Jun,22,21,4149,,1,1,1.0,17.2,28.47,,0.0,20.6,24.0,,0.0,3.72,14.7,0.8,7.88,6.53,5.07
Jun,22,22,4150,,1,1,0.77,16.7,28.67,,0.0,0.0,24.0,,0.0,0.0,0.0,0.61,6.04,6.53,3.88
Jun,22,23,4151,,1,1,0.77,17.8,28.65,,0.0,0.0,24.0,,0.0,0.0,0.0,0.61,6.04,6.53,3.88
Jun,22,24,4152,,1,1,0.77,17.2,28.5,,0.0,0.0,24.0,,0.0,0.0,0.0,0.61,6.04,6.53,3.88
Jun,23,1,4153,,1,1,0.77,16.1,28.31,,0.0,0.0,24.0,,0.0,0.0,0.0,0.61,6.04,6.53,3.88
Jun,23,2,4154,,1,1,0.77,14.4,28.05,,0.0,0.0,23.91,,0.0,0.0,0.0,0.61,6.04,6.53,3.88
Jun,23,3,4155,,1,1,0.77,13.9,27.86,,0.0,0.0,23.8,,0.0,0.0,0.0,0.61,6.04,6.53,3.88
Jun,23,4,4156,,1,1,0.77,12.8,27.62,,0.0,0.0,23.64,,0.0,0.0,0.0,0.61,6.04,6.53,3.88
Jun,23,5,4157,,1,1,0.77,12.2,27.4,,0.0,0.0,23.49,,0.0,0.0,0.0,0.61,6.04,6.53,3.88
Jun,23,6,4158,,1,1,0.77,15.6,27.55,,0.0,0.0,23.71,,0.0,0.0,0.0,0.61,6.04,6.53,3.88
Jun,23,7,4159,,1,1,1.0,17.8,27.19,,23.62,0.0,23.61,,6.62,0.0,14.7,0.8,7.88,6.53,5.07
Jun,23,8,4160,,1,1,1.0,18.9,27.47,,1.19,0.0,23.98,,0.33,0.0,14.7,0.8,7.88,6.53,5.07
Jun,23,9,4161,,1,1,1.0,20.6,27.71,,0.0,22.67,24.0,,0.0,4.49,14.7,0.8,7.88,6.53,5.07
Jun,23,10,4162,,1,1,1.0,22.8,28.07,,0.0,52.07,24.0,,0.0,10.9,14.7,0.8,7.88,6.53,5.07
Jun,23,11,4163,,1,1,1.0,25.0,28.51,,0.0,85.14,24.0,,0.0,18.92,14.7,0.8,7.88,6.53,5.07
Jun,23,12,4164,,1,1,1.0,26.7,28.88,,0.0,108.4,24.0,,0.0,25.09,14.7,0.8,7.88,6.53,5.07
Jun,23,13,4165,,1,1,1.0,28.3,29.32,,0.0,134.98,24.0,,0.0,32.52,14.7,0.8,7.88,6.53,5.07
Jun,23,14,4166,,1,1,1.0,28.9,29.62,,0.0,148.26,24.0,,0.0,36.28,14.7,0.8,7.88,6.53,5.07
Jun,23,15,4167,,1,1,1.0,32.2,30.24,,0.0,184.06,24.0,,0.0,48.91,14.7,0.8,7.88,6.53,5.07
Jun,23,16,4168,,1,1,1.0,31.1,30.35,,0.0,178.18,24.0,,0.0,46.08,14.7,0.8,7.88,6.53,5.07
Jun,23,17,4169,,1,1,1.0,28.9,30.31,,0.0,162.47,24.0,,0.0,39.76,14.7,0.8,7.88,6.53,5.07
Jun,23,18,4170,,1,1,1.0,27.2,30.23,,0.0,146.1,24.0,,0.0,34.24,14.7,0.8,7.88,6.53,5.07
Jun,23,19,4171,,1,1,1.0,26.1,30.18,,0.0,134.11,24.0,,0.0,30.59,14.7,0.8,7.88,6.53,5.07
Jun,23,20,4172,,1,1,1.0,23.9,29.94,,0.0,109.07,24.0,,0.0,23.51,14.7,0.8,7.88,6.53,5.07
Jun,23,21,4173,,1,1,1.0,23.3,29.86,,0.0,99.26,24.0,,0.0,21.06,14.7,0.8,7.88,6.53,5.07
Jun,23,22,4174,,1,1,0.77,20.0,29.71,,0.0,0.0,24.0,,0.0,0.0,0.0,0.61,6.04,6.53,3.88
Jun,23,23,4175,,1,1,0.77,17.8,29.46,,0.0,0.0,24.0,,0.0,0.0,0.0,0.61,6.04,6.53,3.88
Jun,23,24,4176,,1,1,0.77,17.8,29.35,,0.0,0.0,24.0,,0.0,0.0,0.0,0.61,6.04,6.53,3.88
Jun,24,1,4177,,1,1,0.77,16.7,29.15,,0.0,0.0,24.0,,0.0,0.0,0.0,0.61,6.04,6.53,3.88
Jun,24,2,4178,,1,1,0.77,15.6,28.93,,0.0,0.0,24.0,,0.0,0.0,0.0,0.61,6.04,6.53,3.88
Jun,24,3,4179,,1,1,0.77,13.9,28.65,,0.0,0.0,23.99,,0.0,0.0,0.0,0.61,6.04,6.53,3.88
Jun,24,4,4180,,1,1,0.77,13.9,28.49,,0.0,0.0,23.91,,0.0,0.0,0.0,0.61,6.04,6.53,3.88
Jun,24,5,4181,,1,1,0.77,14.4,28.37,,0.0,0.0,23.88,,0.0,0.0,0.0,0.61,6.04,6.53,3.88
Jun,24,6,4182,,1,1,0.77,16.7,28.44,,0.0,0.0,24.0,,0.0,0.0,0.0,0.61,6.04,6.53,3.88
Jun,24,7,4183,,1,1,1.0,19.4,28.14,,0.0,2.32,24.0,,0.0,0.44,14.7,0.8,7.88,6.53,5.07
Jun,24,8,4184,,1,1,1.0,22.8,28.72,,0.0,51.72,24.0,,0.0,10.83,14.7,0.8,7.88,6.53,5.07
Jun,24,9,4185,,1,1,1.0,26.7,29.3,,0.0,96.13,24.0,,0.0,22.25,14.7,0.8,7.88,6.53,5.07
Jun,24,10,4186,,1,1,1.0,29.4,29.86,,0.0,133.18,24.0,,0.0,33.02,14.7,0.8,7.88,6.53,5.07
Jun,24,11,4187,,1,1,1.0,31.1,30.31,,0.0,158.92,24.0,,0.0,41.1,14.7,0.8,7.88,6.53,5.07
Jun,24,12,4188,,1,1,1.0,31.7,30.65,,0.0,173.54,24.0,,0.0,45.55,14.7,0.8,7.88,6.53,5.07
Jun,24,13,4189,,1,1,1.0,32.2,30.98,,0.0,186.5,24.0,,0.0,49.56,14.7,0.8,7.88,6.53,5.07
Jun,24,14,4190,,1,1,1.0,32.8,31.34,,0.0,200.01,24.0,,0.0,51.26,14.7,0.8,7.88,6.53,5.07
Jun,24,15,4191,,1,1,1.0,33.3,31.69,,0.0,212.19,24.0,,0.0,51.92,14.7,0.8,7.88,6.53,5.07
Jun,24,16,4192,,1,1,1.0,33.3,31.92,,0.0,213.82,24.0,,0.0,51.92,14.7,0.8,7.88,6.53,5.07
Jun,24,17,4193,,1,1,1.0,32.2,32.01,,0.0,205.72,24.0,,0.0,50.49,14.7,0.8,7.88,6.53,5.07
Jun,24,18,4194,,1,1,1.0,31.1,32.05,,0.0,194.96,24.0,,0.0,49.14,14.7,0.8,7.88,6.53,5.07
Jun,24,19,4195,,1,1,1.0,30.0,32.05,,0.0,183.56,24.0,,0.0,46.24,14.7,0.8,7.88,6.53,5.07
Jun,24,20,4196,,1,1,1.0,26.7,31.72,,0.0,148.45,24.0,,0.0,34.37,14.7,0.8,7.88,6.53,5.07
Jun,24,21,4197,,1,1,1.0,25.0,31.52,,0.0,127.98,24.0,,0.0,28.44,14.7,0.8,7.88,6.53,5.07
Jun,24,22,4198,,1,1,0.77,24.4,31.59,,0.0,0.0,24.0,,0.0,0.0,0.0,0.61,6.04,6.53,3.88
Jun,24,23,4199,,1,1,0.77,22.8,31.44,,0.0,0.0,24.0,,0.0,0.0,0.0,0.61,6.04,6.53,3.88
Jun,24,24,4200,,1,1,0.77,20.0,31.15,,0.0,0.0,24.0,,0.0,0.0,0.0,0.61,6.04,6.53,3.88
Jun,25,1,4201,,1,1,0.77,20.0,31.05,,0.0,0.0,24.0,,0.0,0.0,0.0,0.61,6.04,6.53,3.88
Jun,25,2,4202,,1,1,0.77,20.0,30.95,,0.0,0.0,24.0,,0.0,0.0,0.0,0.61,6.04,6.53,3.88
Jun,25,3,4203,,1,1,0.77,18.9,30.77,,0.0,0.0,24.0,,0.0,0.0,0.0,0.61,6.04,6.53,3.88
Jun,25,4,4204,,1,1,0.77,18.3,30.6,,0.0,0.0,24.0,,0.0,0.0,0.0,0.61,6.04,6.53,3.88
Jun,25,5,4205,,1,1,0.77,17.2,30.39,,0.0,0.0,24.0,,0.0,0.0,0.0,0.61,6.04,6.53,3.88
Jun,25,6,4206,,1,1,0.77,21.1,30.61,,0.0,0.0,24.0,,0.0,0.0,0.0,0.61,6.04,6.53,3.88
Jun,25,7,4207,,1,1,1.0,25.0,30.61,,0.0,69.77,24.0,,0.0,15.5,14.7,0.8,7.88,6.53,5.07
Jun,25,8,4208,,1,1,1.0,28.9,31.33,,0.0,125.21,24.0,,0.0,30.64,14.7,0.8,7.88,6.53,5.07
Jun,25,9,4209,,1,1,1.0,30.6,31.73,,0.0,150.97,24.0,,0.0,38.58,14.7,0.8,7.88,6.53,5.07
Jun,25,10,4210,,1,1,1.0,31.7,32.05,,0.0,167.83,24.0,,0.0,44.05,14.7,0.8,7.88,6.53,5.07
Jun,25,11,4211,,1,1,1.0,32.8,32.43,,0.0,187.19,24.0,,0.0,50.5,14.7,0.8,7.88,6.53,5.07
Jun,25,12,4212,,1,1,1.0,33.3,32.74,,0.0,200.07,24.0,,0.0,51.92,14.7,0.8,7.88,6.53,5.07
Jun,25,13,4213,,1,1,1.0,32.8,32.92,,0.0,202.13,24.0,,0.0,51.26,14.7,0.8,7.88,6.53,5.07
Jun,25,14,4214,,1,1,1.0,33.9,33.29,,0.0,217.85,24.0,,0.0,52.73,14.7,0.8,7.88,6.53,5.07
Jun,25,15,4215,,1,1,1.0,34.4,33.6,,0.0,227.93,24.0,,0.0,53.42,14.7,0.8,7.88,6.53,5.07
Jun,25,16,4216,,1,1,1.0,35.0,33.89,,0.0,235.49,24.0,,0.0,54.29,14.7,0.8,7.88,6.53,5.07
Jun,25,17,4217,,1,1,1.0,33.3,33.9,,0.0,221.82,24.0,,0.0,51.92,14.7,0.8,7.88,6.53,5.07
Jun,25,18,4218,,1,1,1.0,32.2,33.93,,0.0,211.44,24.0,,0.0,50.49,14.7,0.8,7.88,6.53,5.07
Jun,25,19,4219,,1,1,1.0,30.0,33.77,,0.0,189.3,24.0,,0.0,47.68,14.7,0.8,7.88,6.53,5.07
Jun,25,20,4220,,1,1,1.0,27.2,33.46,,0.0,158.12,24.0,,0.0,37.06,14.7,0.8,7.88,6.53,5.07
Jun,25,21,4221,,1,1,1.0,24.4,33.09,,0.0,126.88,24.0,,0.0,27.73,14.7,0.8,7.88,6.53,5.07
Jun,25,22,4222,,1,1,0.77,22.2,33.09,,0.0,0.0,24.0,,0.0,0.0,0.0,0.61,6.04,6.53,3.88
Jun,25,23,4223,,1,1,0.77,22.2,32.99,,0.0,0.0,24.0,,0.0,0.0,0.0,0.61,6.04,6.53,3.88
Jun,25,24,4224,,1,1,0.77,18.3,32.58,,0.0,0.0,24.0,,0.0,0.0,0.0,0.61,6.04,6.53,3.88
Jun,26,1,4225,,1,1,0.77,18.3,32.42,,0.0,0.0,24.0,,0.0,0.0,0.0,0.61,6.04,6.53,3.88
Jun,26,2,4226,,1,1,0.77,17.2,32.17,,0.0,0.0,24.0,,0.0,0.0,0.0,0.61,6.04,6.53,3.88
Jun,26,3,4227,,1,1,0.77,16.7,31.96,,0.0,0.0,24.0,,0.0,0.0,0.0,0.61,6.04,6.53,3.88
Jun,26,4,4228,,1,1,0.77,15.0,31.64,,0.0,0.0,24.0,,0.0,0.0,0.0,0.61,6.04,6.53,3.88
Jun,26,5,4229,,1,1,0.77,13.9,31.35,,0.0,0.0,23.99,,0.0,0.0,0.0,0.61,6.04,6.53,3.88
Jun,26,6,4230,,1,1,0.77,18.9,31.58,,0.0,0.0,24.0,,0.0,0.0,0.0,0.61,6.04,6.53,3.88
Jun,26,7,4231,,1,1,1.0,21.1,31.16,,0.0,28.07,24.0,,0.0,5.62,14.7,0.8,7.88,6.53,5.07
Jun,26,8,4232,,1,1,1.0,24.4,31.71,,0.0,77.88,24.0,,0.0,17.02,14.7,0.8,7.88,6.53,5.07
Jun,26,9,4233,,1,1,1.0,26.1,32.02,,0.0,103.64,24.0,,0.0,23.64,14.7,0.8,7.88,6.53,5.07
Jun,26,10,4234,,1,1,1.0,29.4,32.55,,0.0,142.81,24.0,,0.0,35.41,14.7,0.8,7.88,6.53,5.07
Jun,26,11,4235,,1,1,1.0,34.4,33.36,,0.0,198.79,24.0,,0.0,53.42,14.7,0.8,7.88,6.53,5.07
Jun,26,12,4236,,1,1,1.0,36.1,33.85,,0.0,224.53,24.0,,0.0,55.76,14.7,0.8,7.88,6.53,5.07
Jun,26,13,4237,,1,1,1.0,37.2,34.31,,0.0,245.2,24.0,,0.0,57.31,14.7,0.8,7.88,6.53,5.07
Jun,26,14,4238,,1,1,1.0,38.3,34.78,,0.0,265.07,24.0,,0.0,58.95,14.7,0.8,7.88,6.53,5.07
Jun,26,15,4239,,1,1,1.0,38.9,35.19,,0.0,278.72,24.0,,0.0,59.89,14.7,0.8,7.88,6.53,5.07
Jun,26,16,4240,,1,1,1.0,40.0,35.63,,0.0,293.32,24.0,,0.0,61.69,14.7,0.8,7.88,6.53,5.07
Jun,26,17,4241,,1,1,1.0,39.4,35.85,,0.0,290.81,24.0,,0.0,60.7,14.7,0.8,7.88,6.53,5.07
Jun,26,18,4242,,1,1,1.0,38.3,35.98,,0.0,282.36,24.0,,0.0,58.95,14.7,0.8,7.88,6.53,5.07
Jun,26,19,4243,,1,1,1.0,36.1,35.92,,0.0,261.25,24.0,,0.0,55.76,14.7,0.8,7.88,6.53,5.07
Jun,26,20,4244,,1,1,1.0,32.2,35.56,,0.0,220.97,24.0,,0.0,50.49,14.7,0.8,7.88,6.53,5.07
Jun,26,21,4245,,1,1,1.0,28.9,35.21,,0.0,185.48,24.0,,0.0,45.39,14.7,0.8,7.88,6.53,5.07
Jun,26,22,4246,,1,1,0.77,26.1,35.09,,0.0,0.0,24.0,,0.0,0.0,0.0,0.61,6.04,6.53,3.88
Jun,26,23,4247,,1,1,0.77,25.6,34.99,,0.0,0.0,24.0,,0.0,0.0,0.0,0.61,6.04,6.53,3.88
Jun,26,24,4248,,1,1,0.77,25.0,34.87,,0.0,0.0,24.0,,0.0,0.0,0.0,0.61,6.04,6.53,3.88
Jun,27,1,4249,,1,1,0.77,22.8,34.61,,0.0,0.0,24.0,,0.0,0.0,0.0,0.61,6.04,6.53,3.88
Jun,27,2,4250,,1,1,0.77,20.0,34.27,,0.0,0.0,24.0,,0.0,0.0,0.0,0.61,6.04,6.53,3.88
Jun,27,3,4251,,1,1,0.77,19.4,34.06,,0.0,0.0,24.0,,0.0,0.0,0.0,0.61,6.04,6.53,3.88
Jun,27,4,4252,,1,1,0.77,17.8,33.77,,0.0,0.0,24.0,,0.0,0.0,0.0,0.61,6.04,6.53,3.88
Jun,27,5,4253,,1,1,0.77,15.6,33.39,,0.0,0.0,24.0,,0.0,0.0,0.0,0.61,6.04,6.53,3.88
Jun,27,6,4254,,1,1,0.77,20.0,33.56,,0.0,0.0,24.0,,0.0,0.0,0.0,0.61,6.04,6.53,3.88
Jun,27,7,4255,,1,1,1.0,22.8,33.15,,0.0,55.72,24.0,,0.0,11.66,14.7,0.8,7.88,6.53,5.07
Jun,27,8,4256,,1,1,1.0,25.0,33.53,,0.0,92.83,24.0,,0.0,20.63,14.7,0.8,7.88,6.53,5.07
Jun,27,9,4257,,1,1,1.0,25.6,33.64,,0.0,105.09,24.0,,0.0,23.69,14.7,0.8,7.88,6.53,5.07
Jun,27,10,4258,,1,1,1.0,26.7,33.82,,0.0,121.48,24.0,,0.0,28.12,14.7,0.8,7.88,6.53,5.07
Jun,27,11,4259,,1,1,1.0,28.9,34.18,,0.0,148.93,24.0,,0.0,36.44,14.7,0.8,7.88,6.53,5.07
Jun,27,12,4260,,1,1,1.0,30.6,34.5,,0.0,170.68,24.0,,0.0,43.61,14.7,0.8,7.88,6.53,5.07
Jun,27,13,4261,,1,1,1.0,32.8,34.96,,0.0,200.06,24.0,,0.0,51.26,14.7,0.8,7.88,6.53,5.07
Jun,27,14,4262,,1,1,1.0,33.9,35.29,,0.0,217.08,24.0,,0.0,52.73,14.7,0.8,7.88,6.53,5.07
Jun,27,15,4263,,1,1,1.0,33.9,35.5,,0.0,223.55,24.0,,0.0,52.73,14.7,0.8,7.88,6.53,5.07
Jun,27,16,4264,,1,1,1.0,33.9,35.66,,0.0,225.54,24.0,,0.0,52.73,14.7,0.8,7.88,6.53,5.07
Jun,27,17,4265,,1,1,1.0,34.4,35.89,,0.0,232.7,24.0,,0.0,53.42,14.7,0.8,7.88,6.53,5.07
Jun,27,18,4266,,1,1,1.0,33.9,35.97,,0.0,228.25,24.0,,0.0,52.73,14.7,0.8,7.88,6.53,5.07
Jun,27,19,4267,,1,1,1.0,31.7,35.79,,0.0,205.57,24.0,,0.0,49.87,14.7,0.8,7.88,6.53,5.07
Jun,27,20,4268,,1,1,1.0,28.9,35.47,,0.0,175.58,24.0,,0.0,42.96,14.7,0.8,7.88,6.53,5.07
Jun,27,21,4269,,1,1,1.0,26.7,35.18,,0.0,150.67,24.0,,0.0,34.88,14.7,0.8,7.88,6.53,5.07
Jun,27,22,4270,,1,1,0.77,24.4,35.16,,0.0,0.0,24.0,,0.0,0.0,0.0,0.61,6.04,6.53,3.88
Jun,27,23,4271,,1,1,0.77,22.8,34.93,,0.0,0.0,24.0,,0.0,0.0,0.0,0.61,6.04,6.53,3.88
Jun,27,24,4272,,1,1,0.77,19.4,34.53,,0.0,0.0,24.0,,0.0,0.0,0.0,0.61,6.04,6.53,3.88
Jun,28,1,4273,,1,1,0.77,20.0,34.41,,0.0,0.0,24.0,,0.0,0.0,0.0,0.61,6.04,6.53,3.88
Jun,28,2,4274,,1,1,0.77,19.4,34.2,,0.0,0.0,24.0,,0.0,0.0,0.0,0.61,6.04,6.53,3.88
Jun,28,3,4275,,1,1,0.77,17.8,33.9,,0.0,0.0,24.0,,0.0,0.0,0.0,0.61,6.04,6.53,3.88
Jun,28,4,4276,,1,1,0.77,16.1,33.57,,0.0,0.0,24.0,,0.0,0.0,0.0,0.61,6.04,6.53,3.88
Jun,28,5,4277,,1,1,0.77,13.9,33.17,,0.0,0.0,24.0,,0.0,0.0,0.0,0.61,6.04,6.53,3.88
Jun,28,6,4278,,1,1,0.77,17.2,33.23,,0.0,0.0,24.0,,0.0,0.0,0.0,0.61,6.04,6.53,3.88
Jun,28,7,4279,,1,1,1.0,20.0,32.66,,0.0,20.8,24.0,,0.0,4.05,14.7,0.8,7.88,6.53,5.07
Jun,28,8,4280,,1,1,1.0,21.7,32.92,,0.0,52.66,24.0,,0.0,10.71,14.7,0.8,7.88,6.53,5.07
Jun,28,9,4281,,1,1,1.0,23.3,33.09,,0.0,73.81,24.0,,0.0,15.66,14.7,0.8,7.88,6.53,5.07
Jun,28,10,4282,,1,1,1.0,25.0,33.36,,0.0,100.26,24.0,,0.0,22.28,14.7,0.8,7.88,6.53,5.07
Jun,28,11,4283,,1,1,1.0,27.2,33.71,,0.0,128.97,24.0,,0.0,30.23,14.7,0.8,7.88,6.53,5.07
Jun,28,12,4284,,1,1,1.0,30.0,34.13,,0.0,159.72,24.0,,0.0,40.23,14.7,0.8,7.88,6.53,5.07
Jun,28,13,4285,,1,1,1.0,31.7,34.53,,0.0,185.63,24.0,,0.0,48.72,14.7,0.8,7.88,6.53,5.07
Jun,28,14,4286,,1,1,1.0,33.3,34.88,,0.0,205.48,24.0,,0.0,51.92,14.7,0.8,7.88,6.53,5.07
Jun,28,15,4287,,1,1,1.0,34.4,35.22,,0.0,222.17,24.0,,0.0,53.42,14.7,0.8,7.88,6.53,5.07
Jun,28,16,4288,,1,1,1.0,33.3,35.24,,0.0,213.53,24.0,,0.0,51.92,14.7,0.8,7.88,6.53,5.07
Jun,28,17,4289,,1,1,1.0,31.7,35.19,,0.0,201.04,24.0,,0.0,49.87,14.7,0.8,7.88,6.53,5.07
Jun,28,18,4290,,1,1,1.0,30.6,35.13,,0.0,189.37,24.0,,0.0,48.39,14.7,0.8,7.88,6.53,5.07
Jun,28,19,4291,,1,1,1.0,30.0,35.1,,0.0,181.65,24.0,,0.0,45.76,14.7,0.8,7.88,6.53,5.07
Jun,28,20,4292,,1,1,1.0,26.7,34.69,,0.0,147.08,24.0,,0.0,34.05,14.7,0.8,7.88,6.53,5.07
Jun,28,21,4293,,1,1,1.0,25.0,34.43,,0.0,126.79,24.0,,0.0,28.18,14.7,0.8,7.88,6.53,5.07
Jun,28,22,4294,,1,1,0.77,22.8,34.44,,0.0,0.0,24.0,,0.0,0.0,0.0,0.61,6.04,6.53,3.88
Jun,28,23,4295,,1,1,0.77,20.6,34.15,,0.0,0.0,24.0,,0.0,0.0,0.0,0.61,6.04,6.53,3.88
Jun,28,24,4296,,1,1,0.77,20.6,34.01,,0.0,0.0,24.0,,0.0,0.0,0.0,0.61,6.04,6.53,3.88
Jun,29,1,4297,,1,1,0.77,20.6,33.87,,0.0,0.0,24.0,,0.0,0.0,0.0,0.61,6.04,6.53,3.88
Jun,29,2,4298,,1,1,0.77,20.6,33.73,,0.0,0.0,24.0,,0.0,0.0,0.0,0.61,6.04,6.53,3.88
Jun,29,3,4299,,1,1,0.77,18.3,33.4,,0.0,0.0,24.0,,0.0,0.0,0.0,0.61,6.04,6.53,3.88
Jun,29,4,4300,,1,1,0.77,17.2,33.14,,0.0,0.0,24.0,,0.0,0.0,0.0,0.61,6.04,6.53,3.88
Jun,29,5,4301,,1,1,0.77,17.2,32.95,,0.0,0.0,24.0,,0.0,0.0,0.0,0.61,6.04,6.53,3.88
Jun,29,6,4302,,1,1,0.77,20.6,33.07,,0.0,0.0,24.0,,0.0,0.0,0.0,0.61,6.04,6.53,3.88
Jun,29,7,4303,,1,1,1.0,23.3,32.73,,0.0,52.85,24.0,,0.0,11.21,14.7,0.8,7.88,6.53,5.07
Jun,29,8,4304,,1,1,1.0,26.7,33.28,,0.0,102.05,24.0,,0.0,23.62,14.7,0.8,7.88,6.53,5.07
Jun,29,9,4305,,1,1,1.0,28.9,33.65,,0.0,132.05,24.0,,0.0,32.31,14.7,0.8,7.88,6.53,5.07
Jun,29,10,4306,,1,1,1.0,30.6,33.9,,0.0,149.98,24.0,,0.0,38.32,14.7,0.8,7.88,6.53,5.07
Jun,29,11,4307,,1,1,1.0,32.8,34.37,,0.0,181.56,24.0,,0.0,48.98,14.7,0.8,7.88,6.53,5.07
Jun,29,12,4308,,1,1,1.0,32.8,34.63,,0.0,194.71,24.0,,0.0,51.26,14.7,0.8,7.88,6.53,5.07
Jun,29,13,4309,,1,1,1.0,33.9,34.96,,0.0,211.74,24.0,,0.0,52.73,14.7,0.8,7.88,6.53,5.07
Jun,29,14,4310,,1,1,1.0,33.9,35.17,,0.0,218.22,24.0,,0.0,52.73,14.7,0.8,7.88,6.53,5.07
Jun,29,15,4311,,1,1,1.0,33.9,35.4,,0.0,225.93,24.0,,0.0,52.73,14.7,0.8,7.88,6.53,5.07
Jun,29,16,4312,,1,1,1.0,31.7,35.26,,0.0,205.51,24.0,,0.0,49.87,14.7,0.8,7.88,6.53,5.07
Jun,29,17,4313,,1,1,1.0,27.2,34.76,,0.0,161.29,24.0,,0.0,37.8,14.7,0.8,7.88,6.53,5.07
Jun,29,18,4314,,1,1,1.0,26.7,34.72,,0.0,155.25,24.0,,0.0,35.94,14.7,0.8,7.88,6.53,5.07
Jun,29,19,4315,,1,1,1.0,25.0,34.44,,0.0,133.13,24.0,,0.0,29.58,14.7,0.8,7.88,6.53,5.07
Jun,29,20,4316,,1,1,1.0,23.9,34.21,,0.0,117.18,24.0,,0.0,25.26,14.7,0.8,7.88,6.53,5.07
Jun,29,21,4317,,1,1,1.0,22.8,33.97,,0.0,101.56,24.0,,0.0,21.26,14.7,0.8,7.88,6.53,5.07
Jun,29,22,4318,,1,1,0.77,22.8,34.21,,0.0,0.0,24.0,,0.0,0.0,0.0,0.61,6.04,6.53,3.88
Jun,29,23,4319,,1,1,0.77,23.3,34.15,,0.0,0.0,24.0,,0.0,0.0,0.0,0.61,6.04,6.53,3.88
Jun,29,24,4320,,1,1,0.77,20.6,33.83,,0.0,0.0,24.0,,0.0,0.0,0.0,0.61,6.04,6.53,3.88
Jun,30,1,4321,,1,1,0.77,18.9,33.55,,0.0,0.0,24.0,,0.0,0.0,0.0,0.61,6.04,6.53,3.88
Jun,30,2,4322,,1,1,0.77,18.9,33.39,,0.0,0.0,24.0,,0.0,0.0,0.0,0.61,6.04,6.53,3.88
Jun,30,3,4323,,1,1,0.77,17.8,33.13,,0.0,0.0,24.0,,0.0,0.0,0.0,0.61,6.04,6.53,3.88
Jun,30,4,4324,,1,1,0.77,17.8,32.96,,0.0,0.0,24.0,,0.0,0.0,0.0,0.61,6.04,6.53,3.88
Jun,30,5,4325,,1,1,0.77,18.9,32.87,,0.0,0.0,24.0,,0.0,0.0,0.0,0.61,6.04,6.53,3.88
Jun,30,6,4326,,1,1,0.77,21.1,32.94,,0.0,0.0,24.0,,0.0,0.0,0.0,0.61,6.04,6.53,3.88
Jun,30,7,4327,,1,1,1.0,24.4,32.72,,0.0,63.47,24.0,,0.0,13.87,14.7,0.8,7.88,6.53,5.07
Jun,30,8,4328,,1,1,1.0,27.8,33.3,,0.0,112.96,24.0,,0.0,26.87,14.7,0.8,7.88,6.53,5.07
Jun,30,9,4329,,1,1,1.0,30.6,33.79,,0.0,150.82,24.0,,0.0,38.54,14.7,0.8,7.88,6.53,5.07
Jun,30,10,4330,,1,1,1.0,32.8,34.25,,0.0,181.54,24.0,,0.0,48.97,14.7,0.8,7.88,6.53,5.07
Jun,30,11,4331,,1,1,1.0,33.3,34.48,,0.0,192.35,24.0,,0.0,51.92,14.7,0.8,7.88,6.53,5.07
Jun,30,12,4332,,1,1,1.0,35.0,34.9,,0.0,215.77,24.0,,0.0,54.29,14.7,0.8,7.88,6.53,5.07
Jun,30,13,4333,,1,1,1.0,34.4,35.08,,0.0,219.12,24.0,,0.0,53.42,14.7,0.8,7.88,6.53,5.07
Jun,30,14,4334,,1,1,1.0,35.6,35.46,,0.0,237.22,24.0,,0.0,55.08,14.7,0.8,7.88,6.53,5.07
Jun,30,15,4335,,1,1,1.0,36.1,35.74,,0.0,246.64,24.0,,0.0,55.76,14.7,0.8,7.88,6.53,5.07
Jun,30,16,4336,,1,1,1.0,36.7,36.03,,0.0,255.75,24.0,,0.0,56.59,14.7,0.8,7.88,6.53,5.07
Jun,30,17,4337,,1,1,1.0,35.0,36.03,,0.0,242.72,24.0,,0.0,54.29,14.7,0.8,7.88,6.53,5.07
Jun,30,18,4338,,1,1,1.0,32.8,35.9,,0.0,221.78,24.0,,0.0,51.26,14.7,0.8,7.88,6.53,5.07
Jun,30,19,4339,,1,1,1.0,31.1,35.75,,0.0,202.29,24.0,,0.0,49.14,14.7,0.8,7.88,6.53,5.07
Jun,30,20,4340,,1,1,1.0,28.3,35.43,,0.0,171.8,24.0,,0.0,41.4,14.7,0.8,7.88,6.53,5.07
Jun,30,21,4341,,1,1,1.0,28.3,35.4,,0.0,167.04,24.0,,0.0,40.25,14.7,0.8,7.88,6.53,5.07
Jun,30,22,4342,,1,1,0.77,26.5,35.38,,0.0,0.0,24.0,,0.0,0.0,0.0,0.61,6.04,6.53,3.88
Jun,30,23,4343,,1,1,0.77,24.7,35.18,,0.0,0.0,24.0,,0.0,0.0,0.0,0.61,6.04,6.53,3.88
Jun,30,24,4344,,1,1,0.77,22.9,34.94,,0.0,0.0,24.0,,0.0,0.0,0.0,0.61,6.04,6.53,3.88
Jul,1,1,4345,,1,1,0.77,21.0,34.67,,0.0,0.0,24.0,,0.0,0.0,0.0,0.61,6.04,6.53,3.76
Jul,1,2,4346,,1,1,0.77,19.2,34.37,,0.0,0.0,24.0,,0.0,0.0,0.0,0.61,6.04,6.53,3.76
Jul,1,3,4347,,1,1,0.77,17.4,34.05,,0.0,0.0,24.0,,0.0,0.0,0.0,0.61,6.04,6.53,3.76
Jul,1,4,4348,,1,1,0.77,15.6,33.7,,0.0,0.0,24.0,,0.0,0.0,0.0,0.61,6.04,6.53,3.76
Jul,1,5,4349,,1,1,0.77,13.9,33.33,,0.0,0.0,24.0,,0.0,0.0,0.0,0.61,6.04,6.53,3.76
Jul,1,6,4350,,1,1,0.77,16.1,33.29,,0.0,0.0,24.0,,0.0,0.0,0.0,0.61,6.04,6.53,3.76
Jul,1,7,4351,,1,1,1.0,18.3,32.57,,0.0,6.02,24.0,,0.0,1.12,14.7,0.8,7.88,6.53,4.91
Jul,1,8,4352,,1,1,1.0,21.1,32.94,,0.0,47.89,24.0,,0.0,9.59,14.7,0.8,7.88,6.53,4.91
Jul,1,9,4353,,1,1,1.0,21.7,32.97,,0.0,59.56,24.0,,0.0,12.12,14.7,0.8,7.88,6.53,4.91
Jul,1,10,4354,,1,1,1.0,23.3,33.17,,0.0,82.32,24.0,,0.0,17.46,14.7,0.8,7.88,6.53,4.91
Jul,1,11,4355,,1,1,1.0,24.4,33.32,,0.0,98.69,24.0,,0.0,21.57,14.7,0.8,7.88,6.53,4.91
Jul,1,12,4356,,1,1,1.0,26.1,33.55,,0.0,119.08,24.0,,0.0,27.17,14.7,0.8,7.88,6.53,4.91
Jul,1,13,4357,,1,1,1.0,27.2,33.76,,0.0,135.35,24.0,,0.0,31.72,14.7,0.8,7.88,6.53,4.91
Jul,1,14,4358,,1,1,1.0,29.4,34.13,,0.0,161.83,24.0,,0.0,40.12,14.7,0.8,7.88,6.53,4.91
Jul,1,15,4359,,1,1,1.0,29.4,34.26,,0.0,167.33,24.0,,0.0,41.48,14.7,0.8,7.88,6.53,4.91
Jul,1,16,4360,,1,1,1.0,29.4,34.35,,0.0,169.76,24.0,,0.0,42.09,14.7,0.8,7.88,6.53,4.91
Jul,1,17,4361,,1,1,1.0,30.0,34.5,,0.0,176.44,24.0,,0.0,44.44,14.7,0.8,7.88,6.53,4.91
Jul,1,18,4362,,1,1,1.0,28.3,34.34,,0.0,159.8,24.0,,0.0,38.5,14.7,0.8,7.88,6.53,4.91
Jul,1,19,4363,,1,1,1.0,26.1,34.06,,0.0,136.25,24.0,,0.0,31.08,14.7,0.8,7.88,6.53,4.91
Jul,1,20,4364,,1,1,1.0,25.0,33.87,,0.0,121.68,24.0,,0.0,27.04,14.7,0.8,7.88,6.53,4.91
Jul,1,21,4365,,1,1,1.0,22.2,33.44,,0.0,91.43,24.0,,0.0,18.84,14.7,0.8,7.88,6.53,4.91
Jul,1,22,4366,,1,1,0.77,19.4,33.46,,0.0,0.0,24.0,,0.0,0.0,0.0,0.61,6.04,6.53,3.76
Jul,1,23,4367,,1,1,0.77,20.0,33.35,,0.0,0.0,24.0,,0.0,0.0,0.0,0.61,6.04,6.53,3.76
Jul,1,24,4368,,1,1,0.77,20.6,33.26,,0.0,0.0,24.0,,0.0,0.0,0.0,0.61,6.04,6.53,3.76
Jul,2,1,4369,,1,1,0.77,17.2,32.85,,0.0,0.0,24.0,,0.0,0.0,0.0,0.61,6.04,6.53,3.76
Jul,2,2,4370,,1,1,0.77,16.1,32.58,,0.0,0.0,24.0,,0.0,0.0,0.0,0.61,6.04,6.53,3.76
Jul,2,3,4371,,1,1,0.77,14.4,32.24,,0.0,0.0,24.0,,0.0,0.0,0.0,0.61,6.04,6.53,3.76
Jul,2,4,4372,,1,1,0.77,13.9,31.97,,0.0,0.0,23.95,,0.0,0.0,0.0,0.61,6.04,6.53,3.76
Jul,2,5,4373,,1,1,0.77,14.4,31.79,,0.0,0.0,23.92,,0.0,0.0,0.0,0.61,6.04,6.53,3.76
Jul,2,6,4374,,1,1,0.77,17.2,31.84,,0.0,0.0,24.0,,0.0,0.0,0.0,0.61,6.04,6.53,3.76
Jul,2,7,4375,,1,1,1.0,18.9,31.22,,0.0,0.49,24.0,,0.0,0.09,14.7,0.8,7.88,6.53,4.91
Jul,2,8,4376,,1,1,1.0,20.6,31.5,,0.0,33.9,24.0,,0.0,6.71,14.7,0.8,7.88,6.53,4.91
Jul,2,9,4377,,1,1,1.0,21.7,31.61,,0.0,50.88,24.0,,0.0,10.35,14.7,0.8,7.88,6.53,4.91
Jul,2,10,4378,,1,1,1.0,22.2,31.68,,0.0,62.82,24.0,,0.0,12.95,14.7,0.8,7.88,6.53,4.91
Jul,2,11,4379,,1,1,1.0,23.9,31.9,,0.0,84.27,24.0,,0.0,18.17,14.7,0.8,7.88,6.53,4.91
Jul,2,12,4380,,1,1,1.0,25.0,32.13,,0.0,103.69,24.0,,0.0,23.04,14.7,0.8,7.88,6.53,4.91
Jul,2,13,4381,,1,1,1.0,26.7,32.45,,0.0,127.91,24.0,,0.0,29.61,14.7,0.8,7.88,6.53,4.91
Jul,2,14,4382,,1,1,1.0,27.2,32.61,,0.0,137.11,24.0,,0.0,32.13,14.7,0.8,7.88,6.53,4.91
Jul,2,15,4383,,1,1,1.0,28.9,32.92,,0.0,157.09,24.0,,0.0,38.44,14.7,0.8,7.88,6.53,4.91
Jul,2,16,4384,,1,1,1.0,29.4,33.08,,0.0,163.13,24.0,,0.0,40.44,14.7,0.8,7.88,6.53,4.91
Jul,2,17,4385,,1,1,1.0,27.8,32.98,,0.0,150.54,24.0,,0.0,35.82,14.7,0.8,7.88,6.53,4.91
Jul,2,18,4386,,1,1,1.0,27.8,33.04,,0.0,150.35,24.0,,0.0,35.77,14.7,0.8,7.88,6.53,4.91
Jul,2,19,4387,,1,1,1.0,26.1,32.86,,0.0,132.8,24.0,,0.0,30.3,14.7,0.8,7.88,6.53,4.91
Jul,2,20,4388,,1,1,1.0,24.4,32.61,,0.0,112.75,24.0,,0.0,24.64,14.7,0.8,7.88,6.53,4.91
Jul,2,21,4389,,1,1,1.0,18.9,31.85,,0.0,57.22,24.0,,0.0,10.81,14.7,0.8,7.88,6.53,4.91
Jul,2,22,4390,,1,1,0.77,17.2,32.0,,0.0,0.0,24.0,,0.0,0.0,0.0,0.61,6.04,6.53,3.76
Jul,2,23,4391,,1,1,0.77,17.2,31.84,,0.0,0.0,24.0,,0.0,0.0,0.0,0.61,6.04,6.53,3.76
Jul,2,24,4392,,1,1,0.77,16.1,31.58,,0.0,0.0,24.0,,0.0,0.0,0.0,0.61,6.04,6.53,3.76
Jul,3,1,4393,,1,1,0.77,16.1,31.4,,0.0,0.0,24.0,,0.0,0.0,0.0,0.61,6.04,6.53,3.76
Jul,3,2,4394,,1,1,0.77,16.1,31.22,,0.0,0.0,24.0,,0.0,0.0,0.0,0.61,6.04,6.53,3.76
Jul,3,3,4395,,1,1,0.77,15.6,31.01,,0.0,0.0,24.0,,0.0,0.0,0.0,0.61,6.04,6.53,3.76
Jul,3,4,4396,,1,1,0.77,15.6,30.83,,0.0,0.0,24.0,,0.0,0.0,0.0,0.61,6.04,6.53,3.76
Jul,3,5,4397,,1,1,0.77,14.4,30.56,,0.0,0.0,23.88,,0.0,0.0,0.0,0.61,6.04,6.53,3.76
Jul,3,6,4398,,1,1,0.77,16.1,30.54,,0.0,0.0,23.99,,0.0,0.0,0.0,0.61,6.04,6.53,3.76
Jul,3,7,4399,,1,1,1.0,17.8,29.95,,9.82,0.0,23.84,,2.75,0.0,14.7,0.8,7.88,6.53,4.91
Jul,3,8,4400,,1,1,1.0,19.4,30.22,,0.0,19.27,24.0,,0.0,3.69,14.7,0.8,7.88,6.53,4.91
Jul,3,9,4401,,1,1,1.0,22.2,30.58,,0.0,54.03,24.0,,0.0,11.13,14.7,0.8,7.88,6.53,4.91
Jul,3,10,4402,,1,1,1.0,22.8,30.71,,0.0,68.13,24.0,,0.0,14.26,14.7,0.8,7.88,6.53,4.91
Jul,3,11,4403,,1,1,1.0,24.4,31.0,,0.0,91.99,24.0,,0.0,20.1,14.7,0.8,7.88,6.53,4.91
Jul,3,12,4404,,1,1,1.0,25.6,31.23,,0.0,109.37,24.0,,0.0,24.65,14.7,0.8,7.88,6.53,4.91
Jul,3,13,4405,,1,1,1.0,26.1,31.41,,0.0,120.36,24.0,,0.0,27.46,14.7,0.8,7.88,6.53,4.91
Jul,3,14,4406,,1,1,1.0,27.2,31.67,,0.0,136.23,24.0,,0.0,31.93,14.7,0.8,7.88,6.53,4.91
Jul,3,15,4407,,1,1,1.0,27.8,31.87,,0.0,146.72,24.0,,0.0,34.91,14.7,0.8,7.88,6.53,4.91
Jul,3,16,4408,,1,1,1.0,28.9,32.12,,0.0,159.35,24.0,,0.0,38.99,14.7,0.8,7.88,6.53,4.91
Jul,3,17,4409,,1,1,1.0,26.7,31.96,,0.0,140.45,24.0,,0.0,32.51,14.7,0.8,7.88,6.53,4.91
Jul,3,18,4410,,1,1,1.0,25.6,31.85,,0.0,127.56,24.0,,0.0,28.75,14.7,0.8,7.88,6.53,4.91
Jul,3,19,4411,,1,1,1.0,25.0,31.78,,0.0,119.19,24.0,,0.0,26.49,14.7,0.8,7.88,6.53,4.91
Jul,3,20,4412,,1,1,1.0,22.2,31.4,,0.0,88.86,24.0,,0.0,18.31,14.7,0.8,7.88,6.53,4.91
Jul,3,21,4413,,1,1,1.0,21.1,31.18,,0.0,74.03,24.0,,0.0,14.83,14.7,0.8,7.88,6.53,4.91
Jul,3,22,4414,,1,1,0.77,18.9,31.21,,0.0,0.0,24.0,,0.0,0.0,0.0,0.61,6.04,6.53,3.76
Jul,3,23,4415,,1,1,0.77,18.9,31.09,,0.0,0.0,24.0,,0.0,0.0,0.0,0.61,6.04,6.53,3.76
Jul,3,24,4416,,1,1,0.77,17.2,30.83,,0.0,0.0,24.0,,0.0,0.0,0.0,0.61,6.04,6.53,3.76
Jul,4,1,4417,,1,1,0.77,16.7,30.64,,0.0,0.0,24.0,,0.0,0.0,0.0,0.61,6.04,6.53,3.76
Jul,4,2,4418,,1,1,0.77,15.0,30.35,,0.0,0.0,24.0,,0.0,0.0,0.0,0.61,6.04,6.53,3.76
Jul,4,3,4419,,1,1,0.77,14.4,30.12,,0.0,0.0,23.99,,0.0,0.0,0.0,0.61,6.04,6.53,3.76
Jul,4,4,4420,,1,1,0.77,15.0,29.99,,0.0,0.0,23.97,,0.0,0.0,0.0,0.61,6.04,6.53,3.76
Jul,4,5,4421,,1,1,0.77,13.9,29.72,,0.0,0.0,23.82,,0.0,0.0,0.0,0.61,6.04,6.53,3.76
Jul,4,6,4422,,1,1,0.77,16.7,29.8,,0.0,0.0,24.0,,0.0,0.0,0.0,0.61,6.04,6.53,3.76
Jul,4,7,4423,,1,1,1.0,19.4,29.41,,0.0,0.6,24.0,,0.0,0.11,14.7,0.8,7.88,6.53,4.91
Jul,4,8,4424,,1,1,1.0,22.2,29.88,,0.0,44.72,24.0,,0.0,9.22,14.7,0.8,7.88,6.53,4.91
Jul,4,9,4425,,1,1,1.0,25.0,30.3,,0.0,79.63,24.0,,0.0,17.7,14.7,0.8,7.88,6.53,4.91
Jul,4,10,4426,,1,1,1.0,27.8,30.82,,0.0,118.71,24.0,,0.0,28.24,14.7,0.8,7.88,6.53,4.91
Jul,4,11,4427,,1,1,1.0,30.0,31.29,,0.0,149.15,24.0,,0.0,37.57,14.7,0.8,7.88,6.53,4.91
Jul,4,12,4428,,1,1,1.0,31.1,31.64,,0.0,167.58,24.0,,0.0,43.34,14.7,0.8,7.88,6.53,4.91
Jul,4,13,4429,,1,1,1.0,32.2,32.02,,0.0,186.65,24.0,,0.0,49.6,14.7,0.8,7.88,6.53,4.91
Jul,4,14,4430,,1,1,1.0,32.2,32.3,,0.0,196.36,24.0,,0.0,50.49,14.7,0.8,7.88,6.53,4.91
Jul,4,15,4431,,1,1,1.0,32.8,32.6,,0.0,206.73,24.0,,0.0,51.26,14.7,0.8,7.88,6.53,4.91
Jul,4,16,4432,,1,1,1.0,32.8,32.84,,0.0,211.82,24.0,,0.0,51.26,14.7,0.8,7.88,6.53,4.91
Jul,4,17,4433,,1,1,1.0,32.8,33.04,,0.0,213.7,24.0,,0.0,51.26,14.7,0.8,7.88,6.53,4.91
Jul,4,18,4434,,1,1,1.0,31.1,33.0,,0.0,198.46,24.0,,0.0,49.14,14.7,0.8,7.88,6.53,4.91
Jul,4,19,4435,,1,1,1.0,30.0,32.96,,0.0,184.51,24.0,,0.0,46.48,14.7,0.8,7.88,6.53,4.91
Jul,4,20,4436,,1,1,1.0,26.1,32.53,,0.0,144.08,24.0,,0.0,32.87,14.7,0.8,7.88,6.53,4.91
Jul,4,21,4437,,1,1,1.0,24.4,32.3,,0.0,123.12,24.0,,0.0,26.91,14.7,0.8,7.88,6.53,4.91
Jul,4,22,4438,,1,1,0.77,23.3,32.37,,0.0,0.0,24.0,,0.0,0.0,0.0,0.61,6.04,6.53,3.76
Jul,4,23,4439,,1,1,0.77,22.2,32.22,,0.0,0.0,24.0,,0.0,0.0,0.0,0.61,6.04,6.53,3.76
Jul,4,24,4440,,1,1,0.77,20.6,32.01,,0.0,0.0,24.0,,0.0,0.0,0.0,0.61,6.04,6.53,3.76
Jul,5,1,4441,,1,1,0.77,18.3,31.71,,0.0,0.0,24.0,,0.0,0.0,0.0,0.61,6.04,6.53,3.76
Jul,5,2,4442,,1,1,0.77,19.4,31.66,,0.0,0.0,24.0,,0.0,0.0,0.0,0.61,6.04,6.53,3.76
Jul,5,3,4443,,1,1,0.77,19.4,31.54,,0.0,0.0,24.0,,0.0,0.0,0.0,0.61,6.04,6.53,3.76
Jul,5,4,4444,,1,1,0.77,18.9,31.38,,0.0,0.0,24.0,,0.0,0.0,0.0,0.61,6.04,6.53,3.76
Jul,5,5,4445,,1,1,0.77,18.3,31.21,,0.0,0.0,24.0,,0.0,0.0,0.0,0.61,6.04,6.53,3.76
Jul,5,6,4446,,1,1,0.77,21.1,31.34,,0.0,0.0,24.0,,0.0,0.0,0.0,0.61,6.04,6.53,3.76
Jul,5,7,4447,,1,1,1.0,24.4,31.22,,0.0,65.35,24.0,,0.0,14.28,14.7,0.8,7.88,6.53,4.91
Jul,5,8,4448,,1,1,1.0,27.2,31.78,,0.0,110.03,24.0,,0.0,25.79,14.7,0.8,7.88,6.53,4.91
Jul,5,9,4449,,1,1,1.0,30.6,32.34,,0.0,150.54,24.0,,0.0,38.47,14.7,0.8,7.88,6.53,4.91
Jul,5,10,4450,,1,1,1.0,33.3,32.91,,0.0,187.3,24.0,,0.0,51.18,14.7,0.8,7.88,6.53,4.91
Jul,5,11,4451,,1,1,1.0,33.9,33.26,,0.0,203.04,24.0,,0.0,52.73,14.7,0.8,7.88,6.53,4.91
Jul,5,12,4452,,1,1,1.0,35.0,33.65,,0.0,221.32,24.0,,0.0,54.29,14.7,0.8,7.88,6.53,4.91
Jul,5,13,4453,,1,1,1.0,33.9,33.8,,0.0,219.3,24.0,,0.0,52.73,14.7,0.8,7.88,6.53,4.91
Jul,5,14,4454,,1,1,1.0,35.0,34.19,,0.0,235.61,24.0,,0.0,54.29,14.7,0.8,7.88,6.53,4.91
Jul,5,15,4455,,1,1,1.0,36.1,34.55,,0.0,249.02,24.0,,0.0,55.76,14.7,0.8,7.88,6.53,4.91
Jul,5,16,4456,,1,1,1.0,33.9,34.54,,0.0,233.49,24.0,,0.0,52.73,14.7,0.8,7.88,6.53,4.91
Jul,5,17,4457,,1,1,1.0,34.4,34.75,,0.0,236.0,24.0,,0.0,53.42,14.7,0.8,7.88,6.53,4.91
Jul,5,18,4458,,1,1,1.0,33.9,34.87,,0.0,232.34,24.0,,0.0,52.73,14.7,0.8,7.88,6.53,4.91
Jul,5,19,4459,,1,1,1.0,32.2,34.8,,0.0,214.85,24.0,,0.0,50.49,14.7,0.8,7.88,6.53,4.91
Jul,5,20,4460,,1,1,1.0,26.7,34.17,,0.0,158.78,24.0,,0.0,36.76,14.7,0.8,7.88,6.53,4.91
Jul,5,21,4461,,1,1,1.0,24.4,33.84,,0.0,131.26,24.0,,0.0,28.69,14.7,0.8,7.88,6.53,4.91
Jul,5,22,4462,,1,1,0.77,25.0,34.08,,0.0,0.0,24.0,,0.0,0.0,0.0,0.61,6.04,6.53,3.76
Jul,5,23,4463,,1,1,0.77,23.3,33.88,,0.0,0.0,24.0,,0.0,0.0,0.0,0.61,6.04,6.53,3.76
Jul,5,24,4464,,1,1,0.77,20.0,33.52,,0.0,0.0,24.0,,0.0,0.0,0.0,0.61,6.04,6.53,3.76
Jul,6,1,4465,,1,1,0.77,19.4,33.33,,0.0,0.0,24.0,,0.0,0.0,0.0,0.61,6.04,6.53,3.76
Jul,6,2,4466,,1,1,0.77,18.3,33.08,,0.0,0.0,24.0,,0.0,0.0,0.0,0.61,6.04,6.53,3.76
Jul,6,3,4467,,1,1,0.77,17.2,32.83,,0.0,0.0,24.0,,0.0,0.0,0.0,0.61,6.04,6.53,3.76
Jul,6,4,4468,,1,1,0.77,16.7,32.6,,0.0,0.0,24.0,,0.0,0.0,0.0,0.61,6.04,6.53,3.76
Jul,6,5,4469,,1,1,0.77,16.7,32.41,,0.0,0.0,24.0,,0.0,0.0,0.0,0.61,6.04,6.53,3.76
Jul,6,6,4470,,1,1,0.77,19.4,32.48,,0.0,0.0,24.0,,0.0,0.0,0.0,0.61,6.04,6.53,3.76
Jul,6,7,4471,,1,1,1.0,22.2,32.1,,0.0,42.76,24.0,,0.0,8.81,14.7,0.8,7.88,6.53,4.91
Jul,6,8,4472,,1,1,1.0,25.6,32.66,,0.0,92.27,24.0,,0.0,20.8,14.7,0.8,7.88,6.53,4.91
Jul,6,9,4473,,1,1,1.0,28.3,32.99,,0.0,119.56,24.0,,0.0,28.81,14.7,0.8,7.88,6.53,4.91
Jul,6,10,4474,,1,1,1.0,30.0,33.39,,0.0,149.51,24.0,,0.0,37.66,14.7,0.8,7.88,6.53,4.91
Jul,6,11,4475,,1,1,1.0,34.4,34.17,,0.0,203.35,24.0,,0.0,53.42,14.7,0.8,7.88,6.53,4.91
Jul,6,12,4476,,1,1,1.0,35.0,34.49,,0.0,217.62,24.0,,0.0,54.29,14.7,0.8,7.88,6.53,4.91
Jul,6,13,4477,,1,1,1.0,32.2,34.36,,0.0,197.26,24.0,,0.0,50.49,14.7,0.8,7.88,6.53,4.91
Jul,6,14,4478,,1,1,1.0,32.8,34.6,,0.0,206.68,24.0,,0.0,51.26,14.7,0.8,7.88,6.53,4.91
Jul,6,15,4479,,1,1,1.0,33.9,34.95,,0.0,223.49,24.0,,0.0,52.73,14.7,0.8,7.88,6.53,4.91
Jul,6,16,4480,,1,1,1.0,31.1,34.78,,0.0,200.06,24.0,,0.0,49.14,14.7,0.8,7.88,6.53,4.91
Jul,6,17,4481,,1,1,1.0,31.7,34.96,,0.0,205.93,24.0,,0.0,49.87,14.7,0.8,7.88,6.53,4.91
Jul,6,18,4482,,1,1,1.0,28.9,34.71,,0.0,178.99,24.0,,0.0,43.8,14.7,0.8,7.88,6.53,4.91
Jul,6,19,4483,,1,1,1.0,27.8,34.57,,0.0,164.2,24.0,,0.0,39.07,14.7,0.8,7.88,6.53,4.91
Jul,6,20,4484,,1,1,1.0,27.2,34.47,,0.0,153.55,24.0,,0.0,35.99,14.7,0.8,7.88,6.53,4.91
Jul,6,21,4485,,1,1,1.0,24.4,34.08,,0.0,122.93,24.0,,0.0,26.87,14.7,0.8,7.88,6.53,4.91
Jul,6,22,4486,,1,1,0.77,23.9,34.25,,0.0,0.0,24.0,,0.0,0.0,0.0,0.61,6.04,6.53,3.76
Jul,6,23,4487,,1,1,0.77,23.3,34.11,,0.0,0.0,24.0,,0.0,0.0,0.0,0.61,6.04,6.53,3.76
Jul,6,24,4488,,1,1,0.77,21.1,33.84,,0.0,0.0,24.0,,0.0,0.0,0.0,0.61,6.04,6.53,3.76
Jul,7,1,4489,,1,1,0.77,20.0,33.62,,0.0,0.0,24.0,,0.0,0.0,0.0,0.61,6.04,6.53,3.76
Jul,7,2,4490,,1,1,0.77,19.4,33.42,,0.0,0.0,24.0,,0.0,0.0,0.0,0.61,6.04,6.53,3.76
Jul,7,3,4491,,1,1,0.77,18.3,33.18,,0.0,0.0,24.0,,0.0,0.0,0.0,0.61,6.04,6.53,3.76
Jul,7,4,4492,,1,1,0.77,20.0,33.15,,0.0,0.0,24.0,,0.0,0.0,0.0,0.61,6.04,6.53,3.76
Jul,7,5,4493,,1,1,0.77,20.0,33.01,,0.0,0.0,24.0,,0.0,0.0,0.0,0.61,6.04,6.53,3.76
Jul,7,6,4494,,1,1,0.77,20.6,32.93,,0.0,0.0,24.0,,0.0,0.0,0.0,0.61,6.04,6.53,3.76
Jul,7,7,4495,,1,1,1.0,20.6,32.23,,0.0,27.6,24.0,,0.0,5.46,14.7,0.8,7.88,6.53,4.91
Jul,7,8,4496,,1,1,1.0,21.7,32.45,,0.0,54.87,24.0,,0.0,11.16,14.7,0.8,7.88,6.53,4.91
Jul,7,9,4497,,1,1,1.0,23.9,32.68,,0.0,79.56,24.0,,0.0,17.15,14.7,0.8,7.88,6.53,4.91
Jul,7,10,4498,,1,1,1.0,24.4,32.79,,0.0,91.93,24.0,,0.0,20.09,14.7,0.8,7.88,6.53,4.91
Jul,7,11,4499,,1,1,1.0,24.4,32.8,,0.0,96.61,24.0,,0.0,21.11,14.7,0.8,7.88,6.53,4.91
Jul,7,12,4500,,1,1,1.0,24.4,32.84,,0.0,102.06,24.0,,0.0,22.31,14.7,0.8,7.88,6.53,4.91
Jul,7,13,4501,,1,1,1.0,26.1,33.11,,0.0,123.94,24.0,,0.0,28.27,14.7,0.8,7.88,6.53,4.91
Jul,7,14,4502,,1,1,1.0,27.2,33.3,,0.0,137.61,24.0,,0.0,32.25,14.7,0.8,7.88,6.53,4.91
Jul,7,15,4503,,1,1,1.0,25.0,33.18,,0.0,126.38,24.0,,0.0,28.08,14.7,0.8,7.88,6.53,4.91
Jul,7,16,4504,,1,1,1.0,23.9,33.04,,0.0,115.77,24.0,,0.0,24.96,14.7,0.8,7.88,6.53,4.91
Jul,7,17,4505,,1,1,1.0,24.4,33.06,,0.0,117.3,24.0,,0.0,25.64,14.7,0.8,7.88,6.53,4.91
Jul,7,18,4506,,1,1,1.0,23.9,32.98,,0.0,111.83,24.0,,0.0,24.11,14.7,0.8,7.88,6.53,4.91
Jul,7,19,4507,,1,1,1.0,22.8,32.76,,0.0,97.18,24.0,,0.0,20.34,14.7,0.8,7.88,6.53,4.91
Jul,7,20,4508,,1,1,1.0,22.2,32.58,,0.0,86.6,24.0,,0.0,17.85,14.7,0.8,7.88,6.53,4.91
Jul,7,21,4509,,1,1,1.0,21.7,32.41,,0.0,77.72,24.0,,0.0,15.81,14.7,0.8,7.88,6.53,4.91
Jul,7,22,4510,,1,1,0.77,20.6,32.55,,0.0,0.0,24.0,,0.0,0.0,0.0,0.61,6.04,6.53,3.76
Jul,7,23,4511,,1,1,0.77,20.6,32.44,,0.0,0.0,24.0,,0.0,0.0,0.0,0.61,6.04,6.53,3.76
Jul,7,24,4512,,1,1,0.77,20.0,32.28,,0.0,0.0,24.0,,0.0,0.0,0.0,0.61,6.04,6.53,3.76
Jul,8,1,4513,,1,1,0.77,20.0,32.16,,0.0,0.0,24.0,,0.0,0.0,0.0,0.61,6.04,6.53,3.76
Jul,8,2,4514,,1,1,0.77,19.4,31.99,,0.0,0.0,24.0,,0.0,0.0,0.0,0.61,6.04,6.53,3.76
Jul,8,3,4515,,1,1,0.77,18.9,31.82,,0.0,0.0,24.0,,0.0,0.0,0.0,0.61,6.04,6.53,3.76
Jul,8,4,4516,,1,1,0.77,17.8,31.6,,0.0,0.0,24.0,,0.0,0.0,0.0,0.61,6.04,6.53,3.76
Jul,8,5,4517,,1,1,0.77,16.7,31.36,,0.0,0.0,24.0,,0.0,0.0,0.0,0.61,6.04,6.53,3.76
Jul,8,6,4518,,1,1,0.77,18.3,31.33,,0.0,0.0,24.0,,0.0,0.0,0.0,0.61,6.04,6.53,3.76
Jul,8,7,4519,,1,1,1.0,18.9,30.64,,0.0,0.52,24.0,,0.0,0.1,14.7,0.8,7.88,6.53,4.91
Jul,8,8,4520,,1,1,1.0,20.6,30.94,,0.0,34.27,24.0,,0.0,6.78,14.7,0.8,7.88,6.53,4.91
Jul,8,9,4521,,1,1,1.0,22.2,31.09,,0.0,53.38,24.0,,0.0,11.0,14.7,0.8,7.88,6.53,4.91
Jul,8,10,4522,,1,1,1.0,23.3,31.26,,0.0,71.27,24.0,,0.0,15.12,14.7,0.8,7.88,6.53,4.91
Jul,8,11,4523,,1,1,1.0,24.4,31.48,,0.0,90.49,24.0,,0.0,19.78,14.7,0.8,7.88,6.53,4.91
Jul,8,12,4524,,1,1,1.0,26.1,31.78,,0.0,113.72,24.0,,0.0,25.94,14.7,0.8,7.88,6.53,4.91
Jul,8,13,4525,,1,1,1.0,28.3,32.16,,0.0,140.24,24.0,,0.0,33.79,14.7,0.8,7.88,6.53,4.91
Jul,8,14,4526,,1,1,1.0,28.9,32.4,,0.0,154.15,24.0,,0.0,37.72,14.7,0.8,7.88,6.53,4.91
Jul,8,15,4527,,1,1,1.0,26.1,32.13,,0.0,128.16,24.0,,0.0,29.24,14.7,0.8,7.88,6.53,4.91
Jul,8,16,4528,,1,1,1.0,20.0,31.45,,0.0,75.14,24.0,,0.0,14.65,14.7,0.8,7.88,6.53,4.91
Jul,8,17,4529,,1,1,1.0,23.3,31.78,,0.0,102.73,24.0,,0.0,21.79,14.7,0.8,7.88,6.53,4.91
Jul,8,18,4530,,1,1,1.0,23.3,31.76,,0.0,101.4,24.0,,0.0,21.51,14.7,0.8,7.88,6.53,4.91
Jul,8,19,4531,,1,1,1.0,22.2,31.56,,0.0,87.3,24.0,,0.0,17.99,14.7,0.8,7.88,6.53,4.91
Jul,8,20,4532,,1,1,1.0,21.1,31.34,,0.0,72.23,24.0,,0.0,14.47,14.7,0.8,7.88,6.53,4.91
Jul,8,21,4533,,1,1,1.0,21.1,31.23,,0.0,68.03,24.0,,0.0,13.63,14.7,0.8,7.88,6.53,4.91
Jul,8,22,4534,,1,1,0.77,18.9,31.27,,0.0,0.0,24.0,,0.0,0.0,0.0,0.61,6.04,6.53,3.76
Jul,8,23,4535,,1,1,0.77,18.3,31.09,,0.0,0.0,24.0,,0.0,0.0,0.0,0.61,6.04,6.53,3.76
Jul,8,24,4536,,1,1,0.77,17.2,30.87,,0.0,0.0,24.0,,0.0,0.0,0.0,0.61,6.04,6.53,3.76
Jul,9,1,4537,,1,1,0.77,16.7,30.69,,0.0,0.0,24.0,,0.0,0.0,0.0,0.61,6.04,6.53,3.76
Jul,9,2,4538,,1,1,0.77,16.7,30.53,,0.0,0.0,24.0,,0.0,0.0,0.0,0.61,6.04,6.53,3.76
Jul,9,3,4539,,1,1,0.77,15.6,30.29,,0.0,0.0,24.0,,0.0,0.0,0.0,0.61,6.04,6.53,3.76
Jul,9,4,4540,,1,1,0.77,15.6,30.13,,0.0,0.0,24.0,,0.0,0.0,0.0,0.61,6.04,6.53,3.76
Jul,9,5,4541,,1,1,0.77,15.6,29.97,,0.0,0.0,23.96,,0.0,0.0,0.0,0.61,6.04,6.53,3.76
Jul,9,6,4542,,1,1,0.77,18.3,30.06,,0.0,0.0,24.0,,0.0,0.0,0.0,0.61,6.04,6.53,3.76
Jul,9,7,4543,,1,1,1.0,21.1,29.79,,0.0,20.14,24.0,,0.0,4.03,14.7,0.8,7.88,6.53,4.91
Jul,9,8,4544,,1,1,1.0,23.9,30.28,,0.0,63.58,24.0,,0.0,13.71,14.7,0.8,7.88,6.53,4.91
Jul,9,9,4545,,1,1,1.0,25.6,30.61,,0.0,90.5,24.0,,0.0,20.4,14.7,0.8,7.88,6.53,4.91
Jul,9,10,4546,,1,1,1.0,27.2,30.92,,0.0,112.89,24.0,,0.0,26.46,14.7,0.8,7.88,6.53,4.91
Jul,9,11,4547,,1,1,1.0,27.8,31.11,,0.0,124.19,24.0,,0.0,29.55,14.7,0.8,7.88,6.53,4.91
Jul,9,12,4548,,1,1,1.0,27.8,31.27,,0.0,132.05,24.0,,0.0,31.42,14.7,0.8,7.88,6.53,4.91
Jul,9,13,4549,,1,1,1.0,28.3,31.52,,0.0,145.34,24.0,,0.0,35.02,14.7,0.8,7.88,6.53,4.91
Jul,9,14,4550,,1,1,1.0,27.8,31.63,,0.0,147.52,24.0,,0.0,35.1,14.7,0.8,7.88,6.53,4.91
Jul,9,15,4551,,1,1,1.0,28.9,31.91,,0.0,161.43,24.0,,0.0,39.5,14.7,0.8,7.88,6.53,4.91
Jul,9,16,4552,,1,1,1.0,27.8,31.91,,0.0,153.62,24.0,,0.0,36.55,14.7,0.8,7.88,6.53,4.91
Jul,9,17,4553,,1,1,1.0,27.8,32.01,,0.0,154.63,24.0,,0.0,36.79,14.7,0.8,7.88,6.53,4.91
Jul,9,18,4554,,1,1,1.0,20.0,31.07,,0.0,78.87,24.0,,0.0,15.37,14.7,0.8,7.88,6.53,4.91
Jul,9,19,4555,,1,1,1.0,18.3,30.72,,0.0,55.52,24.0,,0.0,10.32,14.7,0.8,7.88,6.53,4.91
Jul,9,20,4556,,1,1,1.0,16.7,30.36,,0.0,33.38,24.0,,0.0,5.94,14.7,0.8,7.88,6.53,4.91
Jul,9,21,4557,,1,1,1.0,16.7,30.17,,0.0,26.55,24.0,,0.0,4.73,14.7,0.8,7.88,6.53,4.91
Jul,9,22,4558,,1,1,0.77,16.7,30.48,,0.0,0.0,24.0,,0.0,0.0,0.0,0.61,6.04,6.53,3.76
Jul,9,23,4559,,1,1,0.77,15.6,30.24,,0.0,0.0,24.0,,0.0,0.0,0.0,0.61,6.04,6.53,3.76
Jul,9,24,4560,,1,1,0.77,15.6,30.07,,0.0,0.0,24.0,,0.0,0.0,0.0,0.61,6.04,6.53,3.76
Jul,10,1,4561,,1,1,0.77,15.6,29.91,,0.0,0.0,24.0,,0.0,0.0,0.0,0.61,6.04,6.53,3.76
Jul,10,2,4562,,1,1,0.77,15.0,29.7,,0.0,0.0,24.0,,0.0,0.0,0.0,0.61,6.04,6.53,3.76
Jul,10,3,4563,,1,1,0.77,15.0,29.54,,0.0,0.0,23.95,,0.0,0.0,0.0,0.61,6.04,6.53,3.76
Jul,10,4,4564,,1,1,0.77,15.0,29.37,,0.0,0.0,23.89,,0.0,0.0,0.0,0.61,6.04,6.53,3.76
Jul,10,5,4565,,1,1,0.77,14.4,29.17,,0.0,0.0,23.79,,0.0,0.0,0.0,0.61,6.04,6.53,3.76
Jul,10,6,4566,,1,1,0.77,15.6,29.14,,0.0,0.0,23.85,,0.0,0.0,0.0,0.61,6.04,6.53,3.76
Jul,10,7,4567,,1,1,1.0,18.3,28.72,,12.58,0.0,23.79,,3.52,0.0,14.7,0.8,7.88,6.53,4.91
Jul,10,8,4568,,1,1,1.0,21.1,29.17,,0.0,27.02,24.0,,0.0,5.41,14.7,0.8,7.88,6.53,4.91
Jul,10,9,4569,,1,1,1.0,23.3,29.49,,0.0,55.97,24.0,,0.0,11.87,14.7,0.8,7.88,6.53,4.91
Jul,10,10,4570,,1,1,1.0,26.1,29.97,,0.0,93.61,24.0,,0.0,21.36,14.7,0.8,7.88,6.53,4.91
Jul,10,11,4571,,1,1,1.0,28.9,30.5,,0.0,130.49,24.0,,0.0,31.93,14.7,0.8,7.88,6.53,4.91
Jul,10,12,4572,,1,1,1.0,29.4,30.77,,0.0,144.43,24.0,,0.0,35.81,14.7,0.8,7.88,6.53,4.91
Jul,10,13,4573,,1,1,1.0,27.8,30.8,,0.0,138.72,24.0,,0.0,33.0,14.7,0.8,7.88,6.53,4.91
Jul,10,14,4574,,1,1,1.0,28.9,31.14,,0.0,157.42,24.0,,0.0,38.52,14.7,0.8,7.88,6.53,4.91
Jul,10,15,4575,,1,1,1.0,30.0,31.47,,0.0,173.04,24.0,,0.0,43.59,14.7,0.8,7.88,6.53,4.91
Jul,10,16,4576,,1,1,1.0,23.3,30.76,,0.0,110.85,24.0,,0.0,23.51,14.7,0.8,7.88,6.53,4.91
Jul,10,17,4577,,1,1,1.0,23.9,30.85,,0.0,114.69,24.0,,0.0,24.73,14.7,0.8,7.88,6.53,4.91
Jul,10,18,4578,,1,1,1.0,23.3,30.79,,0.0,107.23,24.0,,0.0,22.75,14.7,0.8,7.88,6.53,4.91
Jul,10,19,4579,,1,1,1.0,22.8,30.7,,0.0,97.88,24.0,,0.0,20.49,14.7,0.8,7.88,6.53,4.91
Jul,10,20,4580,,1,1,1.0,22.8,30.65,,0.0,92.83,24.0,,0.0,19.43,14.7,0.8,7.88,6.53,4.91
Jul,10,21,4581,,1,1,1.0,21.1,30.38,,0.0,72.89,24.0,,0.0,14.6,14.7,0.8,7.88,6.53,4.91
Jul,10,22,4582,,1,1,0.77,21.1,30.58,,0.0,0.0,24.0,,0.0,0.0,0.0,0.61,6.04,6.53,3.76
Jul,10,23,4583,,1,1,0.77,20.6,30.47,,0.0,0.0,24.0,,0.0,0.0,0.0,0.61,6.04,6.53,3.76
Jul,10,24,4584,,1,1,0.77,20.0,30.34,,0.0,0.0,24.0,,0.0,0.0,0.0,0.61,6.04,6.53,3.76
Jul,11,1,4585,,1,1,0.77,18.3,30.12,,0.0,0.0,24.0,,0.0,0.0,0.0,0.61,6.04,6.53,3.76
Jul,11,2,4586,,1,1,0.77,18.3,30.0,,0.0,0.0,24.0,,0.0,0.0,0.0,0.61,6.04,6.53,3.76
Jul,11,3,4587,,1,1,0.77,16.7,29.76,,0.0,0.0,24.0,,0.0,0.0,0.0,0.61,6.04,6.53,3.76
Jul,11,4,4588,,1,1,0.77,16.7,29.63,,0.0,0.0,24.0,,0.0,0.0,0.0,0.61,6.04,6.53,3.76
Jul,11,5,4589,,1,1,0.77,16.1,29.44,,0.0,0.0,24.0,,0.0,0.0,0.0,0.61,6.04,6.53,3.76
Jul,11,6,4590,,1,1,0.77,17.8,29.45,,0.0,0.0,24.0,,0.0,0.0,0.0,0.61,6.04,6.53,3.76
Jul,11,7,4591,,1,1,1.0,18.9,28.92,,0.97,0.0,23.98,,0.27,0.0,14.7,0.8,7.88,6.53,4.91
Jul,11,8,4592,,1,1,1.0,20.6,29.27,,0.0,33.31,24.0,,0.0,6.59,14.7,0.8,7.88,6.53,4.91
Jul,11,9,4593,,1,1,1.0,21.7,29.45,,0.0,51.68,24.0,,0.0,10.51,14.7,0.8,7.88,6.53,4.91
Jul,11,10,4594,,1,1,1.0,24.4,29.87,,0.0,84.75,24.0,,0.0,18.52,14.7,0.8,7.88,6.53,4.91
Jul,11,11,4595,,1,1,1.0,25.6,30.18,,0.0,106.75,24.0,,0.0,24.06,14.7,0.8,7.88,6.53,4.91
Jul,11,12,4596,,1,1,1.0,25.6,30.34,,0.0,115.45,24.0,,0.0,26.02,14.7,0.8,7.88,6.53,4.91
Jul,11,13,4597,,1,1,1.0,26.7,30.61,,0.0,130.51,24.0,,0.0,30.21,14.7,0.8,7.88,6.53,4.91
Jul,11,14,4598,,1,1,1.0,26.7,30.73,,0.0,133.95,24.0,,0.0,31.01,14.7,0.8,7.88,6.53,4.91
Jul,11,15,4599,,1,1,1.0,27.2,30.91,,0.0,140.72,24.0,,0.0,32.98,14.7,0.8,7.88,6.53,4.91
Jul,11,16,4600,,1,1,1.0,27.2,31.06,,0.0,145.63,24.0,,0.0,34.13,14.7,0.8,7.88,6.53,4.91
Jul,11,17,4601,,1,1,1.0,27.8,31.22,,0.0,149.69,24.0,,0.0,35.61,14.7,0.8,7.88,6.53,4.91
Jul,11,18,4602,,1,1,1.0,25.6,31.03,,0.0,128.68,24.0,,0.0,29.01,14.7,0.8,7.88,6.53,4.91
Jul,11,19,4603,,1,1,1.0,23.3,30.76,,0.0,103.79,24.0,,0.0,22.02,14.7,0.8,7.88,6.53,4.91
Jul,11,20,4604,,1,1,1.0,21.7,30.51,,0.0,83.81,24.0,,0.0,17.05,14.7,0.8,7.88,6.53,4.91
Jul,11,21,4605,,1,1,1.0,20.6,30.3,,0.0,68.76,24.0,,0.0,13.6,14.7,0.8,7.88,6.53,4.91
Jul,11,22,4606,,1,1,0.77,19.4,30.41,,0.0,0.0,24.0,,0.0,0.0,0.0,0.61,6.04,6.53,3.76
Jul,11,23,4607,,1,1,0.77,18.9,30.27,,0.0,0.0,24.0,,0.0,0.0,0.0,0.61,6.04,6.53,3.76
Jul,11,24,4608,,1,1,0.77,18.9,30.16,,0.0,0.0,24.0,,0.0,0.0,0.0,0.61,6.04,6.53,3.76
Jul,12,1,4609,,1,1,0.77,17.8,29.97,,0.0,0.0,24.0,,0.0,0.0,0.0,0.61,6.04,6.53,3.76
Jul,12,2,4610,,1,1,0.77,17.2,29.8,,0.0,0.0,24.0,,0.0,0.0,0.0,0.61,6.04,6.53,3.76
Jul,12,3,4611,,1,1,0.77,16.1,29.59,,0.0,0.0,24.0,,0.0,0.0,0.0,0.61,6.04,6.53,3.76
Jul,12,4,4612,,1,1,0.77,15.6,29.4,,0.0,0.0,24.0,,0.0,0.0,0.0,0.61,6.04,6.53,3.76
Jul,12,5,4613,,1,1,0.77,15.0,29.2,,0.0,0.0,23.95,,0.0,0.0,0.0,0.61,6.04,6.53,3.76
Jul,12,6,4614,,1,1,0.77,16.7,29.21,,0.0,0.0,24.0,,0.0,0.0,0.0,0.61,6.04,6.53,3.76
Jul,12,7,4615,,1,1,1.0,19.4,28.86,,0.0,3.94,24.0,,0.0,0.75,14.7,0.8,7.88,6.53,4.91
Jul,12,8,4616,,1,1,1.0,21.7,29.3,,0.0,44.1,24.0,,0.0,8.97,14.7,0.8,7.88,6.53,4.91
Jul,12,9,4617,,1,1,1.0,24.4,29.71,,0.0,77.64,24.0,,0.0,16.97,14.7,0.8,7.88,6.53,4.91
Jul,12,10,4618,,1,1,1.0,26.7,30.16,,0.0,110.56,24.0,,0.0,25.59,14.7,0.8,7.88,6.53,4.91
Jul,12,11,4619,,1,1,1.0,29.4,30.68,,0.0,145.04,24.0,,0.0,35.96,14.7,0.8,7.88,6.53,4.91
Jul,12,12,4620,,1,1,1.0,29.4,30.89,,0.0,152.94,24.0,,0.0,37.92,14.7,0.8,7.88,6.53,4.91
Jul,12,13,4621,,1,1,1.0,28.9,30.99,,0.0,151.37,24.0,,0.0,37.04,14.7,0.8,7.88,6.53,4.91
Jul,12,14,4622,,1,1,1.0,28.9,31.19,,0.0,158.22,24.0,,0.0,38.72,14.7,0.8,7.88,6.53,4.91
Jul,12,15,4623,,1,1,1.0,22.8,30.53,,0.0,101.01,24.0,,0.0,21.14,14.7,0.8,7.88,6.53,4.91
Jul,12,16,4624,,1,1,1.0,17.8,29.88,,0.0,51.41,24.0,,0.0,9.42,14.7,0.8,7.88,6.53,4.91
Jul,12,17,4625,,1,1,1.0,16.7,29.68,,0.0,40.56,24.0,,0.0,7.22,14.7,0.8,7.88,6.53,4.91
Jul,12,18,4626,,1,1,1.0,17.2,29.56,,0.0,36.25,24.0,,0.0,6.54,14.7,0.8,7.88,6.53,4.91
Jul,12,19,4627,,1,1,1.0,17.2,29.41,,0.0,30.53,24.0,,0.0,5.51,14.7,0.8,7.88,6.53,4.91
Jul,12,20,4628,,1,1,1.0,16.7,29.19,,0.0,20.04,24.0,,0.0,3.57,14.7,0.8,7.88,6.53,4.91
Jul,12,21,4629,,1,1,1.0,16.1,28.96,,0.0,9.37,24.0,,0.0,1.64,14.7,0.8,7.88,6.53,4.91
Jul,12,22,4630,,1,1,0.77,16.1,29.25,,0.0,0.0,24.0,,0.0,0.0,0.0,0.61,6.04,6.53,3.76
Jul,12,23,4631,,1,1,0.77,15.6,29.07,,0.0,0.0,24.0,,0.0,0.0,0.0,0.61,6.04,6.53,3.76
Jul,12,24,4632,,1,1,0.77,15.6,28.92,,0.0,0.0,24.0,,0.0,0.0,0.0,0.61,6.04,6.53,3.76
Jul,13,1,4633,,1,1,0.77,14.4,28.68,,0.0,0.0,23.93,,0.0,0.0,0.0,0.61,6.04,6.53,3.76
Jul,13,2,4634,,1,1,0.77,13.9,28.49,,0.0,0.0,23.82,,0.0,0.0,0.0,0.61,6.04,6.53,3.76
Jul,13,3,4635,,1,1,0.77,13.9,28.32,,0.0,0.0,23.74,,0.0,0.0,0.0,0.61,6.04,6.53,3.76
Jul,13,4,4636,,1,1,0.77,12.8,28.07,,0.0,0.0,23.57,,0.0,0.0,0.0,0.61,6.04,6.53,3.76
Jul,13,5,4637,,1,1,0.77,11.7,27.8,,0.0,0.0,23.39,,0.0,0.0,0.0,0.61,6.04,6.53,3.76
Jul,13,6,4638,,1,1,0.77,14.4,27.87,,0.0,0.0,23.54,,0.0,0.0,0.0,0.61,6.04,6.53,3.76
Jul,13,7,4639,,1,1,1.0,16.7,27.41,,37.89,0.0,23.37,,10.61,0.0,14.7,0.8,7.88,6.53,4.91
Jul,13,8,4640,,1,1,1.0,18.9,27.8,,8.45,0.0,23.86,,2.37,0.0,14.7,0.8,7.88,6.53,4.91
Jul,13,9,4641,,1,1,1.0,21.1,28.13,,0.0,21.12,24.0,,0.0,4.23,14.7,0.8,7.88,6.53,4.91
Jul,13,10,4642,,1,1,1.0,23.9,28.61,,0.0,60.51,24.0,,0.0,13.04,14.7,0.8,7.88,6.53,4.91
Jul,13,11,4643,,1,1,1.0,25.0,28.88,,0.0,80.6,24.0,,0.0,17.91,14.7,0.8,7.88,6.53,4.91
Jul,13,12,4644,,1,1,1.0,26.7,29.25,,0.0,105.74,24.0,,0.0,24.48,14.7,0.8,7.88,6.53,4.91
Jul,13,13,4645,,1,1,1.0,27.8,29.62,,0.0,127.7,24.0,,0.0,30.38,14.7,0.8,7.88,6.53,4.91
Jul,13,14,4646,,1,1,1.0,27.8,29.85,,0.0,137.5,24.0,,0.0,32.71,14.7,0.8,7.88,6.53,4.91
Jul,13,15,4647,,1,1,1.0,28.3,30.09,,0.0,146.82,24.0,,0.0,35.38,14.7,0.8,7.88,6.53,4.91
Jul,13,16,4648,,1,1,1.0,27.8,30.18,,0.0,145.06,24.0,,0.0,34.51,14.7,0.8,7.88,6.53,4.91
Jul,13,17,4649,,1,1,1.0,27.8,30.32,,0.0,146.69,24.0,,0.0,34.9,14.7,0.8,7.88,6.53,4.91
Jul,13,18,4650,,1,1,1.0,26.7,30.3,,0.0,136.39,24.0,,0.0,31.57,14.7,0.8,7.88,6.53,4.91
Jul,13,19,4651,,1,1,1.0,25.6,30.24,,0.0,124.64,24.0,,0.0,28.09,14.7,0.8,7.88,6.53,4.91
Jul,13,20,4652,,1,1,1.0,23.3,29.97,,0.0,99.1,24.0,,0.0,21.02,14.7,0.8,7.88,6.53,4.91
Jul,13,21,4653,,1,1,1.0,22.2,29.81,,0.0,84.86,24.0,,0.0,17.49,14.7,0.8,7.88,6.53,4.91
Jul,13,22,4654,,1,1,0.77,20.6,29.82,,0.0,0.0,24.0,,0.0,0.0,0.0,0.61,6.04,6.53,3.76
Jul,13,23,4655,,1,1,0.77,20.0,29.71,,0.0,0.0,24.0,,0.0,0.0,0.0,0.61,6.04,6.53,3.76
Jul,13,24,4656,,1,1,0.77,18.9,29.55,,0.0,0.0,24.0,,0.0,0.0,0.0,0.61,6.04,6.53,3.76
Jul,14,1,4657,,1,1,0.77,18.3,29.41,,0.0,0.0,24.0,,0.0,0.0,0.0,0.61,6.04,6.53,3.76
Jul,14,2,4658,,1,1,0.77,17.8,29.27,,0.0,0.0,24.0,,0.0,0.0,0.0,0.61,6.04,6.53,3.76
Jul,14,3,4659,,1,1,0.77,16.7,29.07,,0.0,0.0,24.0,,0.0,0.0,0.0,0.61,6.04,6.53,3.76
Jul,14,4,4660,,1,1,0.77,15.6,28.86,,0.0,0.0,24.0,,0.0,0.0,0.0,0.61,6.04,6.53,3.76
Jul,14,5,4661,,1,1,0.77,14.4,28.62,,0.0,0.0,23.93,,0.0,0.0,0.0,0.61,6.04,6.53,3.76
Jul,14,6,4662,,1,1,0.77,17.2,28.73,,0.0,0.0,24.0,,0.0,0.0,0.0,0.61,6.04,6.53,3.76
Jul,14,7,4663,,1,1,1.0,20.0,28.46,,0.0,11.28,24.0,,0.0,2.2,14.7,0.8,7.88,6.53,4.91
Jul,14,8,4664,,1,1,1.0,22.2,28.88,,0.0,48.45,24.0,,0.0,9.98,14.7,0.8,7.88,6.53,4.91
Jul,14,9,4665,,1,1,1.0,24.4,29.23,,0.0,76.62,24.0,,0.0,16.75,14.7,0.8,7.88,6.53,4.91
Jul,14,10,4666,,1,1,1.0,27.2,29.73,,0.0,112.53,24.0,,0.0,26.37,14.7,0.8,7.88,6.53,4.91
Jul,14,11,4667,,1,1,1.0,28.9,30.19,,0.0,140.78,24.0,,0.0,34.45,14.7,0.8,7.88,6.53,4.91
Jul,14,12,4668,,1,1,1.0,29.4,30.44,,0.0,151.64,24.0,,0.0,37.59,14.7,0.8,7.88,6.53,4.91
Jul,14,13,4669,,1,1,1.0,30.6,30.82,,0.0,170.37,24.0,,0.0,43.53,14.7,0.8,7.88,6.53,4.91
Jul,14,14,4670,,1,1,1.0,31.7,31.2,,0.0,187.81,24.0,,0.0,49.29,14.7,0.8,7.88,6.53,4.91
Jul,14,15,4671,,1,1,1.0,32.2,31.52,,0.0,198.54,24.0,,0.0,50.49,14.7,0.8,7.88,6.53,4.91
Jul,14,16,4672,,1,1,1.0,31.7,31.66,,0.0,195.49,24.0,,0.0,49.87,14.7,0.8,7.88,6.53,4.91
Jul,14,17,4673,,1,1,1.0,31.1,31.77,,0.0,190.64,24.0,,0.0,49.14,14.7,0.8,7.88,6.53,4.91
Jul,14,18,4674,,1,1,1.0,29.4,31.72,,0.0,174.98,24.0,,0.0,43.38,14.7,0.8,7.88,6.53,4.91
Jul,14,19,4675,,1,1,1.0,27.8,31.63,,0.0,158.43,24.0,,0.0,37.69,14.7,0.8,7.88,6.53,4.91
Jul,14,20,4676,,1,1,1.0,25.6,31.39,,0.0,133.17,24.0,,0.0,30.02,14.7,0.8,7.88,6.53,4.91
Jul,14,21,4677,,1,1,1.0,23.9,31.17,,0.0,112.78,24.0,,0.0,24.31,14.7,0.8,7.88,6.53,4.91
Jul,14,22,4678,,1,1,0.77,23.3,31.27,,0.0,0.0,24.0,,0.0,0.0,0.0,0.61,6.04,6.53,3.76
Jul,14,23,4679,,1,1,0.77,22.2,31.13,,0.0,0.0,24.0,,0.0,0.0,0.0,0.61,6.04,6.53,3.76
Jul,14,24,4680,,1,1,0.77,20.6,30.94,,0.0,0.0,24.0,,0.0,0.0,0.0,0.61,6.04,6.53,3.76
Jul,15,1,4681,,1,1,0.77,19.4,30.76,,0.0,0.0,24.0,,0.0,0.0,0.0,0.61,6.04,6.53,3.76
Jul,15,2,4682,,1,1,0.77,17.2,30.47,,0.0,0.0,24.0,,0.0,0.0,0.0,0.61,6.04,6.53,3.76
Jul,15,3,4683,,1,1,0.77,16.1,30.24,,0.0,0.0,24.0,,0.0,0.0,0.0,0.61,6.04,6.53,3.76
Jul,15,4,4684,,1,1,0.77,14.4,29.95,,0.0,0.0,24.0,,0.0,0.0,0.0,0.61,6.04,6.53,3.76
Jul,15,5,4685,,1,1,0.77,13.9,29.73,,0.0,0.0,23.96,,0.0,0.0,0.0,0.61,6.04,6.53,3.76
Jul,15,6,4686,,1,1,0.77,17.8,29.89,,0.0,0.0,24.0,,0.0,0.0,0.0,0.61,6.04,6.53,3.76
Jul,15,7,4687,,1,1,1.0,21.1,29.65,,0.0,25.42,24.0,,0.0,5.09,14.7,0.8,7.88,6.53,4.91
Jul,15,8,4688,,1,1,1.0,24.4,30.24,,0.0,75.15,24.0,,0.0,16.42,14.7,0.8,7.88,6.53,4.91
Jul,15,9,4689,,1,1,1.0,26.7,30.66,,0.0,107.09,24.0,,0.0,24.79,14.7,0.8,7.88,6.53,4.91
Jul,15,10,4690,,1,1,1.0,28.9,31.13,,0.0,139.43,24.0,,0.0,34.12,14.7,0.8,7.88,6.53,4.91
Jul,15,11,4691,,1,1,1.0,30.6,31.58,,0.0,166.61,24.0,,0.0,42.57,14.7,0.8,7.88,6.53,4.91
Jul,15,12,4692,,1,1,1.0,33.3,32.14,,0.0,198.4,24.0,,0.0,51.92,14.7,0.8,7.88,6.53,4.91
Jul,15,13,4693,,1,1,1.0,33.9,32.5,,0.0,213.0,24.0,,0.0,52.73,14.7,0.8,7.88,6.53,4.91
Jul,15,14,4694,,1,1,1.0,35.0,32.93,,0.0,230.44,24.0,,0.0,54.29,14.7,0.8,7.88,6.53,4.91
Jul,15,15,4695,,1,1,1.0,35.6,33.3,,0.0,242.48,24.0,,0.0,55.08,14.7,0.8,7.88,6.53,4.91
Jul,15,16,4696,,1,1,1.0,36.1,33.6,,0.0,248.81,24.0,,0.0,55.76,14.7,0.8,7.88,6.53,4.91
Jul,15,17,4697,,1,1,1.0,35.6,33.79,,0.0,245.69,24.0,,0.0,55.08,14.7,0.8,7.88,6.53,4.91
Jul,15,18,4698,,1,1,1.0,30.0,33.29,,0.0,193.26,24.0,,0.0,47.86,14.7,0.8,7.88,6.53,4.91
Jul,15,19,4699,,1,1,1.0,27.2,33.01,,0.0,163.65,24.0,,0.0,38.35,14.7,0.8,7.88,6.53,4.91
Jul,15,20,4700,,1,1,1.0,25.0,32.73,,0.0,136.72,24.0,,0.0,30.38,14.7,0.8,7.88,6.53,4.91
Jul,15,21,4701,,1,1,1.0,22.8,32.4,,0.0,110.08,24.0,,0.0,23.04,14.7,0.8,7.88,6.53,4.91
Jul,15,22,4702,,1,1,0.77,20.6,32.42,,0.0,0.0,24.0,,0.0,0.0,0.0,0.61,6.04,6.53,3.76
Jul,15,23,4703,,1,1,0.77,19.4,32.21,,0.0,0.0,24.0,,0.0,0.0,0.0,0.61,6.04,6.53,3.76
Jul,15,24,4704,,1,1,0.77,18.9,32.04,,0.0,0.0,24.0,,0.0,0.0,0.0,0.61,6.04,6.53,3.76
Jul,16,1,4705,,1,1,0.77,17.8,31.81,,0.0,0.0,24.0,,0.0,0.0,0.0,0.61,6.04,6.53,3.76
Jul,16,2,4706,,1,1,0.77,16.1,31.52,,0.0,0.0,24.0,,0.0,0.0,0.0,0.61,6.04,6.53,3.76
Jul,16,3,4707,,1,1,0.77,15.6,31.3,,0.0,0.0,24.0,,0.0,0.0,0.0,0.61,6.04,6.53,3.76
Jul,16,4,4708,,1,1,0.77,14.4,31.01,,0.0,0.0,24.0,,0.0,0.0,0.0,0.61,6.04,6.53,3.76
Jul,16,5,4709,,1,1,0.77,15.6,30.91,,0.0,0.0,24.0,,0.0,0.0,0.0,0.61,6.04,6.53,3.76
Jul,16,6,4710,,1,1,0.77,18.3,30.98,,0.0,0.0,24.0,,0.0,0.0,0.0,0.61,6.04,6.53,3.76
Jul,16,7,4711,,1,1,1.0,21.1,30.63,,0.0,25.59,24.0,,0.0,5.13,14.7,0.8,7.88,6.53,4.91
Jul,16,8,4712,,1,1,1.0,25.0,31.28,,0.0,81.19,24.0,,0.0,18.04,14.7,0.8,7.88,6.53,4.91
Jul,16,9,4713,,1,1,1.0,28.3,31.82,,0.0,122.96,24.0,,0.0,29.63,14.7,0.8,7.88,6.53,4.91
Jul,16,10,4714,,1,1,1.0,30.0,32.24,,0.0,151.56,24.0,,0.0,38.18,14.7,0.8,7.88,6.53,4.91
Jul,16,11,4715,,1,1,1.0,30.6,32.5,,0.0,165.01,24.0,,0.0,42.16,14.7,0.8,7.88,6.53,4.91
Jul,16,12,4716,,1,1,1.0,32.8,32.98,,0.0,192.68,24.0,,0.0,51.26,14.7,0.8,7.88,6.53,4.91
Jul,16,13,4717,,1,1,1.0,33.3,33.3,,0.0,206.34,24.0,,0.0,51.92,14.7,0.8,7.88,6.53,4.91
Jul,16,14,4718,,1,1,1.0,34.4,33.7,,0.0,224.61,24.0,,0.0,53.42,14.7,0.8,7.88,6.53,4.91
Jul,16,15,4719,,1,1,1.0,34.4,33.96,,0.0,231.0,24.0,,0.0,53.42,14.7,0.8,7.88,6.53,4.91
Jul,16,16,4720,,1,1,1.0,34.4,34.2,,0.0,234.73,24.0,,0.0,53.42,14.7,0.8,7.88,6.53,4.91
Jul,16,17,4721,,1,1,1.0,31.7,34.06,,0.0,211.03,24.0,,0.0,49.87,14.7,0.8,7.88,6.53,4.91
Jul,16,18,4722,,1,1,1.0,31.1,34.1,,0.0,203.34,24.0,,0.0,49.14,14.7,0.8,7.88,6.53,4.91
Jul,16,19,4723,,1,1,1.0,27.8,33.75,,0.0,168.36,24.0,,0.0,40.06,14.7,0.8,7.88,6.53,4.91
Jul,16,20,4724,,1,1,1.0,25.6,33.46,,0.0,142.17,24.0,,0.0,32.05,14.7,0.8,7.88,6.53,4.91
Jul,16,21,4725,,1,1,1.0,24.4,33.27,,0.0,125.28,24.0,,0.0,27.38,14.7,0.8,7.88,6.53,4.91
Jul,16,22,4726,,1,1,0.77,22.8,33.31,,0.0,0.0,24.0,,0.0,0.0,0.0,0.61,6.04,6.53,3.76
Jul,16,23,4727,,1,1,0.77,22.2,33.18,,0.0,0.0,24.0,,0.0,0.0,0.0,0.61,6.04,6.53,3.76
Jul,16,24,4728,,1,1,0.77,21.1,32.99,,0.0,0.0,24.0,,0.0,0.0,0.0,0.61,6.04,6.53,3.76
Jul,17,1,4729,,1,1,0.77,21.1,32.88,,0.0,0.0,24.0,,0.0,0.0,0.0,0.61,6.04,6.53,3.76
Jul,17,2,4730,,1,1,0.77,20.0,32.67,,0.0,0.0,24.0,,0.0,0.0,0.0,0.61,6.04,6.53,3.76
Jul,17,3,4731,,1,1,0.77,19.4,32.5,,0.0,0.0,24.0,,0.0,0.0,0.0,0.61,6.04,6.53,3.76
Jul,17,4,4732,,1,1,0.77,18.3,32.27,,0.0,0.0,24.0,,0.0,0.0,0.0,0.61,6.04,6.53,3.76
Jul,17,5,4733,,1,1,0.77,17.8,32.08,,0.0,0.0,24.0,,0.0,0.0,0.0,0.61,6.04,6.53,3.76
Jul,17,6,4734,,1,1,0.77,20.0,32.13,,0.0,0.0,24.0,,0.0,0.0,0.0,0.61,6.04,6.53,3.76
Jul,17,7,4735,,1,1,1.0,22.8,31.82,,0.0,49.94,24.0,,0.0,10.45,14.7,0.8,7.88,6.53,4.91
Jul,17,8,4736,,1,1,1.0,26.1,32.39,,0.0,99.44,24.0,,0.0,22.69,14.7,0.8,7.88,6.53,4.91
Jul,17,9,4737,,1,1,1.0,28.3,32.79,,0.0,130.15,24.0,,0.0,31.36,14.7,0.8,7.88,6.53,4.91
Jul,17,10,4738,,1,1,1.0,30.6,33.26,,0.0,163.18,24.0,,0.0,41.7,14.7,0.8,7.88,6.53,4.91
Jul,17,11,4739,,1,1,1.0,32.8,33.77,,0.0,194.89,24.0,,0.0,51.26,14.7,0.8,7.88,6.53,4.91
Jul,17,12,4740,,1,1,1.0,34.4,34.2,,0.0,217.71,24.0,,0.0,53.42,14.7,0.8,7.88,6.53,4.91
Jul,17,13,4741,,1,1,1.0,33.9,34.4,,0.0,221.25,24.0,,0.0,52.73,14.7,0.8,7.88,6.53,4.91
Jul,17,14,4742,,1,1,1.0,35.6,34.87,,0.0,244.13,24.0,,0.0,55.08,14.7,0.8,7.88,6.53,4.91
Jul,17,15,4743,,1,1,1.0,35.6,35.12,,0.0,249.06,24.0,,0.0,55.08,14.7,0.8,7.88,6.53,4.91
Jul,17,16,4744,,1,1,1.0,36.1,35.4,,0.0,256.38,24.0,,0.0,55.76,14.7,0.8,7.88,6.53,4.91
Jul,17,17,4745,,1,1,1.0,32.8,35.18,,0.0,225.57,24.0,,0.0,51.26,14.7,0.8,7.88,6.53,4.91
Jul,17,18,4746,,1,1,1.0,28.9,34.81,,0.0,187.98,24.0,,0.0,46.0,14.7,0.8,7.88,6.53,4.91
Jul,17,19,4747,,1,1,1.0,25.6,34.38,,0.0,150.63,24.0,,0.0,33.95,14.7,0.8,7.88,6.53,4.91
Jul,17,20,4748,,1,1,1.0,23.9,34.1,,0.0,127.69,24.0,,0.0,27.53,14.7,0.8,7.88,6.53,4.91
Jul,17,21,4749,,1,1,1.0,23.3,33.92,,0.0,115.35,24.0,,0.0,24.47,14.7,0.8,7.88,6.53,4.91
Jul,17,22,4750,,1,1,0.77,24.4,34.24,,0.0,0.0,24.0,,0.0,0.0,0.0,0.61,6.04,6.53,3.76
Jul,17,23,4751,,1,1,0.77,23.9,34.12,,0.0,0.0,24.0,,0.0,0.0,0.0,0.61,6.04,6.53,3.76
Jul,17,24,4752,,1,1,0.77,23.3,33.99,,0.0,0.0,24.0,,0.0,0.0,0.0,0.61,6.04,6.53,3.76
Jul,18,1,4753,,1,1,0.77,21.1,33.71,,0.0,0.0,24.0,,0.0,0.0,0.0,0.61,6.04,6.53,3.76
Jul,18,2,4754,,1,1,0.77,20.6,33.55,,0.0,0.0,24.0,,0.0,0.0,0.0,0.61,6.04,6.53,3.76
Jul,18,3,4755,,1,1,0.77,20.0,33.36,,0.0,0.0,24.0,,0.0,0.0,0.0,0.61,6.04,6.53,3.76
Jul,18,4,4756,,1,1,0.77,19.4,33.17,,0.0,0.0,24.0,,0.0,0.0,0.0,0.61,6.04,6.53,3.76
Jul,18,5,4757,,1,1,0.77,18.3,32.93,,0.0,0.0,24.0,,0.0,0.0,0.0,0.61,6.04,6.53,3.76
Jul,18,6,4758,,1,1,0.77,20.6,32.98,,0.0,0.0,24.0,,0.0,0.0,0.0,0.61,6.04,6.53,3.76
Jul,18,7,4759,,1,1,1.0,22.8,32.58,,0.0,52.04,24.0,,0.0,10.89,14.7,0.8,7.88,6.53,4.91
Jul,18,8,4760,,1,1,1.0,25.0,32.97,,0.0,89.45,24.0,,0.0,19.88,14.7,0.8,7.88,6.53,4.91
Jul,18,9,4761,,1,1,1.0,27.8,33.39,,0.0,124.05,24.0,,0.0,29.51,14.7,0.8,7.88,6.53,4.91
Jul,18,10,4762,,1,1,1.0,29.4,33.72,,0.0,148.28,24.0,,0.0,36.76,14.7,0.8,7.88,6.53,4.91
Jul,18,11,4763,,1,1,1.0,31.7,34.16,,0.0,178.01,24.0,,0.0,46.72,14.7,0.8,7.88,6.53,4.91
Jul,18,12,4764,,1,1,1.0,31.7,34.33,,0.0,184.74,24.0,,0.0,48.49,14.7,0.8,7.88,6.53,4.91
Jul,18,13,4765,,1,1,1.0,31.1,34.46,,0.0,187.78,24.0,,0.0,48.56,14.7,0.8,7.88,6.53,4.91
Jul,18,14,4766,,1,1,1.0,33.3,34.94,,0.0,216.49,24.0,,0.0,51.92,14.7,0.8,7.88,6.53,4.91
Jul,18,15,4767,,1,1,1.0,31.7,34.87,,0.0,201.7,24.0,,0.0,49.87,14.7,0.8,7.88,6.53,4.91
Jul,18,16,4768,,1,1,1.0,27.8,34.5,,0.0,166.43,24.0,,0.0,39.6,14.7,0.8,7.88,6.53,4.91
Jul,18,17,4769,,1,1,1.0,26.7,34.39,,0.0,154.7,24.0,,0.0,35.81,14.7,0.8,7.88,6.53,4.91
Jul,18,18,4770,,1,1,1.0,22.8,33.85,,0.0,112.78,24.0,,0.0,23.61,14.7,0.8,7.88,6.53,4.91
Jul,18,19,4771,,1,1,1.0,21.7,33.58,,0.0,95.72,24.0,,0.0,19.47,14.7,0.8,7.88,6.53,4.91
Jul,18,20,4772,,1,1,1.0,21.7,33.44,,0.0,89.33,24.0,,0.0,18.17,14.7,0.8,7.88,6.53,4.91
Jul,18,21,4773,,1,1,1.0,21.7,33.3,,0.0,83.89,24.0,,0.0,17.07,14.7,0.8,7.88,6.53,4.91
Jul,18,22,4774,,1,1,0.77,20.0,33.41,,0.0,0.0,24.0,,0.0,0.0,0.0,0.61,6.04,6.53,3.76
Jul,18,23,4775,,1,1,0.77,18.9,33.18,,0.0,0.0,24.0,,0.0,0.0,0.0,0.61,6.04,6.53,3.76
Jul,18,24,4776,,1,1,0.77,17.2,32.88,,0.0,0.0,24.0,,0.0,0.0,0.0,0.61,6.04,6.53,3.76
Jul,19,1,4777,,1,1,0.77,17.8,32.75,,0.0,0.0,24.0,,0.0,0.0,0.0,0.61,6.04,6.53,3.76
Jul,19,2,4778,,1,1,0.77,16.7,32.49,,0.0,0.0,24.0,,0.0,0.0,0.0,0.61,6.04,6.53,3.76
Jul,19,3,4779,,1,1,0.77,16.7,32.3,,0.0,0.0,24.0,,0.0,0.0,0.0,0.61,6.04,6.53,3.76
Jul,19,4,4780,,1,1,0.77,16.7,32.12,,0.0,0.0,24.0,,0.0,0.0,0.0,0.61,6.04,6.53,3.76
Jul,19,5,4781,,1,1,0.77,16.7,31.94,,0.0,0.0,24.0,,0.0,0.0,0.0,0.61,6.04,6.53,3.76
Jul,19,6,4782,,1,1,0.77,18.3,31.91,,0.0,0.0,24.0,,0.0,0.0,0.0,0.61,6.04,6.53,3.76
Jul,19,7,4783,,1,1,1.0,21.1,31.51,,0.0,23.07,24.0,,0.0,4.62,14.7,0.8,7.88,6.53,4.91
Jul,19,8,4784,,1,1,1.0,22.8,31.83,,0.0,57.34,24.0,,0.0,12.0,14.7,0.8,7.88,6.53,4.91
Jul,19,9,4785,,1,1,1.0,23.9,32.0,,0.0,75.74,24.0,,0.0,16.33,14.7,0.8,7.88,6.53,4.91
Jul,19,10,4786,,1,1,1.0,26.7,32.42,,0.0,110.77,24.0,,0.0,25.64,14.7,0.8,7.88,6.53,4.91
Jul,19,11,4787,,1,1,1.0,28.3,32.73,,0.0,133.77,24.0,,0.0,32.23,14.7,0.8,7.88,6.53,4.91
Jul,19,12,4788,,1,1,1.0,30.0,33.14,,0.0,161.13,24.0,,0.0,40.59,14.7,0.8,7.88,6.53,4.91
Jul,19,13,4789,,1,1,1.0,31.7,33.52,,0.0,184.18,24.0,,0.0,48.34,14.7,0.8,7.88,6.53,4.91
Jul,19,14,4790,,1,1,1.0,30.6,33.64,,0.0,185.07,24.0,,0.0,47.29,14.7,0.8,7.88,6.53,4.91
Jul,19,15,4791,,1,1,1.0,28.3,33.45,,0.0,163.1,24.0,,0.0,39.3,14.7,0.8,7.88,6.53,4.91
Jul,19,16,4792,,1,1,1.0,25.0,33.16,,0.0,136.57,24.0,,0.0,30.35,14.7,0.8,7.88,6.53,4.91
Jul,19,17,4793,,1,1,1.0,27.2,33.42,,0.0,153.53,24.0,,0.0,35.98,14.7,0.8,7.88,6.53,4.91
Jul,19,18,4794,,1,1,1.0,25.0,33.13,,0.0,128.7,24.0,,0.0,28.6,14.7,0.8,7.88,6.53,4.91
Jul,19,19,4795,,1,1,1.0,18.3,32.23,,0.0,61.49,24.0,,0.0,11.43,14.7,0.8,7.88,6.53,4.91
Jul,19,20,4796,,1,1,1.0,19.4,32.18,,0.0,63.78,24.0,,0.0,12.22,14.7,0.8,7.88,6.53,4.91
Jul,19,21,4797,,1,1,1.0,18.3,31.87,,0.0,47.32,24.0,,0.0,8.79,14.7,0.8,7.88,6.53,4.91
Jul,19,22,4798,,1,1,0.77,18.9,32.23,,0.0,0.0,24.0,,0.0,0.0,0.0,0.61,6.04,6.53,3.76
Jul,19,23,4799,,1,1,0.77,19.4,32.13,,0.0,0.0,24.0,,0.0,0.0,0.0,0.61,6.04,6.53,3.76
Jul,19,24,4800,,1,1,0.77,18.9,31.96,,0.0,0.0,24.0,,0.0,0.0,0.0,0.61,6.04,6.53,3.76
Jul,20,1,4801,,1,1,0.77,18.9,31.82,,0.0,0.0,24.0,,0.0,0.0,0.0,0.61,6.04,6.53,3.76
Jul,20,2,4802,,1,1,0.77,18.9,31.69,,0.0,0.0,24.0,,0.0,0.0,0.0,0.61,6.04,6.53,3.76
Jul,20,3,4803,,1,1,0.77,16.7,31.38,,0.0,0.0,24.0,,0.0,0.0,0.0,0.61,6.04,6.53,3.76
Jul,20,4,4804,,1,1,0.77,16.1,31.16,,0.0,0.0,24.0,,0.0,0.0,0.0,0.61,6.04,6.53,3.76
Jul,20,5,4805,,1,1,0.77,15.0,30.9,,0.0,0.0,23.97,,0.0,0.0,0.0,0.61,6.04,6.53,3.76
Jul,20,6,4806,,1,1,0.77,17.8,30.96,,0.0,0.0,24.0,,0.0,0.0,0.0,0.61,6.04,6.53,3.76
Jul,20,7,4807,,1,1,1.0,21.1,30.64,,0.0,20.6,24.0,,0.0,4.13,14.7,0.8,7.88,6.53,4.91
Jul,20,8,4808,,1,1,1.0,23.9,31.12,,0.0,65.13,24.0,,0.0,14.04,14.7,0.8,7.88,6.53,4.91
Jul,20,9,4809,,1,1,1.0,26.1,31.47,,0.0,94.41,24.0,,0.0,21.54,14.7,0.8,7.88,6.53,4.91
Jul,20,10,4810,,1,1,1.0,27.8,31.8,,0.0,119.27,24.0,,0.0,28.38,14.7,0.8,7.88,6.53,4.91
Jul,20,11,4811,,1,1,1.0,30.6,32.34,,0.0,156.86,24.0,,0.0,40.08,14.7,0.8,7.88,6.53,4.91
Jul,20,12,4812,,1,1,1.0,30.0,32.45,,0.0,159.15,24.0,,0.0,40.09,14.7,0.8,7.88,6.53,4.91
Jul,20,13,4813,,1,1,1.0,31.1,32.8,,0.0,178.1,24.0,,0.0,46.06,14.7,0.8,7.88,6.53,4.91
Jul,20,14,4814,,1,1,1.0,30.6,32.96,,0.0,181.66,24.0,,0.0,46.42,14.7,0.8,7.88,6.53,4.91
Jul,20,15,4815,,1,1,1.0,29.4,32.97,,0.0,173.8,24.0,,0.0,43.09,14.7,0.8,7.88,6.53,4.91
Jul,20,16,4816,,1,1,1.0,19.4,31.77,,0.0,78.48,24.0,,0.0,15.04,14.7,0.8,7.88,6.53,4.91
Jul,20,17,4817,,1,1,1.0,19.4,31.68,,0.0,75.3,24.0,,0.0,14.43,14.7,0.8,7.88,6.53,4.91
Jul,20,18,4818,,1,1,1.0,19.4,31.53,,0.0,67.29,24.0,,0.0,12.89,14.7,0.8,7.88,6.53,4.91
Jul,20,19,4819,,1,1,1.0,20.0,31.45,,0.0,66.29,24.0,,0.0,12.92,14.7,0.8,7.88,6.53,4.91
Jul,20,20,4820,,1,1,1.0,19.4,31.24,,0.0,55.2,24.0,,0.0,10.58,14.7,0.8,7.88,6.53,4.91
Jul,20,21,4821,,1,1,1.0,18.9,31.04,,0.0,45.55,24.0,,0.0,8.61,14.7,0.8,7.88,6.53,4.91
Jul,20,22,4822,,1,1,0.77,18.9,31.3,,0.0,0.0,24.0,,0.0,0.0,0.0,0.61,6.04,6.53,3.76
Jul,20,23,4823,,1,1,0.77,17.8,31.09,,0.0,0.0,24.0,,0.0,0.0,0.0,0.61,6.04,6.53,3.76
Jul,20,24,4824,,1,1,0.77,18.3,30.99,,0.0,0.0,24.0,,0.0,0.0,0.0,0.61,6.04,6.53,3.76
Jul,21,1,4825,,1,1,0.77,16.7,30.73,,0.0,0.0,24.0,,0.0,0.0,0.0,0.61,6.04,6.53,3.76
Jul,21,2,4826,,1,1,0.77,16.7,30.58,,0.0,0.0,24.0,,0.0,0.0,0.0,0.61,6.04,6.53,3.76
Jul,21,3,4827,,1,1,0.77,16.7,30.43,,0.0,0.0,24.0,,0.0,0.0,0.0,0.61,6.04,6.53,3.76
Jul,21,4,4828,,1,1,0.77,17.2,30.32,,0.0,0.0,24.0,,0.0,0.0,0.0,0.61,6.04,6.53,3.76
Jul,21,5,4829,,1,1,0.77,17.2,30.19,,0.0,0.0,24.0,,0.0,0.0,0.0,0.61,6.04,6.53,3.76
Jul,21,6,4830,,1,1,0.77,17.8,30.11,,0.0,0.0,24.0,,0.0,0.0,0.0,0.61,6.04,6.53,3.76
Jul,21,7,4831,,1,1,1.0,20.6,29.77,,0.0,12.68,24.0,,0.0,2.51,14.7,0.8,7.88,6.53,4.91
Jul,21,8,4832,,1,1,1.0,21.1,29.98,,0.0,36.61,24.0,,0.0,7.33,14.7,0.8,7.88,6.53,4.91
Jul,21,9,4833,,1,1,1.0,23.3,30.29,,0.0,65.64,24.0,,0.0,13.92,14.7,0.8,7.88,6.53,4.91
Jul,21,10,4834,,1,1,1.0,26.1,30.75,,0.0,101.74,24.0,,0.0,23.21,14.7,0.8,7.88,6.53,4.91
Jul,21,11,4835,,1,1,1.0,27.8,31.12,,0.0,127.25,24.0,,0.0,30.27,14.7,0.8,7.88,6.53,4.91
Jul,21,12,4836,,1,1,1.0,29.4,31.49,,0.0,149.95,24.0,,0.0,37.18,14.7,0.8,7.88,6.53,4.91
Jul,21,13,4837,,1,1,1.0,30.0,31.74,,0.0,161.43,24.0,,0.0,40.66,14.7,0.8,7.88,6.53,4.91
Jul,21,14,4838,,1,1,1.0,28.9,31.79,,0.0,156.99,24.0,,0.0,38.42,14.7,0.8,7.88,6.53,4.91
Jul,21,15,4839,,1,1,1.0,28.9,31.95,,0.0,161.15,24.0,,0.0,39.43,14.7,0.8,7.88,6.53,4.91
Jul,21,16,4840,,1,1,1.0,27.8,31.97,,0.0,155.35,24.0,,0.0,36.96,14.7,0.8,7.88,6.53,4.91
Jul,21,17,4841,,1,1,1.0,26.1,31.85,,0.0,139.88,24.0,,0.0,31.91,14.7,0.8,7.88,6.53,4.91
Jul,21,18,4842,,1,1,1.0,24.4,31.64,,0.0,119.31,24.0,,0.0,26.08,14.7,0.8,7.88,6.53,4.91
Jul,21,19,4843,,1,1,1.0,22.8,31.41,,0.0,99.85,24.0,,0.0,20.9,14.7,0.8,7.88,6.53,4.91
Jul,21,20,4844,,1,1,1.0,22.2,31.26,,0.0,89.13,24.0,,0.0,18.37,14.7,0.8,7.88,6.53,4.91
Jul,21,21,4845,,1,1,1.0,22.2,31.19,,0.0,84.62,24.0,,0.0,17.44,14.7,0.8,7.88,6.53,4.91
Jul,21,22,4846,,1,1,0.77,21.1,31.28,,0.0,0.0,24.0,,0.0,0.0,0.0,0.61,6.04,6.53,3.76
Jul,21,23,4847,,1,1,0.77,20.6,31.16,,0.0,0.0,24.0,,0.0,0.0,0.0,0.61,6.04,6.53,3.76
Jul,21,24,4848,,1,1,0.77,20.6,31.07,,0.0,0.0,24.0,,0.0,0.0,0.0,0.61,6.04,6.53,3.76
Jul,22,1,4849,,1,1,0.77,20.0,30.93,,0.0,0.0,24.0,,0.0,0.0,0.0,0.61,6.04,6.53,3.76
Jul,22,2,4850,,1,1,0.77,19.4,30.79,,0.0,0.0,24.0,,0.0,0.0,0.0,0.61,6.04,6.53,3.76
Jul,22,3,4851,,1,1,0.77,18.3,30.59,,0.0,0.0,24.0,,0.0,0.0,0.0,0.61,6.04,6.53,3.76
Jul,22,4,4852,,1,1,0.77,17.8,30.43,,0.0,0.0,24.0,,0.0,0.0,0.0,0.61,6.04,6.53,3.76
Jul,22,5,4853,,1,1,0.77,17.8,30.3,,0.0,0.0,24.0,,0.0,0.0,0.0,0.61,6.04,6.53,3.76
Jul,22,6,4854,,1,1,0.77,18.3,30.22,,0.0,0.0,24.0,,0.0,0.0,0.0,0.61,6.04,6.53,3.76
Jul,22,7,4855,,1,1,1.0,20.0,29.78,,0.0,13.84,24.0,,0.0,2.7,14.7,0.8,7.88,6.53,4.91
Jul,22,8,4856,,1,1,1.0,20.6,29.98,,0.0,37.43,24.0,,0.0,7.41,14.7,0.8,7.88,6.53,4.91
Jul,22,9,4857,,1,1,1.0,22.2,30.17,,0.0,57.17,24.0,,0.0,11.78,14.7,0.8,7.88,6.53,4.91
Jul,22,10,4858,,1,1,1.0,22.8,30.26,,0.0,66.8,24.0,,0.0,13.98,14.7,0.8,7.88,6.53,4.91
Jul,22,11,4859,,1,1,1.0,24.4,30.52,,0.0,87.92,24.0,,0.0,19.21,14.7,0.8,7.88,6.53,4.91
Jul,22,12,4860,,1,1,1.0,26.1,30.84,,0.0,111.49,24.0,,0.0,25.43,14.7,0.8,7.88,6.53,4.91
Jul,22,13,4861,,1,1,1.0,28.3,31.26,,0.0,139.3,24.0,,0.0,33.56,14.7,0.8,7.88,6.53,4.91
Jul,22,14,4862,,1,1,1.0,18.9,30.15,,0.0,52.36,24.0,,0.0,9.89,14.7,0.8,7.88,6.53,4.91
Jul,22,15,4863,,1,1,1.0,17.2,29.85,,0.0,34.11,24.0,,0.0,6.15,14.7,0.8,7.88,6.53,4.91
Jul,22,16,4864,,1,1,1.0,16.7,29.66,,0.0,26.01,24.0,,0.0,4.63,14.7,0.8,7.88,6.53,4.91
Jul,22,17,4865,,1,1,1.0,16.1,29.44,,0.0,16.15,24.0,,0.0,2.83,14.7,0.8,7.88,6.53,4.91
Jul,22,18,4866,,1,1,1.0,15.0,29.13,,0.0,0.88,24.0,,0.0,0.15,14.7,0.8,7.88,6.53,4.91
Jul,22,19,4867,,1,1,1.0,15.0,28.92,,3.97,0.0,23.93,,1.11,0.0,14.7,0.8,7.88,6.53,4.91
Jul,22,20,4868,,1,1,1.0,15.0,28.73,,8.33,0.0,23.86,,2.33,0.0,14.7,0.8,7.88,6.53,4.91
Jul,22,21,4869,,1,1,1.0,14.4,28.47,,17.21,0.0,23.72,,4.88,0.0,14.7,0.8,7.88,6.53,4.91
Jul,22,22,4870,,1,1,0.77,13.9,28.74,,0.0,0.0,23.87,,0.0,0.0,0.0,0.61,6.04,6.53,3.76
Jul,22,23,4871,,1,1,0.77,14.4,28.62,,0.0,0.0,23.83,,0.0,0.0,0.0,0.61,6.04,6.53,3.76
Jul,22,24,4872,,1,1,0.77,14.4,28.46,,0.0,0.0,23.76,,0.0,0.0,0.0,0.61,6.04,6.53,3.76
Jul,23,1,4873,,1,1,0.77,14.4,28.31,,0.0,0.0,23.7,,0.0,0.0,0.0,0.61,6.04,6.53,3.76
Jul,23,2,4874,,1,1,0.77,14.4,28.15,,0.0,0.0,23.63,,0.0,0.0,0.0,0.61,6.04,6.53,3.76
Jul,23,3,4875,,1,1,0.77,14.4,28.01,,0.0,0.0,23.57,,0.0,0.0,0.0,0.61,6.04,6.53,3.76
Jul,23,4,4876,,1,1,0.77,13.9,27.82,,0.0,0.0,23.47,,0.0,0.0,0.0,0.61,6.04,6.53,3.76
Jul,23,5,4877,,1,1,0.77,14.4,27.71,,0.0,0.0,23.44,,0.0,0.0,0.0,0.61,6.04,6.53,3.76
Jul,23,6,4878,,1,1,0.77,13.3,27.48,,0.0,0.0,23.29,,0.0,0.0,0.0,0.61,6.04,6.53,3.76
Jul,23,7,4879,,1,1,1.0,13.3,26.64,,77.26,0.0,22.72,,22.39,0.0,14.7,0.8,7.88,6.53,4.91
Jul,23,8,4880,,1,1,1.0,13.9,26.7,,67.38,0.0,22.89,,19.29,0.0,14.7,0.8,7.88,6.53,4.91
Jul,23,9,4881,,1,1,1.0,14.4,26.65,,65.1,0.0,22.93,,18.45,0.0,14.7,0.8,7.88,6.53,4.91
Jul,23,10,4882,,1,1,1.0,14.4,26.53,,66.54,0.0,22.9,,18.86,0.0,14.7,0.8,7.88,6.53,4.91
Jul,23,11,4883,,1,1,1.0,13.9,26.35,,72.32,0.0,22.81,,20.7,0.0,14.7,0.8,7.88,6.53,4.91
Jul,23,12,4884,,1,1,1.0,15.0,26.38,,65.05,0.0,22.93,,18.22,0.0,14.7,0.8,7.88,6.53,4.91
Jul,23,13,4885,,1,1,1.0,16.1,26.44,,56.34,0.0,23.07,,15.78,0.0,14.7,0.8,7.88,6.53,4.91
Jul,23,14,4886,,1,1,1.0,16.7,26.47,,49.7,0.0,23.18,,13.92,0.0,14.7,0.8,7.88,6.53,4.91
Jul,23,15,4887,,1,1,1.0,16.7,26.51,,42.25,0.0,23.3,,11.83,0.0,14.7,0.8,7.88,6.53,4.91
Jul,23,16,4888,,1,1,1.0,16.1,26.36,,47.02,0.0,23.22,,13.17,0.0,14.7,0.8,7.88,6.53,4.91
Jul,23,17,4889,,1,1,1.0,16.1,26.27,,47.46,0.0,23.22,,13.29,0.0,14.7,0.8,7.88,6.53,4.91
Jul,23,18,4890,,1,1,1.0,15.6,26.11,,52.68,0.0,23.13,,14.76,0.0,14.7,0.8,7.88,6.53,4.91
Jul,23,19,4891,,1,1,1.0,15.6,26.0,,54.81,0.0,23.1,,15.35,0.0,14.7,0.8,7.88,6.53,4.91
Jul,23,20,4892,,1,1,1.0,15.0,25.82,,61.76,0.0,22.98,,17.3,0.0,14.7,0.8,7.88,6.53,4.91
Jul,23,21,4893,,1,1,1.0,15.0,25.7,,64.67,0.0,22.93,,18.11,0.0,14.7,0.8,7.88,6.53,4.91
Jul,23,22,4894,,1,1,0.77,14.4,25.88,,0.0,0.0,23.04,,0.0,0.0,0.0,0.61,6.04,6.53,3.76
Jul,23,23,4895,,1,1,0.77,14.4,25.78,,0.0,0.0,22.99,,0.0,0.0,0.0,0.61,6.04,6.53,3.76
Jul,23,24,4896,,1,1,0.77,14.4,25.67,,0.0,0.0,22.94,,0.0,0.0,0.0,0.61,6.04,6.53,3.76
Jul,24,1,4897,,1,1,0.77,13.9,25.53,,0.0,0.0,22.84,,0.0,0.0,0.0,0.61,6.04,6.53,3.76
Jul,24,2,4898,,1,1,0.77,13.9,25.42,,0.0,0.0,22.78,,0.0,0.0,0.0,0.61,6.04,6.53,3.76
Jul,24,3,4899,,1,1,0.77,14.4,25.35,,0.0,0.0,22.77,,0.0,0.0,0.0,0.61,6.04,6.53,3.76
Jul,24,4,4900,,1,1,0.77,14.4,25.26,,0.0,0.0,22.72,,0.0,0.0,0.0,0.61,6.04,6.53,3.76
Jul,24,5,4901,,1,1,0.77,15.0,25.21,,0.0,0.0,22.72,,0.0,0.0,0.0,0.61,6.04,6.53,3.76
Jul,24,6,4902,,1,1,0.77,15.0,25.13,,0.0,0.0,22.69,,0.0,0.0,0.0,0.61,6.04,6.53,3.76
Jul,24,7,4903,,1,1,1.0,16.1,24.7,,95.46,0.0,22.42,,26.74,0.0,14.7,0.8,7.88,6.53,4.91
Jul,24,8,4904,,1,1,1.0,17.8,25.1,,68.18,0.0,22.87,,19.1,0.0,14.7,0.8,7.88,6.53,4.91
Jul,24,9,4905,,1,1,1.0,17.8,25.1,,64.82,0.0,22.93,,18.16,0.0,14.7,0.8,7.88,6.53,4.91
Jul,24,10,4906,,1,1,1.0,18.3,25.18,,56.72,0.0,23.06,,15.89,0.0,14.7,0.8,7.88,6.53,4.91
Jul,24,11,4907,,1,1,1.0,20.0,25.43,,38.7,0.0,23.36,,10.84,0.0,14.7,0.8,7.88,6.53,4.91
Jul,24,12,4908,,1,1,1.0,18.9,25.35,,40.41,0.0,23.33,,11.32,0.0,14.7,0.8,7.88,6.53,4.91
Jul,24,13,4909,,1,1,1.0,19.4,25.45,,31.26,0.0,23.48,,8.76,0.0,14.7,0.8,7.88,6.53,4.91
Jul,24,14,4910,,1,1,1.0,18.3,25.36,,33.55,0.0,23.45,,9.4,0.0,14.7,0.8,7.88,6.53,4.91
Jul,24,15,4911,,1,1,1.0,16.7,25.18,,41.75,0.0,23.31,,11.69,0.0,14.7,0.8,7.88,6.53,4.91
Jul,24,16,4912,,1,1,1.0,17.2,25.24,,35.63,0.0,23.41,,9.98,0.0,14.7,0.8,7.88,6.53,4.91
Jul,24,17,4913,,1,1,1.0,18.3,25.35,,25.78,0.0,23.57,,7.22,0.0,14.7,0.8,7.88,6.53,4.91
Jul,24,18,4914,,1,1,1.0,18.3,25.35,,23.29,0.0,23.62,,6.52,0.0,14.7,0.8,7.88,6.53,4.91
Jul,24,19,4915,,1,1,1.0,17.2,25.19,,30.81,0.0,23.49,,8.63,0.0,14.7,0.8,7.88,6.53,4.91
Jul,24,20,4916,,1,1,1.0,16.1,24.99,,39.92,0.0,23.34,,11.18,0.0,14.7,0.8,7.88,6.53,4.91
Jul,24,21,4917,,1,1,1.0,15.6,24.86,,45.62,0.0,23.25,,12.78,0.0,14.7,0.8,7.88,6.53,4.91
Jul,24,22,4918,,1,1,0.77,16.1,25.09,,0.0,0.0,23.44,,0.0,0.0,0.0,0.61,6.04,6.53,3.76
Jul,24,23,4919,,1,1,0.77,15.0,24.94,,0.0,0.0,23.32,,0.0,0.0,0.0,0.61,6.04,6.53,3.76
Jul,24,24,4920,,1,1,0.77,14.4,24.82,,0.0,0.0,23.22,,0.0,0.0,0.0,0.61,6.04,6.53,3.76
Jul,25,1,4921,,1,1,0.77,12.8,24.6,,0.0,0.0,23.03,,0.0,0.0,0.0,0.61,6.04,6.53,3.76
Jul,25,2,4922,,1,1,0.77,12.8,24.49,,0.0,0.0,22.95,,0.0,0.0,0.0,0.61,6.04,6.53,3.76
Jul,25,3,4923,,1,1,0.77,12.2,24.33,,0.0,0.0,22.82,,0.0,0.0,0.0,0.61,6.04,6.53,3.76
Jul,25,4,4924,,1,1,0.77,12.2,24.21,,0.0,0.0,22.73,,0.0,0.0,0.0,0.61,6.04,6.53,3.76
Jul,25,5,4925,,1,1,0.77,12.2,24.09,,0.0,0.0,22.64,,0.0,0.0,0.0,0.61,6.04,6.53,3.76
Jul,25,6,4926,,1,1,0.77,12.8,24.04,,0.0,0.0,22.61,,0.0,0.0,0.0,0.61,6.04,6.53,3.76
Jul,25,7,4927,,1,1,1.0,15.0,23.69,,80.47,0.0,22.36,,22.54,0.0,14.7,0.8,7.88,6.53,4.91
Jul,25,8,4928,,1,1,1.0,17.2,24.16,,68.87,0.0,22.86,,19.29,0.0,14.7,0.8,7.88,6.53,4.91
Jul,25,9,4929,,1,1,1.0,20.0,24.57,,41.86,0.0,23.31,,11.73,0.0,14.7,0.8,7.88,6.53,4.91
Jul,25,10,4930,,1,1,1.0,21.7,24.96,,16.86,0.0,23.72,,4.26,0.0,14.7,0.8,7.88,6.53,4.91
Jul,25,11,4931,,1,1,1.0,22.2,25.22,,0.0,1.16,24.0,,0.0,0.24,14.7,0.8,7.88,6.53,4.91
Jul,25,12,4932,,1,1,1.0,23.3,25.56,,0.0,28.12,24.0,,0.0,5.96,14.7,0.8,7.88,6.53,4.91
Jul,25,13,4933,,1,1,1.0,25.0,26.01,,0.0,59.97,24.0,,0.0,13.33,14.7,0.8,7.88,6.53,4.91
Jul,25,14,4934,,1,1,1.0,21.1,25.71,,0.0,34.07,24.0,,0.0,6.83,14.7,0.8,7.88,6.53,4.91
Jul,25,15,4935,,1,1,1.0,13.3,24.76,,31.28,0.0,23.48,,9.06,0.0,14.7,0.8,7.88,6.53,4.91
Jul,25,16,4936,,1,1,1.0,18.3,25.33,,0.0,6.79,24.0,,0.0,1.26,14.7,0.8,7.88,6.53,4.91
Jul,25,17,4937,,1,1,1.0,20.6,25.65,,0.0,31.46,24.0,,0.0,6.22,14.7,0.8,7.88,6.53,4.91
Jul,25,18,4938,,1,1,1.0,19.4,25.57,,0.0,24.18,24.0,,0.0,4.63,14.7,0.8,7.88,6.53,4.91
Jul,25,19,4939,,1,1,1.0,18.9,25.49,,0.0,18.03,24.0,,0.0,3.41,14.7,0.8,7.88,6.53,4.91
Jul,25,20,4940,,1,1,1.0,17.2,25.26,,0.0,1.05,24.0,,0.0,0.19,14.7,0.8,7.88,6.53,4.91
Jul,25,21,4941,,1,1,1.0,15.6,25.0,,12.84,0.0,23.79,,3.6,0.0,14.7,0.8,7.88,6.53,4.91
Jul,25,22,4942,,1,1,0.77,13.9,25.06,,0.0,0.0,23.81,,0.0,0.0,0.0,0.61,6.04,6.53,3.76
Jul,25,23,4943,,1,1,0.77,15.0,25.05,,0.0,0.0,23.83,,0.0,0.0,0.0,0.61,6.04,6.53,3.76
Jul,25,24,4944,,1,1,0.77,14.4,24.92,,0.0,0.0,23.72,,0.0,0.0,0.0,0.61,6.04,6.53,3.76
Jul,26,1,4945,,1,1,0.77,13.9,24.79,,0.0,0.0,23.61,,0.0,0.0,0.0,0.61,6.04,6.53,3.76
Jul,26,2,4946,,1,1,0.77,13.3,24.65,,0.0,0.0,23.49,,0.0,0.0,0.0,0.61,6.04,6.53,3.76
Jul,26,3,4947,,1,1,0.77,12.2,24.45,,0.0,0.0,23.32,,0.0,0.0,0.0,0.61,6.04,6.53,3.76
Jul,26,4,4948,,1,1,0.77,12.2,24.33,,0.0,0.0,23.22,,0.0,0.0,0.0,0.61,6.04,6.53,3.76
Jul,26,5,4949,,1,1,0.77,11.7,24.17,,0.0,0.0,23.08,,0.0,0.0,0.0,0.61,6.04,6.53,3.76
Jul,26,6,4950,,1,1,0.77,13.9,24.25,,0.0,0.0,23.18,,0.0,0.0,0.0,0.61,6.04,6.53,3.76
Jul,26,7,4951,,1,1,1.0,16.7,24.06,,56.73,0.0,23.06,,15.89,0.0,14.7,0.8,7.88,6.53,4.91
Jul,26,8,4952,,1,1,1.0,18.9,24.53,,26.85,0.0,23.56,,7.52,0.0,14.7,0.8,7.88,6.53,4.91
Jul,26,9,4953,,1,1,1.0,21.7,25.03,,0.0,6.13,24.0,,0.0,1.25,14.7,0.8,7.88,6.53,4.91
Jul,26,10,4954,,1,1,1.0,23.9,25.52,,0.0,42.6,24.0,,0.0,9.18,14.7,0.8,7.88,6.53,4.91
Jul,26,11,4955,,1,1,1.0,26.1,26.03,,0.0,77.21,24.0,,0.0,17.61,14.7,0.8,7.88,6.53,4.91
Jul,26,12,4956,,1,1,1.0,25.0,26.13,,0.0,78.11,24.0,,0.0,17.36,14.7,0.8,7.88,6.53,4.91
Jul,26,13,4957,,1,1,1.0,25.6,26.38,,0.0,89.05,24.0,,0.0,20.07,14.7,0.8,7.88,6.53,4.91
Jul,26,14,4958,,1,1,1.0,25.0,26.53,,0.0,92.48,24.0,,0.0,20.55,14.7,0.8,7.88,6.53,4.91
Jul,26,15,4959,,1,1,1.0,15.0,25.38,,0.0,0.3,24.0,,0.0,0.05,14.7,0.8,7.88,6.53,4.91
Jul,26,16,4960,,1,1,1.0,20.0,25.97,,0.0,45.72,24.0,,0.0,8.91,14.7,0.8,7.88,6.53,4.91
Jul,26,17,4961,,1,1,1.0,20.6,26.08,,0.0,51.22,24.0,,0.0,10.13,14.7,0.8,7.88,6.53,4.91
Jul,26,18,4962,,1,1,1.0,20.6,26.13,,0.0,51.8,24.0,,0.0,10.25,14.7,0.8,7.88,6.53,4.91
Jul,26,19,4963,,1,1,1.0,20.0,26.06,,0.0,43.47,24.0,,0.0,8.47,14.7,0.8,7.88,6.53,4.91
Jul,26,20,4964,,1,1,1.0,17.2,25.7,,0.0,14.65,24.0,,0.0,2.64,14.7,0.8,7.88,6.53,4.91
Jul,26,21,4965,,1,1,1.0,16.1,25.5,,0.0,0.9,24.0,,0.0,0.16,14.7,0.8,7.88,6.53,4.91
Jul,26,22,4966,,1,1,0.77,15.6,25.65,,0.0,0.0,24.0,,0.0,0.0,0.0,0.61,6.04,6.53,3.76
Jul,26,23,4967,,1,1,0.77,15.0,25.52,,0.0,0.0,24.0,,0.0,0.0,0.0,0.61,6.04,6.53,3.76
Jul,26,24,4968,,1,1,0.77,13.9,25.34,,0.0,0.0,23.86,,0.0,0.0,0.0,0.61,6.04,6.53,3.76
Jul,27,1,4969,,1,1,0.77,13.3,25.19,,0.0,0.0,23.73,,0.0,0.0,0.0,0.61,6.04,6.53,3.76
Jul,27,2,4970,,1,1,0.77,13.3,25.07,,0.0,0.0,23.65,,0.0,0.0,0.0,0.61,6.04,6.53,3.76
Jul,27,3,4971,,1,1,0.77,12.8,24.92,,0.0,0.0,23.52,,0.0,0.0,0.0,0.61,6.04,6.53,3.76
Jul,27,4,4972,,1,1,0.77,12.8,24.8,,0.0,0.0,23.43,,0.0,0.0,0.0,0.61,6.04,6.53,3.76
Jul,27,5,4973,,1,1,0.77,12.2,24.64,,0.0,0.0,23.29,,0.0,0.0,0.0,0.61,6.04,6.53,3.76
Jul,27,6,4974,,1,1,0.77,13.9,24.68,,0.0,0.0,23.35,,0.0,0.0,0.0,0.61,6.04,6.53,3.76
Jul,27,7,4975,,1,1,1.0,17.2,24.52,,43.34,0.0,23.28,,12.14,0.0,14.7,0.8,7.88,6.53,4.91
Jul,27,8,4976,,1,1,1.0,20.6,25.15,,3.22,0.0,23.95,,0.81,0.0,14.7,0.8,7.88,6.53,4.91
Jul,27,9,4977,,1,1,1.0,22.8,25.6,,0.0,30.95,24.0,,0.0,6.48,14.7,0.8,7.88,6.53,4.91
Jul,27,10,4978,,1,1,1.0,23.9,25.93,,0.0,54.37,24.0,,0.0,11.72,14.7,0.8,7.88,6.53,4.91
Jul,27,11,4979,,1,1,1.0,26.1,26.43,,0.0,86.74,24.0,,0.0,19.79,14.7,0.8,7.88,6.53,4.91
Jul,27,12,4980,,1,1,1.0,26.7,26.72,,0.0,100.95,24.0,,0.0,23.37,14.7,0.8,7.88,6.53,4.91
Jul,27,13,4981,,1,1,1.0,27.2,27.06,,0.0,117.18,24.0,,0.0,27.46,14.7,0.8,7.88,6.53,4.91
Jul,27,14,4982,,1,1,1.0,27.8,27.39,,0.0,130.85,24.0,,0.0,31.13,14.7,0.8,7.88,6.53,4.91
Jul,27,15,4983,,1,1,1.0,27.8,27.63,,0.0,137.12,24.0,,0.0,32.62,14.7,0.8,7.88,6.53,4.91
Jul,27,16,4984,,1,1,1.0,27.8,27.86,,0.0,141.37,24.0,,0.0,33.63,14.7,0.8,7.88,6.53,4.91
Jul,27,17,4985,,1,1,1.0,27.8,28.05,,0.0,143.19,24.0,,0.0,34.07,14.7,0.8,7.88,6.53,4.91
Jul,27,18,4986,,1,1,1.0,26.7,28.08,,0.0,133.35,24.0,,0.0,30.87,14.7,0.8,7.88,6.53,4.91
Jul,27,19,4987,,1,1,1.0,25.6,28.07,,0.0,121.99,24.0,,0.0,27.5,14.7,0.8,7.88,6.53,4.91
Jul,27,20,4988,,1,1,1.0,23.9,27.93,,0.0,102.46,24.0,,0.0,22.09,14.7,0.8,7.88,6.53,4.91
Jul,27,21,4989,,1,1,1.0,21.7,27.7,,0.0,78.49,24.0,,0.0,15.97,14.7,0.8,7.88,6.53,4.91
Jul,27,22,4990,,1,1,0.77,19.4,27.61,,0.0,0.0,24.0,,0.0,0.0,0.0,0.61,6.04,6.53,3.76
Jul,27,23,4991,,1,1,0.77,18.9,27.53,,0.0,0.0,24.0,,0.0,0.0,0.0,0.61,6.04,6.53,3.76
Jul,27,24,4992,,1,1,0.77,18.3,27.42,,0.0,0.0,24.0,,0.0,0.0,0.0,0.61,6.04,6.53,3.76
Jul,28,1,4993,,1,1,0.77,17.2,27.27,,0.0,0.0,24.0,,0.0,0.0,0.0,0.61,6.04,6.53,3.76
Jul,28,2,4994,,1,1,0.77,16.1,27.1,,0.0,0.0,24.0,,0.0,0.0,0.0,0.61,6.04,6.53,3.76
Jul,28,3,4995,,1,1,0.77,15.6,26.96,,0.0,0.0,24.0,,0.0,0.0,0.0,0.61,6.04,6.53,3.76
Jul,28,4,4996,,1,1,0.77,15.0,26.81,,0.0,0.0,23.99,,0.0,0.0,0.0,0.61,6.04,6.53,3.76
Jul,28,5,4997,,1,1,0.77,14.4,26.65,,0.0,0.0,23.88,,0.0,0.0,0.0,0.61,6.04,6.53,3.76
Jul,28,6,4998,,1,1,0.77,16.7,26.73,,0.0,0.0,24.0,,0.0,0.0,0.0,0.61,6.04,6.53,3.76
Jul,28,7,4999,,1,1,1.0,19.4,26.55,,0.0,1.07,24.0,,0.0,0.21,14.7,0.8,7.88,6.53,4.91
Jul,28,8,5000,,1,1,1.0,22.2,27.1,,0.0,46.04,24.0,,0.0,9.49,14.7,0.8,7.88,6.53,4.91
Jul,28,9,5001,,1,1,1.0,25.6,27.67,,0.0,87.67,24.0,,0.0,19.76,14.7,0.8,7.88,6.53,4.91
Jul,28,10,5002,,1,1,1.0,27.8,28.21,,0.0,121.74,24.0,,0.0,28.96,14.7,0.8,7.88,6.53,4.91
Jul,28,11,5003,,1,1,1.0,29.4,28.71,,0.0,149.28,24.0,,0.0,37.01,14.7,0.8,7.88,6.53,4.91
Jul,28,12,5004,,1,1,1.0,30.0,29.04,,0.0,161.98,24.0,,0.0,40.8,14.7,0.8,7.88,6.53,4.91
Jul,28,13,5005,,1,1,1.0,31.1,29.48,,0.0,181.56,24.0,,0.0,46.96,14.7,0.8,7.88,6.53,4.91
Jul,28,14,5006,,1,1,1.0,31.1,29.78,,0.0,188.58,24.0,,0.0,48.77,14.7,0.8,7.88,6.53,4.91
Jul,28,15,5007,,1,1,1.0,31.1,30.05,,0.0,193.44,24.0,,0.0,49.14,14.7,0.8,7.88,6.53,4.91
Jul,28,16,5008,,1,1,1.0,31.7,30.35,,0.0,200.34,24.0,,0.0,49.87,14.7,0.8,7.88,6.53,4.91
Jul,28,17,5009,,1,1,1.0,31.1,30.49,,0.0,194.86,24.0,,0.0,49.14,14.7,0.8,7.88,6.53,4.91
Jul,28,18,5010,,1,1,1.0,30.0,30.54,,0.0,183.8,24.0,,0.0,46.3,14.7,0.8,7.88,6.53,4.91
Jul,28,19,5011,,1,1,1.0,28.3,30.46,,0.0,164.86,24.0,,0.0,39.72,14.7,0.8,7.88,6.53,4.91
Jul,28,20,5012,,1,1,1.0,25.0,30.13,,0.0,129.62,24.0,,0.0,28.8,14.7,0.8,7.88,6.53,4.91
Jul,28,21,5013,,1,1,1.0,23.9,30.01,,0.0,114.3,24.0,,0.0,24.64,14.7,0.8,7.88,6.53,4.91
Jul,28,22,5014,,1,1,0.77,24.4,30.16,,0.0,0.0,24.0,,0.0,0.0,0.0,0.61,6.04,6.53,3.76
Jul,28,23,5015,,1,1,0.77,22.8,30.03,,0.0,0.0,24.0,,0.0,0.0,0.0,0.61,6.04,6.53,3.76
Jul,28,24,5016,,1,1,0.77,21.1,29.86,,0.0,0.0,24.0,,0.0,0.0,0.0,0.61,6.04,6.53,3.76
Jul,29,1,5017,,1,1,0.77,19.4,29.67,,0.0,0.0,24.0,,0.0,0.0,0.0,0.61,6.04,6.53,3.76
Jul,29,2,5018,,1,1,0.77,18.3,29.49,,0.0,0.0,24.0,,0.0,0.0,0.0,0.61,6.04,6.53,3.76
Jul,29,3,5019,,1,1,0.77,16.7,29.26,,0.0,0.0,24.0,,0.0,0.0,0.0,0.61,6.04,6.53,3.76
Jul,29,4,5020,,1,1,0.77,16.7,29.13,,0.0,0.0,24.0,,0.0,0.0,0.0,0.61,6.04,6.53,3.76
Jul,29,5,5021,,1,1,0.77,16.7,29.01,,0.0,0.0,24.0,,0.0,0.0,0.0,0.61,6.04,6.53,3.76
Jul,29,6,5022,,1,1,0.77,16.7,28.9,,0.0,0.0,24.0,,0.0,0.0,0.0,0.61,6.04,6.53,3.76
Jul,29,7,5023,,1,1,1.0,20.0,28.65,,0.0,16.74,24.0,,0.0,3.26,14.7,0.8,7.88,6.53,4.91
Jul,29,8,5024,,1,1,1.0,23.3,29.22,,0.0,64.98,24.0,,0.0,13.78,14.7,0.8,7.88,6.53,4.91
Jul,29,9,5025,,1,1,1.0,26.7,29.76,,0.0,105.51,24.0,,0.0,24.42,14.7,0.8,7.88,6.53,4.91
Jul,29,10,5026,,1,1,1.0,29.4,30.34,,0.0,144.08,24.0,,0.0,35.72,14.7,0.8,7.88,6.53,4.91
Jul,29,11,5027,,1,1,1.0,31.1,30.81,,0.0,170.49,24.0,,0.0,44.09,14.7,0.8,7.88,6.53,4.91
Jul,29,12,5028,,1,1,1.0,32.2,31.21,,0.0,188.7,24.0,,0.0,50.14,14.7,0.8,7.88,6.53,4.91
Jul,29,13,5029,,1,1,1.0,33.3,31.63,,0.0,207.18,24.0,,0.0,51.92,14.7,0.8,7.88,6.53,4.91
Jul,29,14,5030,,1,1,1.0,33.3,31.99,,0.0,219.29,24.0,,0.0,51.92,14.7,0.8,7.88,6.53,4.91
Jul,29,15,5031,,1,1,1.0,33.3,32.25,,0.0,222.49,24.0,,0.0,51.92,14.7,0.8,7.88,6.53,4.91
Jul,29,16,5032,,1,1,1.0,32.8,32.42,,0.0,220.25,24.0,,0.0,51.26,14.7,0.8,7.88,6.53,4.91
Jul,29,17,5033,,1,1,1.0,32.8,32.62,,0.0,219.93,24.0,,0.0,51.26,14.7,0.8,7.88,6.53,4.91
Jul,29,18,5034,,1,1,1.0,30.6,32.52,,0.0,198.45,24.0,,0.0,48.55,14.7,0.8,7.88,6.53,4.91
Jul,29,19,5035,,1,1,1.0,28.9,32.41,,0.0,178.42,24.0,,0.0,43.66,14.7,0.8,7.88,6.53,4.91
Jul,29,20,5036,,1,1,1.0,23.3,31.75,,0.0,120.79,24.0,,0.0,25.62,14.7,0.8,7.88,6.53,4.91
Jul,29,21,5037,,1,1,1.0,21.7,31.48,,0.0,98.91,24.0,,0.0,20.12,14.7,0.8,7.88,6.53,4.91
Jul,29,22,5038,,1,1,0.77,23.3,31.82,,0.0,0.0,24.0,,0.0,0.0,0.0,0.61,6.04,6.53,3.76
Jul,29,23,5039,,1,1,0.77,22.2,31.68,,0.0,0.0,24.0,,0.0,0.0,0.0,0.61,6.04,6.53,3.76
Jul,29,24,5040,,1,1,0.77,20.6,31.48,,0.0,0.0,24.0,,0.0,0.0,0.0,0.61,6.04,6.53,3.76
Jul,30,1,5041,,1,1,0.77,20.6,31.38,,0.0,0.0,24.0,,0.0,0.0,0.0,0.61,6.04,6.53,3.76
Jul,30,2,5042,,1,1,0.77,19.4,31.19,,0.0,0.0,24.0,,0.0,0.0,0.0,0.61,6.04,6.53,3.76
Jul,30,3,5043,,1,1,0.77,20.0,31.13,,0.0,0.0,24.0,,0.0,0.0,0.0,0.61,6.04,6.53,3.76
Jul,30,4,5044,,1,1,0.77,18.3,30.89,,0.0,0.0,24.0,,0.0,0.0,0.0,0.61,6.04,6.53,3.76
Jul,30,5,5045,,1,1,0.77,17.2,30.67,,0.0,0.0,24.0,,0.0,0.0,0.0,0.61,6.04,6.53,3.76
Jul,30,6,5046,,1,1,0.77,19.4,30.72,,0.0,0.0,24.0,,0.0,0.0,0.0,0.61,6.04,6.53,3.76
Jul,30,7,5047,,1,1,1.0,22.2,30.46,,0.0,41.56,24.0,,0.0,8.56,14.7,0.8,7.88,6.53,4.91
Jul,30,8,5048,,1,1,1.0,25.6,31.05,,0.0,90.86,24.0,,0.0,20.48,14.7,0.8,7.88,6.53,4.91
Jul,30,9,5049,,1,1,1.0,28.9,31.57,,0.0,129.17,24.0,,0.0,31.61,14.7,0.8,7.88,6.53,4.91
Jul,30,10,5050,,1,1,1.0,31.7,32.14,,0.0,167.3,24.0,,0.0,43.91,14.7,0.8,7.88,6.53,4.91
Jul,30,11,5051,,1,1,1.0,32.8,32.52,,0.0,187.1,24.0,,0.0,50.47,14.7,0.8,7.88,6.53,4.91
Jul,30,12,5052,,1,1,1.0,32.2,32.74,,0.0,193.51,24.0,,0.0,50.49,14.7,0.8,7.88,6.53,4.91
Jul,30,13,5053,,1,1,1.0,22.8,31.8,,0.0,113.96,24.0,,0.0,23.85,14.7,0.8,7.88,6.53,4.91
Jul,30,14,5054,,1,1,1.0,27.8,32.52,,0.0,165.32,24.0,,0.0,39.33,14.7,0.8,7.88,6.53,4.91
Jul,30,15,5055,,1,1,1.0,30.0,32.94,,0.0,189.09,24.0,,0.0,47.63,14.7,0.8,7.88,6.53,4.91
Jul,30,16,5056,,1,1,1.0,28.3,32.81,,0.0,170.04,24.0,,0.0,40.97,14.7,0.8,7.88,6.53,4.91
Jul,30,17,5057,,1,1,1.0,27.8,32.83,,0.0,163.84,24.0,,0.0,38.98,14.7,0.8,7.88,6.53,4.91
Jul,30,18,5058,,1,1,1.0,26.7,32.73,,0.0,150.82,24.0,,0.0,34.91,14.7,0.8,7.88,6.53,4.91
Jul,30,19,5059,,1,1,1.0,26.1,32.65,,0.0,140.05,24.0,,0.0,31.95,14.7,0.8,7.88,6.53,4.91
Jul,30,20,5060,,1,1,1.0,24.4,32.42,,0.0,119.5,24.0,,0.0,26.12,14.7,0.8,7.88,6.53,4.91
Jul,30,21,5061,,1,1,1.0,22.2,32.09,,0.0,94.12,24.0,,0.0,19.39,14.7,0.8,7.88,6.53,4.91
Jul,30,22,5062,,1,1,0.77,20.6,32.17,,0.0,0.0,24.0,,0.0,0.0,0.0,0.61,6.04,6.53,3.76
Jul,30,23,5063,,1,1,0.77,20.0,32.01,,0.0,0.0,24.0,,0.0,0.0,0.0,0.61,6.04,6.53,3.76
Jul,30,24,5064,,1,1,0.77,18.9,31.8,,0.0,0.0,24.0,,0.0,0.0,0.0,0.61,6.04,6.53,3.76
Jul,31,1,5065,,1,1,0.77,18.3,31.62,,0.0,0.0,24.0,,0.0,0.0,0.0,0.61,6.04,6.53,3.76
Jul,31,2,5066,,1,1,0.77,17.8,31.44,,0.0,0.0,24.0,,0.0,0.0,0.0,0.61,6.04,6.53,3.76
Jul,31,3,5067,,1,1,0.77,17.2,31.24,,0.0,0.0,24.0,,0.0,0.0,0.0,0.61,6.04,6.53,3.76
Jul,31,4,5068,,1,1,0.77,16.1,31.0,,0.0,0.0,24.0,,0.0,0.0,0.0,0.61,6.04,6.53,3.76
Jul,31,5,5069,,1,1,0.77,15.6,30.79,,0.0,0.0,24.0,,0.0,0.0,0.0,0.61,6.04,6.53,3.76
Jul,31,6,5070,,1,1,0.77,16.7,30.72,,0.0,0.0,24.0,,0.0,0.0,0.0,0.61,6.04,6.53,3.76
Jul,31,7,5071,,1,1,1.0,18.3,30.12,,2.56,0.0,23.96,,0.72,0.0,14.7,0.8,7.88,6.53,4.91
Jul,31,8,5072,,1,1,1.0,20.6,30.49,,0.0,35.02,24.0,,0.0,6.93,14.7,0.8,7.88,6.53,4.91
Jul,31,9,5073,,1,1,1.0,22.8,30.78,,0.0,63.43,24.0,,0.0,13.28,14.7,0.8,7.88,6.53,4.91
Jul,31,10,5074,,1,1,1.0,25.0,31.14,,0.0,93.35,24.0,,0.0,20.74,14.7,0.8,7.88,6.53,4.91
Jul,31,11,5075,,1,1,1.0,26.7,31.51,,0.0,120.71,24.0,,0.0,27.94,14.7,0.8,7.88,6.53,4.91
Jul,31,12,5076,,1,1,1.0,28.9,31.95,,0.0,150.02,24.0,,0.0,36.71,14.7,0.8,7.88,6.53,4.91
Jul,31,13,5077,,1,1,1.0,30.6,32.36,,0.0,174.19,24.0,,0.0,44.51,14.7,0.8,7.88,6.53,4.91
Jul,31,14,5078,,1,1,1.0,32.8,32.88,,0.0,203.66,24.0,,0.0,51.26,14.7,0.8,7.88,6.53,4.91
Jul,31,15,5079,,1,1,1.0,33.3,33.2,,0.0,215.59,24.0,,0.0,51.92,14.7,0.8,7.88,6.53,4.91
Jul,31,16,5080,,1,1,1.0,33.9,33.46,,0.0,222.25,24.0,,0.0,52.73,14.7,0.8,7.88,6.53,4.91
Jul,31,17,5081,,1,1,1.0,30.6,33.26,,0.0,194.39,24.0,,0.0,48.55,14.7,0.8,7.88,6.53,4.91
Jul,31,18,5082,,1,1,1.0,30.6,33.36,,0.0,191.72,24.0,,0.0,48.55,14.7,0.8,7.88,6.53,4.91
Jul,31,19,5083,,1,1,1.0,28.9,33.23,,0.0,172.83,24.0,,0.0,42.29,14.7,0.8,7.88,6.53,4.91
Jul,31,20,5084,,1,1,1.0,26.7,32.98,,0.0,147.98,24.0,,0.0,34.26,14.7,0.8,7.88,6.53,4.91
Jul,31,21,5085,,1,1,1.0,24.4,32.68,,0.0,121.92,24.0,,0.0,26.65,14.7,0.8,7.88,6.53,4.91
Jul,31,22,5086,,1,1,0.77,23.5,32.77,,0.0,0.0,24.0,,0.0,0.0,0.0,0.61,6.04,6.53,3.76
Jul,31,23,5087,,1,1,0.77,22.7,32.64,,0.0,0.0,24.0,,0.0,0.0,0.0,0.61,6.04,6.53,3.76
Jul,31,24,5088,,1,1,0.77,21.8,32.49,,0.0,0.0,24.0,,0.0,0.0,0.0,0.61,6.04,6.53,3.76
Aug,1,1,5089,,1,1,0.77,20.9,32.32,,0.0,0.0,24.0,,0.0,0.0,0.0,0.61,6.04,6.53,3.76
Aug,1,2,5090,,1,1,0.77,20.0,32.14,,0.0,0.0,24.0,,0.0,0.0,0.0,0.61,6.04,6.53,3.76
Aug,1,3,5091,,1,1,0.77,19.2,31.96,,0.0,0.0,24.0,,0.0,0.0,0.0,0.61,6.04,6.53,3.76
Aug,1,4,5092,,1,1,0.77,18.3,31.76,,0.0,0.0,24.0,,0.0,0.0,0.0,0.61,6.04,6.53,3.76
Aug,1,5,5093,,1,1,0.77,19.4,31.7,,0.0,0.0,24.0,,0.0,0.0,0.0,0.61,6.04,6.53,3.76
Aug,1,6,5094,,1,1,0.77,17.8,31.45,,0.0,0.0,24.0,,0.0,0.0,0.0,0.61,6.04,6.53,3.76
Aug,1,7,5095,,1,1,1.0,20.6,31.04,,0.0,26.83,24.0,,0.0,5.31,14.7,0.8,7.88,6.53,4.91
Aug,1,8,5096,,1,1,1.0,20.0,31.03,,0.0,35.05,24.0,,0.0,6.83,14.7,0.8,7.88,6.53,4.91
Aug,1,9,5097,,1,1,1.0,21.7,31.17,,0.0,53.56,24.0,,0.0,10.9,14.7,0.8,7.88,6.53,4.91
Aug,1,10,5098,,1,1,1.0,21.7,31.23,,0.0,62.89,24.0,,0.0,12.79,14.7,0.8,7.88,6.53,4.91
Aug,1,11,5099,,1,1,1.0,26.1,31.82,,0.0,111.07,24.0,,0.0,25.34,14.7,0.8,7.88,6.53,4.91
Aug,1,12,5100,,1,1,1.0,27.0,32.05,,0.0,127.1,24.0,,0.0,29.64,14.7,0.8,7.88,6.53,4.91
Aug,1,13,5101,,1,1,1.0,28.0,32.32,,0.0,144.21,24.0,,0.0,34.48,14.7,0.8,7.88,6.53,4.91
Aug,1,14,5102,,1,1,1.0,28.0,32.52,,0.0,154.26,24.0,,0.0,36.89,14.7,0.8,7.88,6.53,4.91
Aug,1,15,5103,,1,1,1.0,29.0,32.73,,0.0,163.73,24.0,,0.0,40.17,14.7,0.8,7.88,6.53,4.91
Aug,1,16,5104,,1,1,1.0,29.0,32.78,,0.0,161.2,24.0,,0.0,39.55,14.7,0.8,7.88,6.53,4.91
Aug,1,17,5105,,1,1,1.0,26.1,32.5,,0.0,134.65,24.0,,0.0,30.72,14.7,0.8,7.88,6.53,4.91
Aug,1,18,5106,,1,1,1.0,19.0,31.62,,0.0,66.55,24.0,,0.0,12.61,14.7,0.8,7.88,6.53,4.91
Aug,1,19,5107,,1,1,1.0,20.0,31.6,,0.0,69.74,24.0,,0.0,13.59,14.7,0.8,7.88,6.53,4.91
Aug,1,20,5108,,1,1,1.0,18.0,31.2,,0.0,44.58,24.0,,0.0,8.22,14.7,0.8,7.88,6.53,4.91
Aug,1,21,5109,,1,1,1.0,18.0,31.02,,0.0,38.56,24.0,,0.0,7.11,14.7,0.8,7.88,6.53,4.91
Aug,1,22,5110,,1,1,0.77,19.0,31.4,,0.0,0.0,24.0,,0.0,0.0,0.0,0.61,6.04,6.53,3.76
Aug,1,23,5111,,1,1,0.77,17.8,31.17,,0.0,0.0,24.0,,0.0,0.0,0.0,0.61,6.04,6.53,3.76
Aug,1,24,5112,,1,1,0.77,19.0,31.13,,0.0,0.0,24.0,,0.0,0.0,0.0,0.61,6.04,6.53,3.76
Aug,2,1,5113,,1,1,0.77,19.0,31.01,,0.0,0.0,24.0,,0.0,0.0,0.0,0.61,6.04,6.53,3.76
Aug,2,2,5114,,1,1,0.77,18.3,30.84,,0.0,0.0,24.0,,0.0,0.0,0.0,0.61,6.04,6.53,3.76
Aug,2,3,5115,,1,1,0.77,17.2,30.62,,0.0,0.0,24.0,,0.0,0.0,0.0,0.61,6.04,6.53,3.76
Aug,2,4,5116,,1,1,0.77,17.2,30.48,,0.0,0.0,24.0,,0.0,0.0,0.0,0.61,6.04,6.53,3.76
Aug,2,5,5117,,1,1,0.77,17.8,30.39,,0.0,0.0,24.0,,0.0,0.0,0.0,0.61,6.04,6.53,3.76
Aug,2,6,5118,,1,1,0.77,18.9,30.36,,0.0,0.0,24.0,,0.0,0.0,0.0,0.61,6.04,6.53,3.76
Aug,2,7,5119,,1,1,1.0,20.0,29.89,,0.0,11.57,24.0,,0.0,2.26,14.7,0.8,7.88,6.53,4.91
Aug,2,8,5120,,1,1,1.0,22.8,30.36,,0.0,55.2,24.0,,0.0,11.55,14.7,0.8,7.88,6.53,4.91
Aug,2,9,5121,,1,1,1.0,24.4,30.64,,0.0,79.65,24.0,,0.0,17.41,14.7,0.8,7.88,6.53,4.91
Aug,2,10,5122,,1,1,1.0,26.7,31.06,,0.0,111.21,24.0,,0.0,25.74,14.7,0.8,7.88,6.53,4.91
Aug,2,11,5123,,1,1,1.0,27.2,31.27,,0.0,124.45,24.0,,0.0,29.17,14.7,0.8,7.88,6.53,4.91
Aug,2,12,5124,,1,1,1.0,28.9,31.64,,0.0,148.03,24.0,,0.0,36.22,14.7,0.8,7.88,6.53,4.91
Aug,2,13,5125,,1,1,1.0,30.6,32.06,,0.0,172.13,24.0,,0.0,43.98,14.7,0.8,7.88,6.53,4.91
Aug,2,14,5126,,1,1,1.0,30.0,32.21,,0.0,174.6,24.0,,0.0,43.98,14.7,0.8,7.88,6.53,4.91
Aug,2,15,5127,,1,1,1.0,21.7,31.23,,0.0,93.52,24.0,,0.0,19.02,14.7,0.8,7.88,6.53,4.91
Aug,2,16,5128,,1,1,1.0,22.8,31.3,,0.0,99.16,24.0,,0.0,20.76,14.7,0.8,7.88,6.53,4.91
Aug,2,17,5129,,1,1,1.0,22.8,31.25,,0.0,94.81,24.0,,0.0,19.85,14.7,0.8,7.88,6.53,4.91
Aug,2,18,5130,,1,1,1.0,25.6,31.56,,0.0,118.33,24.0,,0.0,26.67,14.7,0.8,7.88,6.53,4.91
Aug,2,19,5131,,1,1,1.0,22.2,31.14,,0.0,84.94,24.0,,0.0,17.5,14.7,0.8,7.88,6.53,4.91
Aug,2,20,5132,,1,1,1.0,21.1,30.92,,0.0,70.25,24.0,,0.0,14.07,14.7,0.8,7.88,6.53,4.91
Aug,2,21,5133,,1,1,1.0,18.9,30.55,,0.0,45.62,24.0,,0.0,8.62,14.7,0.8,7.88,6.53,4.91
Aug,2,22,5134,,1,1,0.77,20.6,30.95,,0.0,0.0,24.0,,0.0,0.0,0.0,0.61,6.04,6.53,3.76
Aug,2,23,5135,,1,1,0.77,20.0,30.81,,0.0,0.0,24.0,,0.0,0.0,0.0,0.61,6.04,6.53,3.76
Aug,2,24,5136,,1,1,0.77,18.3,30.58,,0.0,0.0,24.0,,0.0,0.0,0.0,0.61,6.04,6.53,3.76
Aug,3,1,5137,,1,1,0.77,17.2,30.37,,0.0,0.0,24.0,,0.0,0.0,0.0,0.61,6.04,6.53,3.76
Aug,3,2,5138,,1,1,0.77,17.2,30.23,,0.0,0.0,24.0,,0.0,0.0,0.0,0.61,6.04,6.53,3.76
Aug,3,3,5139,,1,1,0.77,17.8,30.14,,0.0,0.0,24.0,,0.0,0.0,0.0,0.61,6.04,6.53,3.76
Aug,3,4,5140,,1,1,0.77,15.6,29.84,,0.0,0.0,24.0,,0.0,0.0,0.0,0.61,6.04,6.53,3.76
Aug,3,5,5141,,1,1,0.77,17.2,29.82,,0.0,0.0,24.0,,0.0,0.0,0.0,0.61,6.04,6.53,3.76
Aug,3,6,5142,,1,1,0.77,16.7,29.65,,0.0,0.0,24.0,,0.0,0.0,0.0,0.61,6.04,6.53,3.76
Aug,3,7,5143,,1,1,1.0,19.4,29.27,,0.0,2.38,24.0,,0.0,0.46,14.7,0.8,7.88,6.53,4.91
Aug,3,8,5144,,1,1,1.0,21.7,29.69,,0.0,42.53,24.0,,0.0,8.65,14.7,0.8,7.88,6.53,4.91
Aug,3,9,5145,,1,1,1.0,23.9,30.03,,0.0,72.02,24.0,,0.0,15.53,14.7,0.8,7.88,6.53,4.91
Aug,3,10,5146,,1,1,1.0,26.7,30.52,,0.0,108.99,24.0,,0.0,25.23,14.7,0.8,7.88,6.53,4.91
Aug,3,11,5147,,1,1,1.0,28.3,30.94,,0.0,136.61,24.0,,0.0,32.92,14.7,0.8,7.88,6.53,4.91
Aug,3,12,5148,,1,1,1.0,30.0,31.36,,0.0,161.52,24.0,,0.0,40.69,14.7,0.8,7.88,6.53,4.91
Aug,3,13,5149,,1,1,1.0,31.1,31.74,,0.0,180.73,24.0,,0.0,46.74,14.7,0.8,7.88,6.53,4.91
Aug,3,14,5150,,1,1,1.0,31.7,32.11,,0.0,197.55,24.0,,0.0,49.87,14.7,0.8,7.88,6.53,4.91
Aug,3,15,5151,,1,1,1.0,32.2,32.39,,0.0,205.81,24.0,,0.0,50.49,14.7,0.8,7.88,6.53,4.91
Aug,3,16,5152,,1,1,1.0,32.8,32.69,,0.0,214.73,24.0,,0.0,51.26,14.7,0.8,7.88,6.53,4.91
Aug,3,17,5153,,1,1,1.0,32.8,32.88,,0.0,215.21,24.0,,0.0,51.26,14.7,0.8,7.88,6.53,4.91
Aug,3,18,5154,,1,1,1.0,31.7,32.92,,0.0,205.5,24.0,,0.0,49.87,14.7,0.8,7.88,6.53,4.91
Aug,3,19,5155,,1,1,1.0,28.3,32.61,,0.0,170.88,24.0,,0.0,41.17,14.7,0.8,7.88,6.53,4.91
Aug,3,20,5156,,1,1,1.0,26.7,32.44,,0.0,150.68,24.0,,0.0,34.88,14.7,0.8,7.88,6.53,4.91
Aug,3,21,5157,,1,1,1.0,26.1,32.37,,0.0,140.25,24.0,,0.0,32.0,14.7,0.8,7.88,6.53,4.91
Aug,3,22,5158,,1,1,0.77,25.6,32.45,,0.0,0.0,24.0,,0.0,0.0,0.0,0.61,6.04,6.53,3.76
Aug,3,23,5159,,1,1,0.77,25.0,32.38,,0.0,0.0,24.0,,0.0,0.0,0.0,0.61,6.04,6.53,3.76
Aug,3,24,5160,,1,1,0.77,24.4,32.3,,0.0,0.0,24.0,,0.0,0.0,0.0,0.61,6.04,6.53,3.76
Aug,4,1,5161,,1,1,0.77,22.2,32.08,,0.0,0.0,24.0,,0.0,0.0,0.0,0.61,6.04,6.53,3.76
Aug,4,2,5162,,1,1,0.77,20.6,31.87,,0.0,0.0,24.0,,0.0,0.0,0.0,0.61,6.04,6.53,3.76
Aug,4,3,5163,,1,1,0.77,18.9,31.63,,0.0,0.0,24.0,,0.0,0.0,0.0,0.61,6.04,6.53,3.76
Aug,4,4,5164,,1,1,0.77,18.9,31.5,,0.0,0.0,24.0,,0.0,0.0,0.0,0.61,6.04,6.53,3.76
Aug,4,5,5165,,1,1,0.77,20.6,31.51,,0.0,0.0,24.0,,0.0,0.0,0.0,0.61,6.04,6.53,3.76
Aug,4,6,5166,,1,1,0.77,20.0,31.37,,0.0,0.0,24.0,,0.0,0.0,0.0,0.61,6.04,6.53,3.76
Aug,4,7,5167,,1,1,1.0,22.2,31.03,,0.0,46.29,24.0,,0.0,9.54,14.7,0.8,7.88,6.53,4.91
Aug,4,8,5168,,1,1,1.0,23.9,31.4,,0.0,79.59,24.0,,0.0,17.16,14.7,0.8,7.88,6.53,4.91
Aug,4,9,5169,,1,1,1.0,26.7,31.82,,0.0,113.03,24.0,,0.0,26.17,14.7,0.8,7.88,6.53,4.91
Aug,4,10,5170,,1,1,1.0,29.4,32.29,,0.0,146.33,24.0,,0.0,36.28,14.7,0.8,7.88,6.53,4.91
Aug,4,11,5171,,1,1,1.0,29.4,32.47,,0.0,154.96,24.0,,0.0,38.42,14.7,0.8,7.88,6.53,4.91
Aug,4,12,5172,,1,1,1.0,30.0,32.74,,0.0,168.52,24.0,,0.0,42.45,14.7,0.8,7.88,6.53,4.91
Aug,4,13,5173,,1,1,1.0,31.1,33.08,,0.0,186.28,24.0,,0.0,48.18,14.7,0.8,7.88,6.53,4.91
Aug,4,14,5174,,1,1,1.0,31.1,33.3,,0.0,193.85,24.0,,0.0,49.14,14.7,0.8,7.88,6.53,4.91
Aug,4,15,5175,,1,1,1.0,32.2,33.63,,0.0,208.18,24.0,,0.0,50.49,14.7,0.8,7.88,6.53,4.91
Aug,4,16,5176,,1,1,1.0,31.7,33.79,,0.0,208.94,24.0,,0.0,49.87,14.7,0.8,7.88,6.53,4.91
Aug,4,17,5177,,1,1,1.0,31.7,33.89,,0.0,206.0,24.0,,0.0,49.87,14.7,0.8,7.88,6.53,4.91
Aug,4,18,5178,,1,1,1.0,30.0,33.76,,0.0,186.21,24.0,,0.0,46.9,14.7,0.8,7.88,6.53,4.91
Aug,4,19,5179,,1,1,1.0,27.8,33.55,,0.0,162.89,24.0,,0.0,38.75,14.7,0.8,7.88,6.53,4.91
Aug,4,20,5180,,1,1,1.0,27.2,33.47,,0.0,152.47,24.0,,0.0,35.73,14.7,0.8,7.88,6.53,4.91
Aug,4,21,5181,,1,1,1.0,26.7,33.4,,0.0,143.64,24.0,,0.0,33.25,14.7,0.8,7.88,6.53,4.91
Aug,4,22,5182,,1,1,0.77,25.6,33.44,,0.0,0.0,24.0,,0.0,0.0,0.0,0.61,6.04,6.53,3.76
Aug,4,23,5183,,1,1,0.77,25.0,33.35,,0.0,0.0,24.0,,0.0,0.0,0.0,0.61,6.04,6.53,3.76
Aug,4,24,5184,,1,1,0.77,24.4,33.25,,0.0,0.0,24.0,,0.0,0.0,0.0,0.61,6.04,6.53,3.76
Aug,5,1,5185,,1,1,0.77,24.4,33.2,,0.0,0.0,24.0,,0.0,0.0,0.0,0.61,6.04,6.53,3.76
Aug,5,2,5186,,1,1,0.77,22.8,33.01,,0.0,0.0,24.0,,0.0,0.0,0.0,0.61,6.04,6.53,3.76
Aug,5,3,5187,,1,1,0.77,22.2,32.88,,0.0,0.0,24.0,,0.0,0.0,0.0,0.61,6.04,6.53,3.76
Aug,5,4,5188,,1,1,0.77,21.1,32.69,,0.0,0.0,24.0,,0.0,0.0,0.0,0.61,6.04,6.53,3.76
Aug,5,5,5189,,1,1,0.77,21.1,32.59,,0.0,0.0,24.0,,0.0,0.0,0.0,0.61,6.04,6.53,3.76
Aug,5,6,5190,,1,1,0.77,21.1,32.48,,0.0,0.0,24.0,,0.0,0.0,0.0,0.61,6.04,6.53,3.76
Aug,5,7,5191,,1,1,1.0,23.9,32.22,,0.0,65.78,24.0,,0.0,14.18,14.7,0.8,7.88,6.53,4.91
Aug,5,8,5192,,1,1,1.0,27.2,32.81,,0.0,115.21,24.0,,0.0,27.0,14.7,0.8,7.88,6.53,4.91
Aug,5,9,5193,,1,1,1.0,29.4,33.24,,0.0,147.01,24.0,,0.0,36.45,14.7,0.8,7.88,6.53,4.91
Aug,5,10,5194,,1,1,1.0,31.1,33.63,,0.0,172.25,24.0,,0.0,44.55,14.7,0.8,7.88,6.53,4.91
Aug,5,11,5195,,1,1,1.0,33.3,34.11,,0.0,201.35,24.0,,0.0,51.92,14.7,0.8,7.88,6.53,4.91
Aug,5,12,5196,,1,1,1.0,32.8,34.29,,0.0,205.0,24.0,,0.0,51.26,14.7,0.8,7.88,6.53,4.91
Aug,5,13,5197,,1,1,1.0,33.3,34.58,,0.0,217.42,24.0,,0.0,51.92,14.7,0.8,7.88,6.53,4.91
Aug,5,14,5198,,1,1,1.0,33.3,34.81,,0.0,224.05,24.0,,0.0,51.92,14.7,0.8,7.88,6.53,4.91
Aug,5,15,5199,,1,1,1.0,33.9,35.11,,0.0,234.62,24.0,,0.0,52.73,14.7,0.8,7.88,6.53,4.91
Aug,5,16,5200,,1,1,1.0,33.9,35.28,,0.0,235.23,24.0,,0.0,52.73,14.7,0.8,7.88,6.53,4.91
Aug,5,17,5201,,1,1,1.0,33.3,35.36,,0.0,229.59,24.0,,0.0,51.92,14.7,0.8,7.88,6.53,4.91
Aug,5,18,5202,,1,1,1.0,32.2,35.34,,0.0,217.71,24.0,,0.0,50.49,14.7,0.8,7.88,6.53,4.91
Aug,5,19,5203,,1,1,1.0,28.3,34.91,,0.0,176.8,24.0,,0.0,42.6,14.7,0.8,7.88,6.53,4.91
Aug,5,20,5204,,1,1,1.0,27.2,34.75,,0.0,160.81,24.0,,0.0,37.69,14.7,0.8,7.88,6.53,4.91
Aug,5,21,5205,,1,1,1.0,27.2,34.71,,0.0,155.56,24.0,,0.0,36.46,14.7,0.8,7.88,6.53,4.91
Aug,5,22,5206,,1,1,0.77,26.1,34.77,,0.0,0.0,24.0,,0.0,0.0,0.0,0.61,6.04,6.53,3.76
Aug,5,23,5207,,1,1,0.77,25.0,34.62,,0.0,0.0,24.0,,0.0,0.0,0.0,0.61,6.04,6.53,3.76
Aug,5,24,5208,,1,1,0.77,23.3,34.41,,0.0,0.0,24.0,,0.0,0.0,0.0,0.61,6.04,6.53,3.76
Aug,6,1,5209,,1,1,0.77,23.3,34.31,,0.0,0.0,24.0,,0.0,0.0,0.0,0.61,6.04,6.53,3.76
Aug,6,2,5210,,1,1,0.77,23.3,34.22,,0.0,0.0,24.0,,0.0,0.0,0.0,0.61,6.04,6.53,3.76
Aug,6,3,5211,,1,1,0.77,22.8,34.08,,0.0,0.0,24.0,,0.0,0.0,0.0,0.61,6.04,6.53,3.76
Aug,6,4,5212,,1,1,0.77,21.7,33.89,,0.0,0.0,24.0,,0.0,0.0,0.0,0.61,6.04,6.53,3.76
Aug,6,5,5213,,1,1,0.77,21.1,33.72,,0.0,0.0,24.0,,0.0,0.0,0.0,0.61,6.04,6.53,3.76
Aug,6,6,5214,,1,1,0.77,21.7,33.64,,0.0,0.0,24.0,,0.0,0.0,0.0,0.61,6.04,6.53,3.76
Aug,6,7,5215,,1,1,1.0,22.2,33.04,,0.0,51.45,24.0,,0.0,10.6,14.7,0.8,7.88,6.53,4.91
Aug,6,8,5216,,1,1,1.0,24.4,33.43,,0.0,89.13,24.0,,0.0,19.48,14.7,0.8,7.88,6.53,4.91
Aug,6,9,5217,,1,1,1.0,25.6,33.61,,0.0,107.29,24.0,,0.0,24.18,14.7,0.8,7.88,6.53,4.91
Aug,6,10,5218,,1,1,1.0,29.0,34.12,,0.0,147.35,24.0,,0.0,36.15,14.7,0.8,7.88,6.53,4.91
Aug,6,11,5219,,1,1,1.0,31.1,34.53,,0.0,175.63,24.0,,0.0,45.42,14.7,0.8,7.88,6.53,4.91
Aug,6,12,5220,,1,1,1.0,32.2,34.85,,0.0,194.23,24.0,,0.0,50.49,14.7,0.8,7.88,6.53,4.91
Aug,6,13,5221,,1,1,1.0,33.3,35.18,,0.0,211.79,24.0,,0.0,51.92,14.7,0.8,7.88,6.53,4.91
Aug,6,14,5222,,1,1,1.0,31.7,35.19,,0.0,203.7,24.0,,0.0,49.87,14.7,0.8,7.88,6.53,4.91
Aug,6,15,5223,,1,1,1.0,28.3,34.9,,0.0,175.47,24.0,,0.0,42.28,14.7,0.8,7.88,6.53,4.91
Aug,6,16,5224,,1,1,1.0,22.2,34.13,,0.0,114.16,24.0,,0.0,23.52,14.7,0.8,7.88,6.53,4.91
Aug,6,17,5225,,1,1,1.0,22.8,34.06,,0.0,111.87,24.0,,0.0,23.42,14.7,0.8,7.88,6.53,4.91
Aug,6,18,5226,,1,1,1.0,20.0,33.57,,0.0,79.04,24.0,,0.0,15.41,14.7,0.8,7.88,6.53,4.91
Aug,6,19,5227,,1,1,1.0,21.1,33.54,,0.0,83.28,24.0,,0.0,16.68,14.7,0.8,7.88,6.53,4.91
Aug,6,20,5228,,1,1,1.0,21.7,33.46,,0.0,82.94,24.0,,0.0,16.87,14.7,0.8,7.88,6.53,4.91
Aug,6,21,5229,,1,1,1.0,20.6,33.18,,0.0,68.01,24.0,,0.0,13.46,14.7,0.8,7.88,6.53,4.91
Aug,6,22,5230,,1,1,0.77,19.4,33.36,,0.0,0.0,24.0,,0.0,0.0,0.0,0.61,6.04,6.53,3.76
Aug,6,23,5231,,1,1,0.77,20.0,33.26,,0.0,0.0,24.0,,0.0,0.0,0.0,0.61,6.04,6.53,3.76
Aug,6,24,5232,,1,1,0.77,18.9,33.03,,0.0,0.0,24.0,,0.0,0.0,0.0,0.61,6.04,6.53,3.76
Aug,7,1,5233,,1,1,0.77,19.4,32.91,,0.0,0.0,24.0,,0.0,0.0,0.0,0.61,6.04,6.53,3.76
Aug,7,2,5234,,1,1,0.77,19.4,32.77,,0.0,0.0,24.0,,0.0,0.0,0.0,0.61,6.04,6.53,3.76
Aug,7,3,5235,,1,1,0.77,20.0,32.68,,0.0,0.0,24.0,,0.0,0.0,0.0,0.61,6.04,6.53,3.76
Aug,7,4,5236,,1,1,0.77,17.2,32.32,,0.0,0.0,24.0,,0.0,0.0,0.0,0.61,6.04,6.53,3.76
Aug,7,5,5237,,1,1,0.77,16.7,32.1,,0.0,0.0,24.0,,0.0,0.0,0.0,0.61,6.04,6.53,3.76
Aug,7,6,5238,,1,1,0.77,20.0,32.2,,0.0,0.0,24.0,,0.0,0.0,0.0,0.61,6.04,6.53,3.76
Aug,7,7,5239,,1,1,1.0,20.6,31.6,,0.0,19.2,24.0,,0.0,3.8,14.7,0.8,7.88,6.53,4.91
Aug,7,8,5240,,1,1,1.0,22.2,31.91,,0.0,52.95,24.0,,0.0,10.91,14.7,0.8,7.88,6.53,4.91
Aug,7,9,5241,,1,1,1.0,25.0,32.28,,0.0,87.72,24.0,,0.0,19.49,14.7,0.8,7.88,6.53,4.91
Aug,7,10,5242,,1,1,1.0,27.2,32.7,,0.0,121.52,24.0,,0.0,28.48,14.7,0.8,7.88,6.53,4.91
Aug,7,11,5243,,1,1,1.0,31.1,33.32,,0.0,166.2,24.0,,0.0,42.98,14.7,0.8,7.88,6.53,4.91
Aug,7,12,5244,,1,1,1.0,32.8,33.75,,0.0,191.59,24.0,,0.0,51.26,14.7,0.8,7.88,6.53,4.91
Aug,7,13,5245,,1,1,1.0,32.2,33.92,,0.0,195.75,24.0,,0.0,50.49,14.7,0.8,7.88,6.53,4.91
Aug,7,14,5246,,1,1,1.0,33.9,34.38,,0.0,220.5,24.0,,0.0,52.73,14.7,0.8,7.88,6.53,4.91
Aug,7,15,5247,,1,1,1.0,33.3,34.48,,0.0,217.0,24.0,,0.0,51.92,14.7,0.8,7.88,6.53,4.91
Aug,7,16,5248,,1,1,1.0,32.8,34.61,,0.0,216.12,24.0,,0.0,51.26,14.7,0.8,7.88,6.53,4.91
Aug,7,17,5249,,1,1,1.0,30.6,34.46,,0.0,194.82,24.0,,0.0,48.55,14.7,0.8,7.88,6.53,4.91
Aug,7,18,5250,,1,1,1.0,30.0,34.46,,0.0,187.23,24.0,,0.0,47.16,14.7,0.8,7.88,6.53,4.91
Aug,7,19,5251,,1,1,1.0,27.8,34.23,,0.0,163.39,24.0,,0.0,38.87,14.7,0.8,7.88,6.53,4.91
Aug,7,20,5252,,1,1,1.0,24.4,33.78,,0.0,126.47,24.0,,0.0,27.64,14.7,0.8,7.88,6.53,4.91
Aug,7,21,5253,,1,1,1.0,22.2,33.41,,0.0,100.14,24.0,,0.0,20.64,14.7,0.8,7.88,6.53,4.91
Aug,7,22,5254,,1,1,0.77,22.2,33.66,,0.0,0.0,24.0,,0.0,0.0,0.0,0.61,6.04,6.53,3.76
Aug,7,23,5255,,1,1,0.77,21.7,33.51,,0.0,0.0,24.0,,0.0,0.0,0.0,0.61,6.04,6.53,3.76
Aug,7,24,5256,,1,1,0.77,21.7,33.4,,0.0,0.0,24.0,,0.0,0.0,0.0,0.61,6.04,6.53,3.76
Aug,8,1,5257,,1,1,0.77,21.1,33.24,,0.0,0.0,24.0,,0.0,0.0,0.0,0.61,6.04,6.53,3.76
Aug,8,2,5258,,1,1,0.77,19.4,32.98,,0.0,0.0,24.0,,0.0,0.0,0.0,0.61,6.04,6.53,3.76
Aug,8,3,5259,,1,1,0.77,18.9,32.79,,0.0,0.0,24.0,,0.0,0.0,0.0,0.61,6.04,6.53,3.76
Aug,8,4,5260,,1,1,0.77,20.0,32.73,,0.0,0.0,24.0,,0.0,0.0,0.0,0.61,6.04,6.53,3.76
Aug,8,5,5261,,1,1,0.77,17.8,32.42,,0.0,0.0,24.0,,0.0,0.0,0.0,0.61,6.04,6.53,3.76
Aug,8,6,5262,,1,1,0.77,18.9,32.35,,0.0,0.0,24.0,,0.0,0.0,0.0,0.61,6.04,6.53,3.76
Aug,8,7,5263,,1,1,1.0,21.1,31.87,,0.0,30.55,24.0,,0.0,6.12,14.7,0.8,7.88,6.53,4.91
Aug,8,8,5264,,1,1,1.0,23.9,32.33,,0.0,74.51,24.0,,0.0,16.06,14.7,0.8,7.88,6.53,4.91
Aug,8,9,5265,,1,1,1.0,26.1,32.68,,0.0,104.6,24.0,,0.0,23.86,14.7,0.8,7.88,6.53,4.91
Aug,8,10,5266,,1,1,1.0,27.8,33.02,,0.0,130.94,24.0,,0.0,31.15,14.7,0.8,7.88,6.53,4.91
Aug,8,11,5267,,1,1,1.0,30.6,33.56,,0.0,169.3,24.0,,0.0,43.26,14.7,0.8,7.88,6.53,4.91
Aug,8,12,5268,,1,1,1.0,31.7,33.89,,0.0,188.07,24.0,,0.0,49.36,14.7,0.8,7.88,6.53,4.91
Aug,8,13,5269,,1,1,1.0,32.2,34.23,,0.0,204.98,24.0,,0.0,50.49,14.7,0.8,7.88,6.53,4.91
Aug,8,14,5270,,1,1,1.0,33.3,34.59,,0.0,222.05,24.0,,0.0,51.92,14.7,0.8,7.88,6.53,4.91
Aug,8,15,5271,,1,1,1.0,31.7,34.61,,0.0,212.17,24.0,,0.0,49.87,14.7,0.8,7.88,6.53,4.91
Aug,8,16,5272,,1,1,1.0,32.2,34.8,,0.0,216.5,24.0,,0.0,50.49,14.7,0.8,7.88,6.53,4.91
Aug,8,17,5273,,1,1,1.0,31.1,34.76,,0.0,203.65,24.0,,0.0,49.14,14.7,0.8,7.88,6.53,4.91
Aug,8,18,5274,,1,1,1.0,26.7,34.28,,0.0,160.65,24.0,,0.0,37.19,14.7,0.8,7.88,6.53,4.91
Aug,8,19,5275,,1,1,1.0,26.1,34.16,,0.0,147.98,24.0,,0.0,33.76,14.7,0.8,7.88,6.53,4.91
Aug,8,20,5276,,1,1,1.0,22.8,33.68,,0.0,111.43,24.0,,0.0,23.33,14.7,0.8,7.88,6.53,4.91
Aug,8,21,5277,,1,1,1.0,22.2,33.49,,0.0,99.33,24.0,,0.0,20.47,14.7,0.8,7.88,6.53,4.91
Aug,8,22,5278,,1,1,0.77,21.7,33.69,,0.0,0.0,24.0,,0.0,0.0,0.0,0.61,6.04,6.53,3.76
Aug,8,23,5279,,1,1,0.77,20.0,33.44,,0.0,0.0,24.0,,0.0,0.0,0.0,0.61,6.04,6.53,3.76
Aug,8,24,5280,,1,1,0.77,18.3,33.15,,0.0,0.0,24.0,,0.0,0.0,0.0,0.61,6.04,6.53,3.76
Aug,9,1,5281,,1,1,0.77,18.9,33.03,,0.0,0.0,24.0,,0.0,0.0,0.0,0.61,6.04,6.53,3.76
Aug,9,2,5282,,1,1,0.77,18.9,32.88,,0.0,0.0,24.0,,0.0,0.0,0.0,0.61,6.04,6.53,3.76
Aug,9,3,5283,,1,1,0.77,18.3,32.68,,0.0,0.0,24.0,,0.0,0.0,0.0,0.61,6.04,6.53,3.76
Aug,9,4,5284,,1,1,0.77,18.3,32.52,,0.0,0.0,24.0,,0.0,0.0,0.0,0.61,6.04,6.53,3.76
Aug,9,5,5285,,1,1,0.77,17.8,32.32,,0.0,0.0,24.0,,0.0,0.0,0.0,0.61,6.04,6.53,3.76
Aug,9,6,5286,,1,1,0.77,17.2,32.11,,0.0,0.0,24.0,,0.0,0.0,0.0,0.61,6.04,6.53,3.76
Aug,9,7,5287,,1,1,1.0,17.2,31.22,,10.12,0.0,23.83,,2.83,0.0,14.7,0.8,7.88,6.53,4.91
Aug,9,8,5288,,1,1,1.0,16.1,31.05,,9.6,0.0,23.84,,2.69,0.0,14.7,0.8,7.88,6.53,4.91
Aug,9,9,5289,,1,1,1.0,15.6,30.78,,14.84,0.0,23.76,,4.16,0.0,14.7,0.8,7.88,6.53,4.91
Aug,9,10,5290,,1,1,1.0,15.6,30.58,,16.56,0.0,23.73,,4.64,0.0,14.7,0.8,7.88,6.53,4.91
Aug,9,11,5291,,1,1,1.0,14.4,30.24,,27.49,0.0,23.55,,7.79,0.0,14.7,0.8,7.88,6.53,4.91
Aug,9,12,5292,,1,1,1.0,14.4,30.03,,29.81,0.0,23.51,,8.45,0.0,14.7,0.8,7.88,6.53,4.91
Aug,9,13,5293,,1,1,1.0,17.2,30.22,,8.91,0.0,23.85,,2.5,0.0,14.7,0.8,7.88,6.53,4.91
Aug,9,14,5294,,1,1,1.0,17.2,30.08,,7.74,0.0,23.87,,2.17,0.0,14.7,0.8,7.88,6.53,4.91
Aug,9,15,5295,,1,1,1.0,18.3,30.17,,0.0,8.09,24.0,,0.0,1.5,14.7,0.8,7.88,6.53,4.91
Aug,9,16,5296,,1,1,1.0,18.9,30.16,,0.0,17.38,24.0,,0.0,3.28,14.7,0.8,7.88,6.53,4.91
Aug,9,17,5297,,1,1,1.0,18.9,30.08,,0.0,20.43,24.0,,0.0,3.86,14.7,0.8,7.88,6.53,4.91
Aug,9,18,5298,,1,1,1.0,18.9,29.95,,0.0,19.05,24.0,,0.0,3.6,14.7,0.8,7.88,6.53,4.91
Aug,9,19,5299,,1,1,1.0,18.3,29.75,,0.0,12.12,24.0,,0.0,2.25,14.7,0.8,7.88,6.53,4.91
Aug,9,20,5300,,1,1,1.0,17.2,29.48,,0.0,0.68,24.0,,0.0,0.12,14.7,0.8,7.88,6.53,4.91
Aug,9,21,5301,,1,1,1.0,16.7,29.26,,4.57,0.0,23.92,,1.28,0.0,14.7,0.8,7.88,6.53,4.91
Aug,9,22,5302,,1,1,0.77,15.6,29.45,,0.0,0.0,23.97,,0.0,0.0,0.0,0.61,6.04,6.53,3.76
Aug,9,23,5303,,1,1,0.77,12.8,29.07,,0.0,0.0,23.69,,0.0,0.0,0.0,0.61,6.04,6.53,3.76
Aug,9,24,5304,,1,1,0.77,13.3,28.91,,0.0,0.0,23.64,,0.0,0.0,0.0,0.61,6.04,6.53,3.76
Aug,10,1,5305,,1,1,0.77,13.9,28.78,,0.0,0.0,23.6,,0.0,0.0,0.0,0.61,6.04,6.53,3.76
Aug,10,2,5306,,1,1,0.77,13.9,28.61,,0.0,0.0,23.53,,0.0,0.0,0.0,0.61,6.04,6.53,3.76
Aug,10,3,5307,,1,1,0.77,14.4,28.49,,0.0,0.0,23.5,,0.0,0.0,0.0,0.61,6.04,6.53,3.76
Aug,10,4,5308,,1,1,0.77,13.9,28.29,,0.0,0.0,23.4,,0.0,0.0,0.0,0.61,6.04,6.53,3.76
Aug,10,5,5309,,1,1,0.77,13.3,28.08,,0.0,0.0,23.28,,0.0,0.0,0.0,0.61,6.04,6.53,3.76
Aug,10,6,5310,,1,1,0.77,13.9,27.96,,0.0,0.0,23.25,,0.0,0.0,0.0,0.61,6.04,6.53,3.76
Aug,10,7,5311,,1,1,1.0,15.6,27.34,,63.67,0.0,22.95,,17.83,0.0,14.7,0.8,7.88,6.53,4.91
Aug,10,8,5312,,1,1,1.0,15.0,27.29,,60.29,0.0,23.0,,16.89,0.0,14.7,0.8,7.88,6.53,4.91
Aug,10,9,5313,,1,1,1.0,15.6,27.25,,56.16,0.0,23.07,,15.73,0.0,14.7,0.8,7.88,6.53,4.91
Aug,10,10,5314,,1,1,1.0,18.3,27.62,,27.86,0.0,23.54,,7.8,0.0,14.7,0.8,7.88,6.53,4.91
Aug,10,11,5315,,1,1,1.0,21.7,28.11,,0.0,9.57,24.0,,0.0,1.95,14.7,0.8,7.88,6.53,4.91
Aug,10,12,5316,,1,1,1.0,22.8,28.37,,0.0,34.45,24.0,,0.0,7.21,14.7,0.8,7.88,6.53,4.91
Aug,10,13,5317,,1,1,1.0,22.8,28.5,,0.0,47.37,24.0,,0.0,9.92,14.7,0.8,7.88,6.53,4.91
Aug,10,14,5318,,1,1,1.0,25.0,28.87,,0.0,76.39,24.0,,0.0,16.98,14.7,0.8,7.88,6.53,4.91
Aug,10,15,5319,,1,1,1.0,26.1,29.2,,0.0,99.18,24.0,,0.0,22.63,14.7,0.8,7.88,6.53,4.91
Aug,10,16,5320,,1,1,1.0,26.1,29.35,,0.0,105.83,24.0,,0.0,24.14,14.7,0.8,7.88,6.53,4.91
Aug,10,17,5321,,1,1,1.0,21.7,28.84,,0.0,63.29,24.0,,0.0,12.87,14.7,0.8,7.88,6.53,4.91
Aug,10,18,5322,,1,1,1.0,20.0,28.59,,0.0,45.59,24.0,,0.0,8.89,14.7,0.8,7.88,6.53,4.91
Aug,10,19,5323,,1,1,1.0,17.2,28.17,,0.0,16.61,24.0,,0.0,3.0,14.7,0.8,7.88,6.53,4.91
Aug,10,20,5324,,1,1,1.0,17.2,28.05,,0.0,12.92,24.0,,0.0,2.33,14.7,0.8,7.88,6.53,4.91
Aug,10,21,5325,,1,1,1.0,16.1,27.79,,0.49,0.0,23.99,,0.14,0.0,14.7,0.8,7.88,6.53,4.91
Aug,10,22,5326,,1,1,0.77,15.6,28.0,,0.0,0.0,24.0,,0.0,0.0,0.0,0.61,6.04,6.53,3.76
Aug,10,23,5327,,1,1,0.77,15.6,27.88,,0.0,0.0,24.0,,0.0,0.0,0.0,0.61,6.04,6.53,3.76
Aug,10,24,5328,,1,1,0.77,15.6,27.76,,0.0,0.0,23.99,,0.0,0.0,0.0,0.61,6.04,6.53,3.76
Aug,11,1,5329,,1,1,0.77,15.0,27.59,,0.0,0.0,23.89,,0.0,0.0,0.0,0.61,6.04,6.53,3.76
Aug,11,2,5330,,1,1,0.77,14.4,27.42,,0.0,0.0,23.78,,0.0,0.0,0.0,0.61,6.04,6.53,3.76
Aug,11,3,5331,,1,1,0.77,14.4,27.28,,0.0,0.0,23.72,,0.0,0.0,0.0,0.61,6.04,6.53,3.76
Aug,11,4,5332,,1,1,0.77,12.8,27.02,,0.0,0.0,23.52,,0.0,0.0,0.0,0.61,6.04,6.53,3.76
Aug,11,5,5333,,1,1,0.77,13.3,26.9,,0.0,0.0,23.47,,0.0,0.0,0.0,0.61,6.04,6.53,3.76
Aug,11,6,5334,,1,1,0.77,13.9,26.81,,0.0,0.0,23.44,,0.0,0.0,0.0,0.61,6.04,6.53,3.76
Aug,11,7,5335,,1,1,1.0,15.0,26.21,,56.43,0.0,23.07,,15.81,0.0,14.7,0.8,7.88,6.53,4.91
Aug,11,8,5336,,1,1,1.0,17.8,26.68,,23.39,0.0,23.61,,6.55,0.0,14.7,0.8,7.88,6.53,4.91
Aug,11,9,5337,,1,1,1.0,20.6,27.07,,0.0,6.07,24.0,,0.0,1.2,14.7,0.8,7.88,6.53,4.91
Aug,11,10,5338,,1,1,1.0,22.8,27.48,,0.0,40.47,24.0,,0.0,8.47,14.7,0.8,7.88,6.53,4.91
Aug,11,11,5339,,1,1,1.0,25.0,27.94,,0.0,74.94,24.0,,0.0,16.65,14.7,0.8,7.88,6.53,4.91
Aug,11,12,5340,,1,1,1.0,26.7,28.34,,0.0,101.52,24.0,,0.0,23.5,14.7,0.8,7.88,6.53,4.91
Aug,11,13,5341,,1,1,1.0,28.3,28.78,,0.0,128.0,24.0,,0.0,30.84,14.7,0.8,7.88,6.53,4.91
Aug,11,14,5342,,1,1,1.0,29.4,29.19,,0.0,148.89,24.0,,0.0,36.91,14.7,0.8,7.88,6.53,4.91
Aug,11,15,5343,,1,1,1.0,29.4,29.44,,0.0,156.82,24.0,,0.0,38.88,14.7,0.8,7.88,6.53,4.91
Aug,11,16,5344,,1,1,1.0,28.3,29.53,,0.0,151.77,24.0,,0.0,36.57,14.7,0.8,7.88,6.53,4.91
Aug,11,17,5345,,1,1,1.0,26.7,29.46,,0.0,136.35,24.0,,0.0,31.56,14.7,0.8,7.88,6.53,4.91
Aug,11,18,5346,,1,1,1.0,27.2,29.63,,0.0,140.24,24.0,,0.0,32.87,14.7,0.8,7.88,6.53,4.91
Aug,11,19,5347,,1,1,1.0,23.9,29.29,,0.0,106.17,24.0,,0.0,22.89,14.7,0.8,7.88,6.53,4.91
Aug,11,20,5348,,1,1,1.0,22.8,29.16,,0.0,91.96,24.0,,0.0,19.25,14.7,0.8,7.88,6.53,4.91
Aug,11,21,5349,,1,1,1.0,21.7,29.02,,0.0,77.79,24.0,,0.0,15.82,14.7,0.8,7.88,6.53,4.91
Aug,11,22,5350,,1,1,0.77,20.6,29.07,,0.0,0.0,24.0,,0.0,0.0,0.0,0.61,6.04,6.53,3.76
Aug,11,23,5351,,1,1,0.77,20.6,29.02,,0.0,0.0,24.0,,0.0,0.0,0.0,0.61,6.04,6.53,3.76
Aug,11,24,5352,,1,1,0.77,18.3,28.78,,0.0,0.0,24.0,,0.0,0.0,0.0,0.61,6.04,6.53,3.76
Aug,12,1,5353,,1,1,0.77,17.2,28.6,,0.0,0.0,24.0,,0.0,0.0,0.0,0.61,6.04,6.53,3.76
Aug,12,2,5354,,1,1,0.77,18.9,28.63,,0.0,0.0,24.0,,0.0,0.0,0.0,0.61,6.04,6.53,3.76
Aug,12,3,5355,,1,1,0.77,18.3,28.51,,0.0,0.0,24.0,,0.0,0.0,0.0,0.61,6.04,6.53,3.76
Aug,12,4,5356,,1,1,0.77,16.1,28.25,,0.0,0.0,24.0,,0.0,0.0,0.0,0.61,6.04,6.53,3.76
Aug,12,5,5357,,1,1,0.77,16.7,28.18,,0.0,0.0,24.0,,0.0,0.0,0.0,0.61,6.04,6.53,3.76
Aug,12,6,5358,,1,1,0.77,16.1,28.02,,0.0,0.0,24.0,,0.0,0.0,0.0,0.61,6.04,6.53,3.76
Aug,12,7,5359,,1,1,1.0,18.9,27.73,,0.23,0.0,24.0,,0.06,0.0,14.7,0.8,7.88,6.53,4.91
Aug,12,8,5360,,1,1,1.0,22.8,28.38,,0.0,54.23,24.0,,0.0,11.35,14.7,0.8,7.88,6.53,4.91
Aug,12,9,5361,,1,1,1.0,23.3,28.57,,0.0,68.69,24.0,,0.0,14.57,14.7,0.8,7.88,6.53,4.91
Aug,12,10,5362,,1,1,1.0,25.0,28.95,,0.0,95.5,24.0,,0.0,21.22,14.7,0.8,7.88,6.53,4.91
Aug,12,11,5363,,1,1,1.0,27.8,29.47,,0.0,130.2,24.0,,0.0,30.98,14.7,0.8,7.88,6.53,4.91
Aug,12,12,5364,,1,1,1.0,28.3,29.77,,0.0,143.83,24.0,,0.0,34.66,14.7,0.8,7.88,6.53,4.91
Aug,12,13,5365,,1,1,1.0,29.4,30.15,,0.0,162.57,24.0,,0.0,40.3,14.7,0.8,7.88,6.53,4.91
Aug,12,14,5366,,1,1,1.0,30.0,30.46,,0.0,174.68,24.0,,0.0,44.0,14.7,0.8,7.88,6.53,4.91
Aug,12,15,5367,,1,1,1.0,30.0,30.71,,0.0,181.19,24.0,,0.0,45.64,14.7,0.8,7.88,6.53,4.91
Aug,12,16,5368,,1,1,1.0,30.0,30.91,,0.0,182.97,24.0,,0.0,46.09,14.7,0.8,7.88,6.53,4.91
Aug,12,17,5369,,1,1,1.0,30.0,31.07,,0.0,182.55,24.0,,0.0,45.98,14.7,0.8,7.88,6.53,4.91
Aug,12,18,5370,,1,1,1.0,28.9,31.07,,0.0,170.6,24.0,,0.0,41.75,14.7,0.8,7.88,6.53,4.91
Aug,12,19,5371,,1,1,1.0,25.6,30.74,,0.0,135.56,24.0,,0.0,30.56,14.7,0.8,7.88,6.53,4.91
Aug,12,20,5372,,1,1,1.0,23.9,30.54,,0.0,114.77,24.0,,0.0,24.74,14.7,0.8,7.88,6.53,4.91
Aug,12,21,5373,,1,1,1.0,21.7,30.24,,0.0,89.12,24.0,,0.0,18.13,14.7,0.8,7.88,6.53,4.91
Aug,12,22,5374,,1,1,0.77,20.0,30.27,,0.0,0.0,24.0,,0.0,0.0,0.0,0.61,6.04,6.53,3.76
Aug,12,23,5375,,1,1,0.77,18.9,30.1,,0.0,0.0,24.0,,0.0,0.0,0.0,0.61,6.04,6.53,3.76
Aug,12,24,5376,,1,1,0.77,17.8,29.91,,0.0,0.0,24.0,,0.0,0.0,0.0,0.61,6.04,6.53,3.76
Aug,13,1,5377,,1,1,0.77,16.7,29.7,,0.0,0.0,24.0,,0.0,0.0,0.0,0.61,6.04,6.53,3.76
Aug,13,2,5378,,1,1,0.77,16.1,29.52,,0.0,0.0,24.0,,0.0,0.0,0.0,0.61,6.04,6.53,3.76
Aug,13,3,5379,,1,1,0.77,15.6,29.33,,0.0,0.0,24.0,,0.0,0.0,0.0,0.61,6.04,6.53,3.76
Aug,13,4,5380,,1,1,0.77,16.1,29.23,,0.0,0.0,24.0,,0.0,0.0,0.0,0.61,6.04,6.53,3.76
Aug,13,5,5381,,1,1,0.77,15.0,29.0,,0.0,0.0,23.99,,0.0,0.0,0.0,0.61,6.04,6.53,3.76
Aug,13,6,5382,,1,1,0.77,15.6,28.9,,0.0,0.0,23.98,,0.0,0.0,0.0,0.61,6.04,6.53,3.76
Aug,13,7,5383,,1,1,1.0,17.2,28.37,,13.19,0.0,23.78,,3.69,0.0,14.7,0.8,7.88,6.53,4.91
Aug,13,8,5384,,1,1,1.0,19.4,28.74,,0.0,19.32,24.0,,0.0,3.7,14.7,0.8,7.88,6.53,4.91
Aug,13,9,5385,,1,1,1.0,21.7,29.07,,0.0,49.95,24.0,,0.0,10.16,14.7,0.8,7.88,6.53,4.91
Aug,13,10,5386,,1,1,1.0,23.3,29.37,,0.0,73.71,24.0,,0.0,15.64,14.7,0.8,7.88,6.53,4.91
Aug,13,11,5387,,1,1,1.0,27.8,30.05,,0.0,123.91,24.0,,0.0,29.48,14.7,0.8,7.88,6.53,4.91
Aug,13,12,5388,,1,1,1.0,28.3,30.35,,0.0,139.57,24.0,,0.0,33.63,14.7,0.8,7.88,6.53,4.91
Aug,13,13,5389,,1,1,1.0,23.0,29.85,,0.0,95.78,24.0,,0.0,20.16,14.7,0.8,7.88,6.53,4.91
Aug,13,14,5390,,1,1,1.0,20.6,29.66,,0.0,79.22,24.0,,0.0,15.67,14.7,0.8,7.88,6.53,4.91
Aug,13,15,5391,,1,1,1.0,25.0,30.14,,0.0,113.5,24.0,,0.0,25.22,14.7,0.8,7.88,6.53,4.91
Aug,13,16,5392,,1,1,1.0,25.0,30.25,,0.0,117.33,24.0,,0.0,26.07,14.7,0.8,7.88,6.53,4.91
Aug,13,17,5393,,1,1,1.0,23.0,30.0,,0.0,94.17,24.0,,0.0,19.82,14.7,0.8,7.88,6.53,4.91
Aug,13,18,5394,,1,1,1.0,22.2,29.87,,0.0,82.94,24.0,,0.0,17.09,14.7,0.8,7.88,6.53,4.91
Aug,13,19,5395,,1,1,1.0,20.6,29.63,,0.0,64.3,24.0,,0.0,12.72,14.7,0.8,7.88,6.53,4.91
Aug,13,20,5396,,1,1,1.0,20.0,29.48,,0.0,54.58,24.0,,0.0,10.64,14.7,0.8,7.88,6.53,4.91
Aug,13,21,5397,,1,1,1.0,20.0,29.39,,0.0,50.8,24.0,,0.0,9.9,14.7,0.8,7.88,6.53,4.91
Aug,13,22,5398,,1,1,0.77,19.4,29.54,,0.0,0.0,24.0,,0.0,0.0,0.0,0.61,6.04,6.53,3.76
Aug,13,23,5399,,1,1,0.77,17.8,29.32,,0.0,0.0,24.0,,0.0,0.0,0.0,0.61,6.04,6.53,3.76
Aug,13,24,5400,,1,1,0.77,17.8,29.22,,0.0,0.0,24.0,,0.0,0.0,0.0,0.61,6.04,6.53,3.76
Aug,14,1,5401,,1,1,0.77,17.8,29.11,,0.0,0.0,24.0,,0.0,0.0,0.0,0.61,6.04,6.53,3.76
Aug,14,2,5402,,1,1,0.77,17.8,29.01,,0.0,0.0,24.0,,0.0,0.0,0.0,0.61,6.04,6.53,3.76
Aug,14,3,5403,,1,1,0.77,17.8,28.91,,0.0,0.0,24.0,,0.0,0.0,0.0,0.61,6.04,6.53,3.76
Aug,14,4,5404,,1,1,0.77,18.3,28.85,,0.0,0.0,24.0,,0.0,0.0,0.0,0.61,6.04,6.53,3.76
Aug,14,5,5405,,1,1,0.77,17.2,28.67,,0.0,0.0,24.0,,0.0,0.0,0.0,0.61,6.04,6.53,3.76
Aug,14,6,5406,,1,1,0.77,16.7,28.53,,0.0,0.0,24.0,,0.0,0.0,0.0,0.61,6.04,6.53,3.76
Aug,14,7,5407,,1,1,1.0,17.8,28.02,,10.8,0.0,23.82,,3.03,0.0,14.7,0.8,7.88,6.53,4.91
Aug,14,8,5408,,1,1,1.0,19.4,28.33,,0.0,17.29,24.0,,0.0,3.31,14.7,0.8,7.88,6.53,4.91
Aug,14,9,5409,,1,1,1.0,21.1,28.59,,0.0,41.65,24.0,,0.0,8.34,14.7,0.8,7.88,6.53,4.91
Aug,14,10,5410,,1,1,1.0,21.7,28.68,,0.0,51.08,24.0,,0.0,10.39,14.7,0.8,7.88,6.53,4.91
Aug,14,11,5411,,1,1,1.0,23.9,29.1,,0.0,83.44,24.0,,0.0,17.99,14.7,0.8,7.88,6.53,4.91
Aug,14,12,5412,,1,1,1.0,23.3,29.1,,0.0,81.39,24.0,,0.0,17.26,14.7,0.8,7.88,6.53,4.91
Aug,14,13,5413,,1,1,1.0,24.4,29.3,,0.0,94.3,24.0,,0.0,20.61,14.7,0.8,7.88,6.53,4.91
Aug,14,14,5414,,1,1,1.0,22.8,29.23,,0.0,85.91,24.0,,0.0,17.98,14.7,0.8,7.88,6.53,4.91
Aug,14,15,5415,,1,1,1.0,23.3,29.36,,0.0,92.67,24.0,,0.0,19.66,14.7,0.8,7.88,6.53,4.91
Aug,14,16,5416,,1,1,1.0,25.0,29.57,,0.0,105.37,24.0,,0.0,23.42,14.7,0.8,7.88,6.53,4.91
Aug,14,17,5417,,1,1,1.0,21.7,29.23,,0.0,76.34,24.0,,0.0,15.53,14.7,0.8,7.88,6.53,4.91
Aug,14,18,5418,,1,1,1.0,21.1,29.14,,0.0,68.8,24.0,,0.0,13.78,14.7,0.8,7.88,6.53,4.91
Aug,14,19,5419,,1,1,1.0,20.0,28.94,,0.0,53.93,24.0,,0.0,10.51,14.7,0.8,7.88,6.53,4.91
Aug,14,20,5420,,1,1,1.0,17.2,28.51,,0.0,23.88,24.0,,0.0,4.31,14.7,0.8,7.88,6.53,4.91
Aug,14,21,5421,,1,1,1.0,18.3,28.52,,0.0,29.59,24.0,,0.0,5.5,14.7,0.8,7.88,6.53,4.91
Aug,14,22,5422,,1,1,0.77,17.8,28.7,,0.0,0.0,24.0,,0.0,0.0,0.0,0.61,6.04,6.53,3.76
Aug,14,23,5423,,1,1,0.77,17.2,28.55,,0.0,0.0,24.0,,0.0,0.0,0.0,0.61,6.04,6.53,3.76
Aug,14,24,5424,,1,1,0.77,18.3,28.54,,0.0,0.0,24.0,,0.0,0.0,0.0,0.61,6.04,6.53,3.76
Aug,15,1,5425,,1,1,0.77,18.3,28.46,,0.0,0.0,24.0,,0.0,0.0,0.0,0.61,6.04,6.53,3.76
Aug,15,2,5426,,1,1,0.77,17.2,28.29,,0.0,0.0,24.0,,0.0,0.0,0.0,0.61,6.04,6.53,3.76
Aug,15,3,5427,,1,1,0.77,17.2,28.19,,0.0,0.0,24.0,,0.0,0.0,0.0,0.61,6.04,6.53,3.76
Aug,15,4,5428,,1,1,0.77,16.1,28.0,,0.0,0.0,24.0,,0.0,0.0,0.0,0.61,6.04,6.53,3.76
Aug,15,5,5429,,1,1,0.77,16.1,27.89,,0.0,0.0,23.96,,0.0,0.0,0.0,0.61,6.04,6.53,3.76
Aug,15,6,5430,,1,1,0.77,16.1,27.78,,0.0,0.0,23.92,,0.0,0.0,0.0,0.61,6.04,6.53,3.76
Aug,15,7,5431,,1,1,1.0,18.3,27.41,,11.44,0.0,23.81,,3.2,0.0,14.7,0.8,7.88,6.53,4.91
Aug,15,8,5432,,1,1,1.0,20.0,27.78,,0.0,19.93,24.0,,0.0,3.88,14.7,0.8,7.88,6.53,4.91
Aug,15,9,5433,,1,1,1.0,23.3,28.26,,0.0,59.04,24.0,,0.0,12.52,14.7,0.8,7.88,6.53,4.91
Aug,15,10,5434,,1,1,1.0,24.4,28.53,,0.0,79.0,24.0,,0.0,17.27,14.7,0.8,7.88,6.53,4.91
Aug,15,11,5435,,1,1,1.0,25.6,28.86,,0.0,100.48,24.0,,0.0,22.65,14.7,0.8,7.88,6.53,4.91
Aug,15,12,5436,,1,1,1.0,25.6,29.06,,0.0,110.58,24.0,,0.0,24.93,14.7,0.8,7.88,6.53,4.91
Aug,15,13,5437,,1,1,1.0,25.0,29.17,,0.0,112.76,24.0,,0.0,25.06,14.7,0.8,7.88,6.53,4.91
Aug,15,14,5438,,1,1,1.0,18.9,28.44,,0.0,52.77,24.0,,0.0,9.97,14.7,0.8,7.88,6.53,4.91
Aug,15,15,5439,,1,1,1.0,21.7,28.73,,0.0,75.14,24.0,,0.0,15.29,14.7,0.8,7.88,6.53,4.91
Aug,15,16,5440,,1,1,1.0,20.0,28.59,,0.0,63.22,24.0,,0.0,12.32,14.7,0.8,7.88,6.53,4.91
Aug,15,17,5441,,1,1,1.0,20.0,28.54,,0.0,59.01,24.0,,0.0,11.5,14.7,0.8,7.88,6.53,4.91
Aug,15,18,5442,,1,1,1.0,19.4,28.42,,0.0,50.26,24.0,,0.0,9.63,14.7,0.8,7.88,6.53,4.91
Aug,15,19,5443,,1,1,1.0,20.0,28.42,,0.0,51.23,24.0,,0.0,9.99,14.7,0.8,7.88,6.53,4.91
Aug,15,20,5444,,1,1,1.0,18.3,28.14,,0.0,31.86,24.0,,0.0,5.92,14.7,0.8,7.88,6.53,4.91
Aug,15,21,5445,,1,1,1.0,17.8,27.98,,0.0,23.4,24.0,,0.0,4.29,14.7,0.8,7.88,6.53,4.91
Aug,15,22,5446,,1,1,0.77,16.7,28.11,,0.0,0.0,24.0,,0.0,0.0,0.0,0.61,6.04,6.53,3.76
Aug,15,23,5447,,1,1,0.77,16.1,27.95,,0.0,0.0,24.0,,0.0,0.0,0.0,0.61,6.04,6.53,3.76
Aug,15,24,5448,,1,1,0.77,16.1,27.84,,0.0,0.0,24.0,,0.0,0.0,0.0,0.61,6.04,6.53,3.76
Aug,16,1,5449,,1,1,0.77,16.7,27.78,,0.0,0.0,24.0,,0.0,0.0,0.0,0.61,6.04,6.53,3.76
Aug,16,2,5450,,1,1,0.77,15.6,27.59,,0.0,0.0,23.98,,0.0,0.0,0.0,0.61,6.04,6.53,3.76
Aug,16,3,5451,,1,1,0.77,15.0,27.43,,0.0,0.0,23.89,,0.0,0.0,0.0,0.61,6.04,6.53,3.76
Aug,16,4,5452,,1,1,0.77,13.3,27.16,,0.0,0.0,23.69,,0.0,0.0,0.0,0.61,6.04,6.53,3.76
Aug,16,5,5453,,1,1,0.77,12.8,26.97,,0.0,0.0,23.56,,0.0,0.0,0.0,0.61,6.04,6.53,3.76
Aug,16,6,5454,,1,1,0.77,12.8,26.81,,0.0,0.0,23.47,,0.0,0.0,0.0,0.61,6.04,6.53,3.76
Aug,16,7,5455,,1,1,1.0,16.1,26.44,,41.31,0.0,23.32,,11.57,0.0,14.7,0.8,7.88,6.53,4.91
Aug,16,8,5456,,1,1,1.0,18.3,26.86,,10.85,0.0,23.82,,3.04,0.0,14.7,0.8,7.88,6.53,4.91
Aug,16,9,5457,,1,1,1.0,20.6,27.22,,0.0,18.53,24.0,,0.0,3.67,14.7,0.8,7.88,6.53,4.91
Aug,16,10,5458,,1,1,1.0,22.2,27.49,,0.0,41.7,24.0,,0.0,8.59,14.7,0.8,7.88,6.53,4.91
Aug,16,11,5459,,1,1,1.0,22.2,27.64,,0.0,53.32,24.0,,0.0,10.99,14.7,0.8,7.88,6.53,4.91
Aug,16,12,5460,,1,1,1.0,23.9,28.04,,0.0,81.98,24.0,,0.0,17.67,14.7,0.8,7.88,6.53,4.91
Aug,16,13,5461,,1,1,1.0,25.6,28.48,,0.0,110.7,24.0,,0.0,24.95,14.7,0.8,7.88,6.53,4.91
Aug,16,14,5462,,1,1,1.0,25.6,28.7,,0.0,119.73,24.0,,0.0,26.99,14.7,0.8,7.88,6.53,4.91
Aug,16,15,5463,,1,1,1.0,25.0,28.84,,0.0,122.35,24.0,,0.0,27.19,14.7,0.8,7.88,6.53,4.91
Aug,16,16,5464,,1,1,1.0,26.1,29.06,,0.0,130.27,24.0,,0.0,29.72,14.7,0.8,7.88,6.53,4.91
Aug,16,17,5465,,1,1,1.0,22.2,28.67,,0.0,92.92,24.0,,0.0,19.15,14.7,0.8,7.88,6.53,4.91
Aug,16,18,5466,,1,1,1.0,22.2,28.68,,0.0,89.58,24.0,,0.0,18.46,14.7,0.8,7.88,6.53,4.91
Aug,16,19,5467,,1,1,1.0,19.4,28.3,,0.0,58.34,24.0,,0.0,11.18,14.7,0.8,7.88,6.53,4.91
Aug,16,20,5468,,1,1,1.0,16.7,27.89,,0.0,27.44,24.0,,0.0,4.88,14.7,0.8,7.88,6.53,4.91
Aug,16,21,5469,,1,1,1.0,17.2,27.82,,0.0,26.12,24.0,,0.0,4.71,14.7,0.8,7.88,6.53,4.91
Aug,16,22,5470,,1,1,0.77,16.1,27.96,,0.0,0.0,24.0,,0.0,0.0,0.0,0.61,6.04,6.53,3.76
Aug,16,23,5471,,1,1,0.77,14.4,27.71,,0.0,0.0,24.0,,0.0,0.0,0.0,0.61,6.04,6.53,3.76
Aug,16,24,5472,,1,1,0.77,15.0,27.62,,0.0,0.0,24.0,,0.0,0.0,0.0,0.61,6.04,6.53,3.76
Aug,17,1,5473,,1,1,0.77,15.0,27.49,,0.0,0.0,24.0,,0.0,0.0,0.0,0.61,6.04,6.53,3.76
Aug,17,2,5474,,1,1,0.77,15.0,27.37,,0.0,0.0,23.96,,0.0,0.0,0.0,0.61,6.04,6.53,3.76
Aug,17,3,5475,,1,1,0.77,15.0,27.24,,0.0,0.0,23.9,,0.0,0.0,0.0,0.61,6.04,6.53,3.76
Aug,17,4,5476,,1,1,0.77,13.3,26.98,,0.0,0.0,23.7,,0.0,0.0,0.0,0.61,6.04,6.53,3.76
Aug,17,5,5477,,1,1,0.77,11.7,26.7,,0.0,0.0,23.48,,0.0,0.0,0.0,0.61,6.04,6.53,3.76
Aug,17,6,5478,,1,1,0.77,12.2,26.57,,0.0,0.0,23.41,,0.0,0.0,0.0,0.61,6.04,6.53,3.76
Aug,17,7,5479,,1,1,1.0,15.0,26.11,,51.04,0.0,23.16,,14.3,0.0,14.7,0.8,7.88,6.53,4.91
Aug,17,8,5480,,1,1,1.0,18.3,26.64,,14.41,0.0,23.76,,4.04,0.0,14.7,0.8,7.88,6.53,4.91
Aug,17,9,5481,,1,1,1.0,21.7,27.13,,0.0,23.52,24.0,,0.0,4.78,14.7,0.8,7.88,6.53,4.91
Aug,17,10,5482,,1,1,1.0,22.8,27.43,,0.0,48.3,24.0,,0.0,10.11,14.7,0.8,7.88,6.53,4.91
Aug,17,11,5483,,1,1,1.0,25.0,27.87,,0.0,80.13,24.0,,0.0,17.81,14.7,0.8,7.88,6.53,4.91
Aug,17,12,5484,,1,1,1.0,27.2,28.36,,0.0,111.97,24.0,,0.0,26.24,14.7,0.8,7.88,6.53,4.91
Aug,17,13,5485,,1,1,1.0,27.2,28.61,,0.0,123.33,24.0,,0.0,28.9,14.7,0.8,7.88,6.53,4.91
Aug,17,14,5486,,1,1,1.0,28.3,28.98,,0.0,141.79,24.0,,0.0,34.16,14.7,0.8,7.88,6.53,4.91
Aug,17,15,5487,,1,1,1.0,28.3,29.21,,0.0,148.83,24.0,,0.0,35.86,14.7,0.8,7.88,6.53,4.91
Aug,17,16,5488,,1,1,1.0,28.3,29.4,,0.0,151.91,24.0,,0.0,36.6,14.7,0.8,7.88,6.53,4.91
Aug,17,17,5489,,1,1,1.0,27.8,29.48,,0.0,146.66,24.0,,0.0,34.89,14.7,0.8,7.88,6.53,4.91
Aug,17,18,5490,,1,1,1.0,26.7,29.46,,0.0,135.6,24.0,,0.0,31.39,14.7,0.8,7.88,6.53,4.91
Aug,17,19,5491,,1,1,1.0,23.3,29.1,,0.0,100.44,24.0,,0.0,21.31,14.7,0.8,7.88,6.53,4.91
Aug,17,20,5492,,1,1,1.0,23.3,29.11,,0.0,96.29,24.0,,0.0,20.43,14.7,0.8,7.88,6.53,4.91
Aug,17,21,5493,,1,1,1.0,20.0,28.69,,0.0,61.72,24.0,,0.0,12.03,14.7,0.8,7.88,6.53,4.91
Aug,17,22,5494,,1,1,0.77,18.9,28.77,,0.0,0.0,24.0,,0.0,0.0,0.0,0.61,6.04,6.53,3.76
Aug,17,23,5495,,1,1,0.77,18.9,28.7,,0.0,0.0,24.0,,0.0,0.0,0.0,0.61,6.04,6.53,3.76
Aug,17,24,5496,,1,1,0.77,18.3,28.57,,0.0,0.0,24.0,,0.0,0.0,0.0,0.61,6.04,6.53,3.76
Aug,18,1,5497,,1,1,0.77,17.8,28.45,,0.0,0.0,24.0,,0.0,0.0,0.0,0.61,6.04,6.53,3.76
Aug,18,2,5498,,1,1,0.77,17.2,28.31,,0.0,0.0,24.0,,0.0,0.0,0.0,0.61,6.04,6.53,3.76
Aug,18,3,5499,,1,1,0.77,17.2,28.21,,0.0,0.0,24.0,,0.0,0.0,0.0,0.61,6.04,6.53,3.76
Aug,18,4,5500,,1,1,0.77,15.6,27.98,,0.0,0.0,24.0,,0.0,0.0,0.0,0.61,6.04,6.53,3.76
Aug,18,5,5501,,1,1,0.77,15.0,27.81,,0.0,0.0,23.95,,0.0,0.0,0.0,0.61,6.04,6.53,3.76
Aug,18,6,5502,,1,1,0.77,15.6,27.73,,0.0,0.0,23.94,,0.0,0.0,0.0,0.61,6.04,6.53,3.76
Aug,18,7,5503,,1,1,1.0,18.3,27.4,,8.3,0.0,23.86,,2.32,0.0,14.7,0.8,7.88,6.53,4.91
Aug,18,8,5504,,1,1,1.0,21.1,27.91,,0.0,33.93,24.0,,0.0,6.8,14.7,0.8,7.88,6.53,4.91
Aug,18,9,5505,,1,1,1.0,23.9,28.36,,0.0,69.31,24.0,,0.0,14.94,14.7,0.8,7.88,6.53,4.91
Aug,18,10,5506,,1,1,1.0,26.7,28.89,,0.0,107.1,24.0,,0.0,24.79,14.7,0.8,7.88,6.53,4.91
Aug,18,11,5507,,1,1,1.0,30.0,29.53,,0.0,148.4,24.0,,0.0,37.38,14.7,0.8,7.88,6.53,4.91
Aug,18,12,5508,,1,1,1.0,30.0,29.83,,0.0,160.25,24.0,,0.0,40.37,14.7,0.8,7.88,6.53,4.91
Aug,18,13,5509,,1,1,1.0,31.1,30.27,,0.0,181.3,24.0,,0.0,46.89,14.7,0.8,7.88,6.53,4.91
Aug,18,14,5510,,1,1,1.0,32.2,30.71,,0.0,199.85,24.0,,0.0,50.49,14.7,0.8,7.88,6.53,4.91
Aug,18,15,5511,,1,1,1.0,32.2,31.02,,0.0,207.63,24.0,,0.0,50.49,14.7,0.8,7.88,6.53,4.91
Aug,18,16,5512,,1,1,1.0,31.7,31.21,,0.0,205.95,24.0,,0.0,49.87,14.7,0.8,7.88,6.53,4.91
Aug,18,17,5513,,1,1,1.0,31.7,31.38,,0.0,203.77,24.0,,0.0,49.87,14.7,0.8,7.88,6.53,4.91
Aug,18,18,5514,,1,1,1.0,27.8,31.06,,0.0,166.15,24.0,,0.0,39.53,14.7,0.8,7.88,6.53,4.91
Aug,18,19,5515,,1,1,1.0,25.6,30.84,,0.0,139.95,24.0,,0.0,31.55,14.7,0.8,7.88,6.53,4.91
Aug,18,20,5516,,1,1,1.0,22.2,30.42,,0.0,102.59,24.0,,0.0,21.14,14.7,0.8,7.88,6.53,4.91
Aug,18,21,5517,,1,1,1.0,22.8,30.44,,0.0,101.9,24.0,,0.0,21.33,14.7,0.8,7.88,6.53,4.91
Aug,18,22,5518,,1,1,0.77,23.3,30.64,,0.0,0.0,24.0,,0.0,0.0,0.0,0.61,6.04,6.53,3.76
Aug,18,23,5519,,1,1,0.77,21.7,30.47,,0.0,0.0,24.0,,0.0,0.0,0.0,0.61,6.04,6.53,3.76
Aug,18,24,5520,,1,1,0.77,21.1,30.37,,0.0,0.0,24.0,,0.0,0.0,0.0,0.61,6.04,6.53,3.76
Aug,19,1,5521,,1,1,0.77,20.6,30.26,,0.0,0.0,24.0,,0.0,0.0,0.0,0.61,6.04,6.53,3.76
Aug,19,2,5522,,1,1,0.77,20.0,30.14,,0.0,0.0,24.0,,0.0,0.0,0.0,0.61,6.04,6.53,3.76
Aug,19,3,5523,,1,1,0.77,19.4,30.01,,0.0,0.0,24.0,,0.0,0.0,0.0,0.61,6.04,6.53,3.76
Aug,19,4,5524,,1,1,0.77,20.0,29.97,,0.0,0.0,24.0,,0.0,0.0,0.0,0.61,6.04,6.53,3.76
Aug,19,5,5525,,1,1,0.77,19.4,29.84,,0.0,0.0,24.0,,0.0,0.0,0.0,0.61,6.04,6.53,3.76
Aug,19,6,5526,,1,1,0.77,19.4,29.76,,0.0,0.0,24.0,,0.0,0.0,0.0,0.61,6.04,6.53,3.76
Aug,19,7,5527,,1,1,1.0,22.2,29.56,,0.0,40.95,24.0,,0.0,8.44,14.7,0.8,7.88,6.53,4.91
Aug,19,8,5528,,1,1,1.0,26.7,30.33,,0.0,101.73,24.0,,0.0,23.55,14.7,0.8,7.88,6.53,4.91
Aug,19,9,5529,,1,1,1.0,30.0,30.92,,0.0,142.95,24.0,,0.0,36.01,14.7,0.8,7.88,6.53,4.91
Aug,19,10,5530,,1,1,1.0,31.7,31.4,,0.0,171.53,24.0,,0.0,45.02,14.7,0.8,7.88,6.53,4.91
Aug,19,11,5531,,1,1,1.0,32.8,31.89,,0.0,196.88,24.0,,0.0,51.26,14.7,0.8,7.88,6.53,4.91
Aug,19,12,5532,,1,1,1.0,34.4,32.39,,0.0,221.67,24.0,,0.0,53.42,14.7,0.8,7.88,6.53,4.91
Aug,19,13,5533,,1,1,1.0,34.4,32.73,,0.0,231.62,24.0,,0.0,53.42,14.7,0.8,7.88,6.53,4.91
Aug,19,14,5534,,1,1,1.0,34.4,33.05,,0.0,239.26,24.0,,0.0,53.42,14.7,0.8,7.88,6.53,4.91
Aug,19,15,5535,,1,1,1.0,32.8,33.05,,0.0,222.89,24.0,,0.0,51.26,14.7,0.8,7.88,6.53,4.91
Aug,19,16,5536,,1,1,1.0,27.8,32.61,,0.0,176.81,24.0,,0.0,42.07,14.7,0.8,7.88,6.53,4.91
Aug,19,17,5537,,1,1,1.0,27.2,32.59,,0.0,167.11,24.0,,0.0,39.17,14.7,0.8,7.88,6.53,4.91
Aug,19,18,5538,,1,1,1.0,26.7,32.55,,0.0,156.87,24.0,,0.0,36.31,14.7,0.8,7.88,6.53,4.91
Aug,19,19,5539,,1,1,1.0,24.4,32.26,,0.0,129.28,24.0,,0.0,28.25,14.7,0.8,7.88,6.53,4.91
Aug,19,20,5540,,1,1,1.0,22.2,31.93,,0.0,102.54,24.0,,0.0,21.13,14.7,0.8,7.88,6.53,4.91
Aug,19,21,5541,,1,1,1.0,22.8,31.91,,0.0,101.86,24.0,,0.0,21.32,14.7,0.8,7.88,6.53,4.91
Aug,19,22,5542,,1,1,0.77,21.7,32.01,,0.0,0.0,24.0,,0.0,0.0,0.0,0.61,6.04,6.53,3.76
Aug,19,23,5543,,1,1,0.77,21.1,31.88,,0.0,0.0,24.0,,0.0,0.0,0.0,0.61,6.04,6.53,3.76
Aug,19,24,5544,,1,1,0.77,21.1,31.79,,0.0,0.0,24.0,,0.0,0.0,0.0,0.61,6.04,6.53,3.76
Aug,20,1,5545,,1,1,0.77,18.9,31.51,,0.0,0.0,24.0,,0.0,0.0,0.0,0.61,6.04,6.53,3.76
Aug,20,2,5546,,1,1,0.77,20.6,31.53,,0.0,0.0,24.0,,0.0,0.0,0.0,0.61,6.04,6.53,3.76
Aug,20,3,5547,,1,1,0.77,20.6,31.43,,0.0,0.0,24.0,,0.0,0.0,0.0,0.61,6.04,6.53,3.76
Aug,20,4,5548,,1,1,0.77,20.6,31.34,,0.0,0.0,24.0,,0.0,0.0,0.0,0.61,6.04,6.53,3.76
Aug,20,5,5549,,1,1,0.77,20.0,31.2,,0.0,0.0,24.0,,0.0,0.0,0.0,0.61,6.04,6.53,3.76
Aug,20,6,5550,,1,1,0.77,20.0,31.1,,0.0,0.0,24.0,,0.0,0.0,0.0,0.61,6.04,6.53,3.76
Aug,20,7,5551,,1,1,1.0,22.8,30.85,,0.0,47.43,24.0,,0.0,9.93,14.7,0.8,7.88,6.53,4.91
Aug,20,8,5552,,1,1,1.0,25.6,31.38,,0.0,92.31,24.0,,0.0,20.81,14.7,0.8,7.88,6.53,4.91
Aug,20,9,5553,,1,1,1.0,29.4,31.97,,0.0,136.48,24.0,,0.0,33.84,14.7,0.8,7.88,6.53,4.91
Aug,20,10,5554,,1,1,1.0,30.0,32.26,,0.0,153.26,24.0,,0.0,38.6,14.7,0.8,7.88,6.53,4.91
Aug,20,11,5555,,1,1,1.0,30.0,32.4,,0.0,157.85,24.0,,0.0,39.76,14.7,0.8,7.88,6.53,4.91
Aug,20,12,5556,,1,1,1.0,31.1,32.81,,0.0,181.52,24.0,,0.0,46.95,14.7,0.8,7.88,6.53,4.91
Aug,20,13,5557,,1,1,1.0,31.1,33.08,,0.0,192.59,24.0,,0.0,49.14,14.7,0.8,7.88,6.53,4.91
Aug,20,14,5558,,1,1,1.0,27.0,32.68,,0.0,153.31,24.0,,0.0,35.75,14.7,0.8,7.88,6.53,4.91
Aug,20,15,5559,,1,1,1.0,25.6,32.54,,0.0,138.28,24.0,,0.0,31.17,14.7,0.8,7.88,6.53,4.91
Aug,20,16,5560,,1,1,1.0,25.6,32.55,,0.0,134.98,24.0,,0.0,30.43,14.7,0.8,7.88,6.53,4.91
Aug,20,17,5561,,1,1,1.0,25.6,32.59,,0.0,135.43,24.0,,0.0,30.53,14.7,0.8,7.88,6.53,4.91
Aug,20,18,5562,,1,1,1.0,24.4,32.41,,0.0,118.95,24.0,,0.0,26.0,14.7,0.8,7.88,6.53,4.91
Aug,20,19,5563,,1,1,1.0,24.0,32.3,,0.0,110.31,24.0,,0.0,23.85,14.7,0.8,7.88,6.53,4.91
Aug,20,20,5564,,1,1,1.0,22.2,32.02,,0.0,89.21,24.0,,0.0,18.38,14.7,0.8,7.88,6.53,4.91
Aug,20,21,5565,,1,1,1.0,21.7,31.86,,0.0,79.98,24.0,,0.0,16.27,14.7,0.8,7.88,6.53,4.91
Aug,20,22,5566,,1,1,0.77,21.7,32.08,,0.0,0.0,24.0,,0.0,0.0,0.0,0.61,6.04,6.53,3.76
Aug,20,23,5567,,1,1,0.77,18.9,31.76,,0.0,0.0,24.0,,0.0,0.0,0.0,0.61,6.04,6.53,3.76
Aug,20,24,5568,,1,1,0.77,17.8,31.54,,0.0,0.0,24.0,,0.0,0.0,0.0,0.61,6.04,6.53,3.76
Aug,21,1,5569,,1,1,0.77,20.6,31.62,,0.0,0.0,24.0,,0.0,0.0,0.0,0.61,6.04,6.53,3.76
Aug,21,2,5570,,1,1,0.77,18.3,31.33,,0.0,0.0,24.0,,0.0,0.0,0.0,0.61,6.04,6.53,3.76
Aug,21,3,5571,,1,1,0.77,19.4,31.29,,0.0,0.0,24.0,,0.0,0.0,0.0,0.61,6.04,6.53,3.76
Aug,21,4,5572,,1,1,0.77,18.9,31.14,,0.0,0.0,24.0,,0.0,0.0,0.0,0.61,6.04,6.53,3.76
Aug,21,5,5573,,1,1,0.77,18.9,31.02,,0.0,0.0,24.0,,0.0,0.0,0.0,0.61,6.04,6.53,3.76
Aug,21,6,5574,,1,1,0.77,17.8,30.81,,0.0,0.0,24.0,,0.0,0.0,0.0,0.61,6.04,6.53,3.76
Aug,21,7,5575,,1,1,1.0,21.1,30.49,,0.0,24.2,24.0,,0.0,4.85,14.7,0.8,7.88,6.53,4.91
Aug,21,8,5576,,1,1,1.0,23.9,31.0,,0.0,69.87,24.0,,0.0,15.06,14.7,0.8,7.88,6.53,4.91
Aug,21,9,5577,,1,1,1.0,26.1,31.37,,0.0,100.42,24.0,,0.0,22.91,14.7,0.8,7.88,6.53,4.91
Aug,21,10,5578,,1,1,1.0,26.7,31.62,,0.0,118.05,24.0,,0.0,27.33,14.7,0.8,7.88,6.53,4.91
Aug,21,11,5579,,1,1,1.0,27.2,31.84,,0.0,132.19,24.0,,0.0,30.98,14.7,0.8,7.88,6.53,4.91
Aug,21,12,5580,,1,1,1.0,28.3,32.17,,0.0,152.09,24.0,,0.0,36.65,14.7,0.8,7.88,6.53,4.91
Aug,21,13,5581,,1,1,1.0,29.4,32.51,,0.0,171.23,24.0,,0.0,42.45,14.7,0.8,7.88,6.53,4.91
Aug,21,14,5582,,1,1,1.0,30.0,32.81,,0.0,185.69,24.0,,0.0,46.77,14.7,0.8,7.88,6.53,4.91
Aug,21,15,5583,,1,1,1.0,30.6,33.09,,0.0,196.61,24.0,,0.0,48.55,14.7,0.8,7.88,6.53,4.91
Aug,21,16,5584,,1,1,1.0,31.1,33.3,,0.0,201.67,24.0,,0.0,49.14,14.7,0.8,7.88,6.53,4.91
Aug,21,17,5585,,1,1,1.0,28.9,33.14,,0.0,179.67,24.0,,0.0,43.97,14.7,0.8,7.88,6.53,4.91
Aug,21,18,5586,,1,1,1.0,27.8,33.04,,0.0,163.84,24.0,,0.0,38.98,14.7,0.8,7.88,6.53,4.91
Aug,21,19,5587,,1,1,1.0,25.6,32.77,,0.0,138.42,24.0,,0.0,31.2,14.7,0.8,7.88,6.53,4.91
Aug,21,20,5588,,1,1,1.0,24.4,32.59,,0.0,122.03,24.0,,0.0,26.67,14.7,0.8,7.88,6.53,4.91
Aug,21,21,5589,,1,1,1.0,24.4,32.54,,0.0,117.01,24.0,,0.0,25.57,14.7,0.8,7.88,6.53,4.91
Aug,21,22,5590,,1,1,0.77,21.7,32.47,,0.0,0.0,24.0,,0.0,0.0,0.0,0.61,6.04,6.53,3.76
Aug,21,23,5591,,1,1,0.77,21.7,32.38,,0.0,0.0,24.0,,0.0,0.0,0.0,0.61,6.04,6.53,3.76
Aug,21,24,5592,,1,1,0.77,20.6,32.2,,0.0,0.0,24.0,,0.0,0.0,0.0,0.61,6.04,6.53,3.76
Aug,22,1,5593,,1,1,0.77,20.0,32.04,,0.0,0.0,24.0,,0.0,0.0,0.0,0.61,6.04,6.53,3.76
Aug,22,2,5594,,1,1,0.77,20.0,31.93,,0.0,0.0,24.0,,0.0,0.0,0.0,0.61,6.04,6.53,3.76
Aug,22,3,5595,,1,1,0.77,17.8,31.63,,0.0,0.0,24.0,,0.0,0.0,0.0,0.61,6.04,6.53,3.76
Aug,22,4,5596,,1,1,0.77,17.8,31.48,,0.0,0.0,24.0,,0.0,0.0,0.0,0.61,6.04,6.53,3.76
Aug,22,5,5597,,1,1,0.77,18.3,31.38,,0.0,0.0,24.0,,0.0,0.0,0.0,0.61,6.04,6.53,3.76
Aug,22,6,5598,,1,1,0.77,18.3,31.24,,0.0,0.0,24.0,,0.0,0.0,0.0,0.61,6.04,6.53,3.76
Aug,22,7,5599,,1,1,1.0,20.0,30.73,,0.0,17.48,24.0,,0.0,3.41,14.7,0.8,7.88,6.53,4.91
Aug,22,8,5600,,1,1,1.0,20.6,30.88,,0.0,38.74,24.0,,0.0,7.66,14.7,0.8,7.88,6.53,4.91
Aug,22,9,5601,,1,1,1.0,21.7,30.99,,0.0,53.92,24.0,,0.0,10.97,14.7,0.8,7.88,6.53,4.91
Aug,22,10,5602,,1,1,1.0,24.4,31.45,,0.0,92.79,24.0,,0.0,20.28,14.7,0.8,7.88,6.53,4.91
Aug,22,11,5603,,1,1,1.0,26.7,31.84,,0.0,122.02,24.0,,0.0,28.25,14.7,0.8,7.88,6.53,4.91
Aug,22,12,5604,,1,1,1.0,27.8,32.13,,0.0,140.74,24.0,,0.0,33.48,14.7,0.8,7.88,6.53,4.91
Aug,22,13,5605,,1,1,1.0,27.8,32.3,,0.0,149.25,24.0,,0.0,35.51,14.7,0.8,7.88,6.53,4.91
Aug,22,14,5606,,1,1,1.0,27.2,32.39,,0.0,150.2,24.0,,0.0,35.2,14.7,0.8,7.88,6.53,4.91
Aug,22,15,5607,,1,1,1.0,27.2,32.48,,0.0,151.48,24.0,,0.0,35.5,14.7,0.8,7.88,6.53,4.91
Aug,22,16,5608,,1,1,1.0,27.2,32.5,,0.0,147.99,24.0,,0.0,34.68,14.7,0.8,7.88,6.53,4.91
Aug,22,17,5609,,1,1,1.0,21.1,31.74,,0.0,87.28,24.0,,0.0,17.49,14.7,0.8,7.88,6.53,4.91
Aug,22,18,5610,,1,1,1.0,21.1,31.63,,0.0,81.01,24.0,,0.0,16.23,14.7,0.8,7.88,6.53,4.91
Aug,22,19,5611,,1,1,1.0,20.6,31.45,,0.0,70.89,24.0,,0.0,14.03,14.7,0.8,7.88,6.53,4.91
Aug,22,20,5612,,1,1,1.0,20.0,31.26,,0.0,60.32,24.0,,0.0,11.76,14.7,0.8,7.88,6.53,4.91
Aug,22,21,5613,,1,1,1.0,19.4,31.05,,0.0,50.11,24.0,,0.0,9.6,14.7,0.8,7.88,6.53,4.91
Aug,22,22,5614,,1,1,0.77,18.9,31.27,,0.0,0.0,24.0,,0.0,0.0,0.0,0.61,6.04,6.53,3.76
Aug,22,23,5615,,1,1,0.77,20.0,31.24,,0.0,0.0,24.0,,0.0,0.0,0.0,0.61,6.04,6.53,3.76
Aug,22,24,5616,,1,1,0.77,17.8,30.95,,0.0,0.0,24.0,,0.0,0.0,0.0,0.61,6.04,6.53,3.76
Aug,23,1,5617,,1,1,0.77,17.2,30.77,,0.0,0.0,24.0,,0.0,0.0,0.0,0.61,6.04,6.53,3.76
Aug,23,2,5618,,1,1,0.77,16.1,30.53,,0.0,0.0,24.0,,0.0,0.0,0.0,0.61,6.04,6.53,3.76
Aug,23,3,5619,,1,1,0.77,16.1,30.37,,0.0,0.0,24.0,,0.0,0.0,0.0,0.61,6.04,6.53,3.76
Aug,23,4,5620,,1,1,0.77,16.1,30.21,,0.0,0.0,24.0,,0.0,0.0,0.0,0.61,6.04,6.53,3.76
Aug,23,5,5621,,1,1,0.77,15.0,29.97,,0.0,0.0,23.91,,0.0,0.0,0.0,0.61,6.04,6.53,3.76
Aug,23,6,5622,,1,1,0.77,13.9,29.71,,0.0,0.0,23.77,,0.0,0.0,0.0,0.61,6.04,6.53,3.76
Aug,23,7,5623,,1,1,1.0,17.8,29.28,,15.71,0.0,23.74,,4.4,0.0,14.7,0.8,7.88,6.53,4.91
Aug,23,8,5624,,1,1,1.0,20.0,29.69,,0.0,20.82,24.0,,0.0,4.06,14.7,0.8,7.88,6.53,4.91
Aug,23,9,5625,,1,1,1.0,19.4,29.6,,0.0,21.62,24.0,,0.0,4.14,14.7,0.8,7.88,6.53,4.91
Aug,23,10,5626,,1,1,1.0,20.0,29.6,,0.0,28.7,24.0,,0.0,5.59,14.7,0.8,7.88,6.53,4.91
Aug,23,11,5627,,1,1,1.0,21.1,29.8,,0.0,49.27,24.0,,0.0,9.87,14.7,0.8,7.88,6.53,4.91
Aug,23,12,5628,,1,1,1.0,23.3,30.16,,0.0,79.89,24.0,,0.0,16.95,14.7,0.8,7.88,6.53,4.91
Aug,23,13,5629,,1,1,1.0,25.0,30.56,,0.0,109.05,24.0,,0.0,24.23,14.7,0.8,7.88,6.53,4.91
Aug,23,14,5630,,1,1,1.0,26.7,30.91,,0.0,131.58,24.0,,0.0,30.46,14.7,0.8,7.88,6.53,4.91
Aug,23,15,5631,,1,1,1.0,27.8,31.21,,0.0,148.59,24.0,,0.0,35.35,14.7,0.8,7.88,6.53,4.91
Aug,23,16,5632,,1,1,1.0,28.3,31.41,,0.0,156.0,24.0,,0.0,37.59,14.7,0.8,7.88,6.53,4.91
Aug,23,17,5633,,1,1,1.0,28.9,31.59,,0.0,161.3,24.0,,0.0,39.47,14.7,0.8,7.88,6.53,4.91
Aug,23,18,5634,,1,1,1.0,27.8,31.54,,0.0,149.72,24.0,,0.0,35.62,14.7,0.8,7.88,6.53,4.91
Aug,23,19,5635,,1,1,1.0,23.3,31.01,,0.0,104.21,24.0,,0.0,22.11,14.7,0.8,7.88,6.53,4.91
Aug,23,20,5636,,1,1,1.0,22.2,30.83,,0.0,89.24,24.0,,0.0,18.39,14.7,0.8,7.88,6.53,4.91
Aug,23,21,5637,,1,1,1.0,21.7,30.7,,0.0,80.0,24.0,,0.0,16.27,14.7,0.8,7.88,6.53,4.91
Aug,23,22,5638,,1,1,0.77,18.9,30.66,,0.0,0.0,24.0,,0.0,0.0,0.0,0.61,6.04,6.53,3.76
Aug,23,23,5639,,1,1,0.77,20.0,30.64,,0.0,0.0,24.0,,0.0,0.0,0.0,0.61,6.04,6.53,3.76
Aug,23,24,5640,,1,1,0.77,20.0,30.55,,0.0,0.0,24.0,,0.0,0.0,0.0,0.61,6.04,6.53,3.76
Aug,24,1,5641,,1,1,0.77,19.4,30.41,,0.0,0.0,24.0,,0.0,0.0,0.0,0.61,6.04,6.53,3.76
Aug,24,2,5642,,1,1,0.77,18.9,30.27,,0.0,0.0,24.0,,0.0,0.0,0.0,0.61,6.04,6.53,3.76
Aug,24,3,5643,,1,1,0.77,17.2,30.03,,0.0,0.0,24.0,,0.0,0.0,0.0,0.61,6.04,6.53,3.76
Aug,24,4,5644,,1,1,0.77,17.8,29.95,,0.0,0.0,24.0,,0.0,0.0,0.0,0.61,6.04,6.53,3.76
Aug,24,5,5645,,1,1,0.77,16.7,29.74,,0.0,0.0,24.0,,0.0,0.0,0.0,0.61,6.04,6.53,3.76
Aug,24,6,5646,,1,1,0.77,16.7,29.61,,0.0,0.0,24.0,,0.0,0.0,0.0,0.61,6.04,6.53,3.76
Aug,24,7,5647,,1,1,1.0,19.4,29.22,,0.0,5.84,24.0,,0.0,1.12,14.7,0.8,7.88,6.53,4.91
Aug,24,8,5648,,1,1,1.0,24.4,30.0,,0.0,71.75,24.0,,0.0,15.68,14.7,0.8,7.88,6.53,4.91
Aug,24,9,5649,,1,1,1.0,27.2,30.49,,0.0,108.37,24.0,,0.0,25.4,14.7,0.8,7.88,6.53,4.91
Aug,24,10,5650,,1,1,1.0,30.0,31.04,,0.0,146.33,24.0,,0.0,36.86,14.7,0.8,7.88,6.53,4.91
Aug,24,11,5651,,1,1,1.0,31.7,31.52,,0.0,174.25,24.0,,0.0,45.73,14.7,0.8,7.88,6.53,4.91
Aug,24,12,5652,,1,1,1.0,32.2,31.89,,0.0,191.02,24.0,,0.0,50.49,14.7,0.8,7.88,6.53,4.91
Aug,24,13,5653,,1,1,1.0,31.7,32.16,,0.0,199.18,24.0,,0.0,49.87,14.7,0.8,7.88,6.53,4.91
Aug,24,14,5654,,1,1,1.0,32.2,32.52,,0.0,213.57,24.0,,0.0,50.49,14.7,0.8,7.88,6.53,4.91
Aug,24,15,5655,,1,1,1.0,32.2,32.8,,0.0,219.96,24.0,,0.0,50.49,14.7,0.8,7.88,6.53,4.91
Aug,24,16,5656,,1,1,1.0,32.2,33.01,,0.0,221.5,24.0,,0.0,50.49,14.7,0.8,7.88,6.53,4.91
Aug,24,17,5657,,1,1,1.0,31.1,32.99,,0.0,206.55,24.0,,0.0,49.14,14.7,0.8,7.88,6.53,4.91
Aug,24,18,5658,,1,1,1.0,28.9,32.82,,0.0,182.21,24.0,,0.0,44.59,14.7,0.8,7.88,6.53,4.91
Aug,24,19,5659,,1,1,1.0,27.8,32.73,,0.0,166.36,24.0,,0.0,39.58,14.7,0.8,7.88,6.53,4.91
Aug,24,20,5660,,1,1,1.0,27.0,32.65,,0.0,153.9,24.0,,0.0,35.89,14.7,0.8,7.88,6.53,4.91
Aug,24,21,5661,,1,1,1.0,27.2,32.68,,0.0,151.11,24.0,,0.0,35.42,14.7,0.8,7.88,6.53,4.91
Aug,24,22,5662,,1,1,0.77,25.6,32.64,,0.0,0.0,24.0,,0.0,0.0,0.0,0.61,6.04,6.53,3.76
Aug,24,23,5663,,1,1,0.77,24.4,32.52,,0.0,0.0,24.0,,0.0,0.0,0.0,0.61,6.04,6.53,3.76
Aug,24,24,5664,,1,1,0.77,27.2,32.71,,0.0,0.0,24.0,,0.0,0.0,0.0,0.61,6.04,6.53,3.76
Aug,25,1,5665,,1,1,0.77,23.3,32.39,,0.0,0.0,24.0,,0.0,0.0,0.0,0.61,6.04,6.53,3.76
Aug,25,2,5666,,1,1,0.77,22.2,32.24,,0.0,0.0,24.0,,0.0,0.0,0.0,0.61,6.04,6.53,3.76
Aug,25,3,5667,,1,1,0.77,19.4,31.93,,0.0,0.0,24.0,,0.0,0.0,0.0,0.61,6.04,6.53,3.76
Aug,25,4,5668,,1,1,0.77,19.4,31.81,,0.0,0.0,24.0,,0.0,0.0,0.0,0.61,6.04,6.53,3.76
Aug,25,5,5669,,1,1,0.77,18.3,31.59,,0.0,0.0,24.0,,0.0,0.0,0.0,0.61,6.04,6.53,3.76
Aug,25,6,5670,,1,1,0.77,20.0,31.59,,0.0,0.0,24.0,,0.0,0.0,0.0,0.61,6.04,6.53,3.76
Aug,25,7,5671,,1,1,1.0,23.3,31.34,,0.0,54.46,24.0,,0.0,11.55,14.7,0.8,7.88,6.53,4.91
Aug,25,8,5672,,1,1,1.0,21.1,31.18,,0.0,48.01,24.0,,0.0,9.62,14.7,0.8,7.88,6.53,4.91
Aug,25,9,5673,,1,1,1.0,21.0,31.08,,0.0,47.61,24.0,,0.0,9.51,14.7,0.8,7.88,6.53,4.91
Aug,25,10,5674,,1,1,1.0,21.1,31.04,,0.0,50.81,24.0,,0.0,10.18,14.7,0.8,7.88,6.53,4.91
Aug,25,11,5675,,1,1,1.0,21.7,31.08,,0.0,59.34,24.0,,0.0,12.07,14.7,0.8,7.88,6.53,4.91
Aug,25,12,5676,,1,1,1.0,24.4,31.47,,0.0,92.53,24.0,,0.0,20.22,14.7,0.8,7.88,6.53,4.91
Aug,25,13,5677,,1,1,1.0,25.6,31.73,,0.0,112.37,24.0,,0.0,25.33,14.7,0.8,7.88,6.53,4.91
Aug,25,14,5678,,1,1,1.0,26.1,31.92,,0.0,125.06,24.0,,0.0,28.53,14.7,0.8,7.88,6.53,4.91
Aug,25,15,5679,,1,1,1.0,26.7,32.07,,0.0,133.36,24.0,,0.0,30.87,14.7,0.8,7.88,6.53,4.91
Aug,25,16,5680,,1,1,1.0,27.8,32.31,,0.0,147.55,24.0,,0.0,35.1,14.7,0.8,7.88,6.53,4.91
Aug,25,17,5681,,1,1,1.0,27.2,32.28,,0.0,140.64,24.0,,0.0,32.96,14.7,0.8,7.88,6.53,4.91
Aug,25,18,5682,,1,1,1.0,26.1,32.18,,0.0,129.06,24.0,,0.0,29.44,14.7,0.8,7.88,6.53,4.91
Aug,25,19,5683,,1,1,1.0,21.1,31.53,,0.0,78.53,24.0,,0.0,15.73,14.7,0.8,7.88,6.53,4.91
Aug,25,20,5684,,1,1,1.0,17.8,31.0,,0.0,42.4,24.0,,0.0,7.77,14.7,0.8,7.88,6.53,4.91
Aug,25,21,5685,,1,1,1.0,17.2,30.75,,0.0,30.67,24.0,,0.0,5.53,14.7,0.8,7.88,6.53,4.91
Aug,25,22,5686,,1,1,0.77,16.7,31.01,,0.0,0.0,24.0,,0.0,0.0,0.0,0.61,6.04,6.53,3.76
Aug,25,23,5687,,1,1,0.77,15.0,30.72,,0.0,0.0,24.0,,0.0,0.0,0.0,0.61,6.04,6.53,3.76
Aug,25,24,5688,,1,1,0.77,17.2,30.71,,0.0,0.0,24.0,,0.0,0.0,0.0,0.61,6.04,6.53,3.76
Aug,26,1,5689,,1,1,0.77,17.8,30.62,,0.0,0.0,24.0,,0.0,0.0,0.0,0.61,6.04,6.53,3.76
Aug,26,2,5690,,1,1,0.77,17.2,30.44,,0.0,0.0,24.0,,0.0,0.0,0.0,0.61,6.04,6.53,3.76
Aug,26,3,5691,,1,1,0.77,16.1,30.21,,0.0,0.0,24.0,,0.0,0.0,0.0,0.61,6.04,6.53,3.76
Aug,26,4,5692,,1,1,0.77,17.2,30.15,,0.0,0.0,24.0,,0.0,0.0,0.0,0.61,6.04,6.53,3.76
Aug,26,5,5693,,1,1,0.77,16.1,29.92,,0.0,0.0,23.99,,0.0,0.0,0.0,0.61,6.04,6.53,3.76
Aug,26,6,5694,,1,1,0.77,15.6,29.73,,0.0,0.0,23.91,,0.0,0.0,0.0,0.61,6.04,6.53,3.76
Aug,26,7,5695,,1,1,1.0,18.3,29.26,,9.97,0.0,23.84,,2.79,0.0,14.7,0.8,7.88,6.53,4.91
Aug,26,8,5696,,1,1,1.0,21.7,29.82,,0.0,38.26,24.0,,0.0,7.78,14.7,0.8,7.88,6.53,4.91
Aug,26,9,5697,,1,1,1.0,25.6,30.38,,0.0,85.08,24.0,,0.0,19.18,14.7,0.8,7.88,6.53,4.91
Aug,26,10,5698,,1,1,1.0,28.9,30.97,,0.0,128.17,24.0,,0.0,31.36,14.7,0.8,7.88,6.53,4.91
Aug,26,11,5699,,1,1,1.0,30.6,31.42,,0.0,156.66,24.0,,0.0,40.03,14.7,0.8,7.88,6.53,4.91
Aug,26,12,5700,,1,1,1.0,31.7,31.88,,0.0,182.42,24.0,,0.0,47.88,14.7,0.8,7.88,6.53,4.91
Aug,26,13,5701,,1,1,1.0,32.2,32.23,,0.0,197.6,24.0,,0.0,50.49,14.7,0.8,7.88,6.53,4.91
Aug,26,14,5702,,1,1,1.0,33.3,32.65,,0.0,216.34,24.0,,0.0,51.92,14.7,0.8,7.88,6.53,4.91
Aug,26,15,5703,,1,1,1.0,33.3,32.93,,0.0,223.25,24.0,,0.0,51.92,14.7,0.8,7.88,6.53,4.91
Aug,26,16,5704,,1,1,1.0,33.3,33.16,,0.0,225.74,24.0,,0.0,51.92,14.7,0.8,7.88,6.53,4.91
Aug,26,17,5705,,1,1,1.0,32.8,33.27,,0.0,220.04,24.0,,0.0,51.26,14.7,0.8,7.88,6.53,4.91
Aug,26,18,5706,,1,1,1.0,28.9,32.92,,0.0,180.82,24.0,,0.0,44.25,14.7,0.8,7.88,6.53,4.91
Aug,26,19,5707,,1,1,1.0,26.1,32.6,,0.0,149.1,24.0,,0.0,34.01,14.7,0.8,7.88,6.53,4.91
Aug,26,20,5708,,1,1,1.0,23.9,32.31,,0.0,122.74,24.0,,0.0,26.46,14.7,0.8,7.88,6.53,4.91
Aug,26,21,5709,,1,1,1.0,21.7,31.97,,0.0,96.02,24.0,,0.0,19.53,14.7,0.8,7.88,6.53,4.91
Aug,26,22,5710,,1,1,0.77,23.3,32.32,,0.0,0.0,24.0,,0.0,0.0,0.0,0.61,6.04,6.53,3.76
Aug,26,23,5711,,1,1,0.77,20.6,32.04,,0.0,0.0,24.0,,0.0,0.0,0.0,0.61,6.04,6.53,3.76
Aug,26,24,5712,,1,1,0.77,20.0,31.88,,0.0,0.0,24.0,,0.0,0.0,0.0,0.61,6.04,6.53,3.76
Aug,27,1,5713,,1,1,0.77,21.1,31.86,,0.0,0.0,24.0,,0.0,0.0,0.0,0.61,6.04,6.53,3.76
Aug,27,2,5714,,1,1,0.77,20.6,31.73,,0.0,0.0,24.0,,0.0,0.0,0.0,0.61,6.04,6.53,3.76
Aug,27,3,5715,,1,1,0.77,17.8,31.4,,0.0,0.0,24.0,,0.0,0.0,0.0,0.61,6.04,6.53,3.76
Aug,27,4,5716,,1,1,0.77,17.8,31.25,,0.0,0.0,24.0,,0.0,0.0,0.0,0.61,6.04,6.53,3.76
Aug,27,5,5717,,1,1,0.77,16.7,31.02,,0.0,0.0,24.0,,0.0,0.0,0.0,0.61,6.04,6.53,3.76
Aug,27,6,5718,,1,1,0.77,16.7,30.86,,0.0,0.0,24.0,,0.0,0.0,0.0,0.61,6.04,6.53,3.76
Aug,27,7,5719,,1,1,1.0,20.6,30.55,,0.0,23.3,24.0,,0.0,4.61,14.7,0.8,7.88,6.53,4.91
Aug,27,8,5720,,1,1,1.0,23.3,31.04,,0.0,67.25,24.0,,0.0,14.27,14.7,0.8,7.88,6.53,4.91
Aug,27,9,5721,,1,1,1.0,26.7,31.54,,0.0,107.93,24.0,,0.0,24.98,14.7,0.8,7.88,6.53,4.91
Aug,27,10,5722,,1,1,1.0,30.0,32.15,,0.0,151.55,24.0,,0.0,38.17,14.7,0.8,7.88,6.53,4.91
Aug,27,11,5723,,1,1,1.0,31.7,32.6,,0.0,178.61,24.0,,0.0,46.88,14.7,0.8,7.88,6.53,4.91
Aug,27,12,5724,,1,1,1.0,32.8,33.01,,0.0,199.79,24.0,,0.0,51.26,14.7,0.8,7.88,6.53,4.91
Aug,27,13,5725,,1,1,1.0,33.9,33.45,,0.0,221.41,24.0,,0.0,52.73,14.7,0.8,7.88,6.53,4.91
Aug,27,14,5726,,1,1,1.0,33.9,33.65,,0.0,223.33,24.0,,0.0,52.73,14.7,0.8,7.88,6.53,4.91
Aug,27,15,5727,,1,1,1.0,32.2,33.69,,0.0,213.26,24.0,,0.0,50.49,14.7,0.8,7.88,6.53,4.91
Aug,27,16,5728,,1,1,1.0,31.7,33.81,,0.0,210.64,24.0,,0.0,49.87,14.7,0.8,7.88,6.53,4.91
Aug,27,17,5729,,1,1,1.0,32.2,33.97,,0.0,211.2,24.0,,0.0,50.49,14.7,0.8,7.88,6.53,4.91
Aug,27,18,5730,,1,1,1.0,28.3,33.59,,0.0,173.04,24.0,,0.0,41.69,14.7,0.8,7.88,6.53,4.91
Aug,27,19,5731,,1,1,1.0,26.7,33.4,,0.0,152.46,24.0,,0.0,35.29,14.7,0.8,7.88,6.53,4.91
Aug,27,20,5732,,1,1,1.0,25.0,33.16,,0.0,131.44,24.0,,0.0,29.21,14.7,0.8,7.88,6.53,4.91
Aug,27,21,5733,,1,1,1.0,24.4,33.03,,0.0,120.57,24.0,,0.0,26.35,14.7,0.8,7.88,6.53,4.91
Aug,27,22,5734,,1,1,0.77,23.3,33.12,,0.0,0.0,24.0,,0.0,0.0,0.0,0.61,6.04,6.53,3.76
Aug,27,23,5735,,1,1,0.77,23.3,33.04,,0.0,0.0,24.0,,0.0,0.0,0.0,0.61,6.04,6.53,3.76
Aug,27,24,5736,,1,1,0.77,21.7,32.84,,0.0,0.0,24.0,,0.0,0.0,0.0,0.61,6.04,6.53,3.76
Aug,28,1,5737,,1,1,0.77,21.7,32.74,,0.0,0.0,24.0,,0.0,0.0,0.0,0.61,6.04,6.53,3.76
Aug,28,2,5738,,1,1,0.77,20.6,32.55,,0.0,0.0,24.0,,0.0,0.0,0.0,0.61,6.04,6.53,3.76
Aug,28,3,5739,,1,1,0.77,20.0,32.39,,0.0,0.0,24.0,,0.0,0.0,0.0,0.61,6.04,6.53,3.76
Aug,28,4,5740,,1,1,0.77,20.0,32.26,,0.0,0.0,24.0,,0.0,0.0,0.0,0.61,6.04,6.53,3.76
Aug,28,5,5741,,1,1,0.77,17.2,31.91,,0.0,0.0,24.0,,0.0,0.0,0.0,0.61,6.04,6.53,3.76
Aug,28,6,5742,,1,1,0.77,18.3,31.84,,0.0,0.0,24.0,,0.0,0.0,0.0,0.61,6.04,6.53,3.76
Aug,28,7,5743,,1,1,1.0,19.4,31.19,,0.0,14.24,24.0,,0.0,2.73,14.7,0.8,7.88,6.53,4.91
Aug,28,8,5744,,1,1,1.0,21.7,31.59,,0.0,54.21,24.0,,0.0,11.03,14.7,0.8,7.88,6.53,4.91
Aug,28,9,5745,,1,1,1.0,22.8,31.75,,0.0,72.57,24.0,,0.0,15.19,14.7,0.8,7.88,6.53,4.91
Aug,28,10,5746,,1,1,1.0,26.1,32.24,,0.0,112.18,24.0,,0.0,25.59,14.7,0.8,7.88,6.53,4.91
Aug,28,11,5747,,1,1,1.0,28.3,32.67,,0.0,143.76,24.0,,0.0,34.64,14.7,0.8,7.88,6.53,4.91
Aug,28,12,5748,,1,1,1.0,30.6,33.17,,0.0,176.47,24.0,,0.0,45.09,14.7,0.8,7.88,6.53,4.91
Aug,28,13,5749,,1,1,1.0,31.1,33.41,,0.0,186.38,24.0,,0.0,48.2,14.7,0.8,7.88,6.53,4.91
Aug,28,14,5750,,1,1,1.0,30.6,33.56,,0.0,188.94,24.0,,0.0,48.28,14.7,0.8,7.88,6.53,4.91
Aug,28,15,5751,,1,1,1.0,31.7,33.86,,0.0,202.71,24.0,,0.0,49.87,14.7,0.8,7.88,6.53,4.91
Aug,28,16,5752,,1,1,1.0,30.0,33.81,,0.0,189.63,24.0,,0.0,47.77,14.7,0.8,7.88,6.53,4.91
Aug,28,17,5753,,1,1,1.0,27.8,33.58,,0.0,164.57,24.0,,0.0,39.15,14.7,0.8,7.88,6.53,4.91
Aug,28,18,5754,,1,1,1.0,27.2,33.53,,0.0,155.88,24.0,,0.0,36.53,14.7,0.8,7.88,6.53,4.91
Aug,28,19,5755,,1,1,1.0,24.4,33.16,,0.0,124.4,24.0,,0.0,27.19,14.7,0.8,7.88,6.53,4.91
Aug,28,20,5756,,1,1,1.0,20.0,32.53,,0.0,77.63,24.0,,0.0,15.13,14.7,0.8,7.88,6.53,4.91
Aug,28,21,5757,,1,1,1.0,21.1,32.51,,0.0,81.08,24.0,,0.0,16.24,14.7,0.8,7.88,6.53,4.91
Aug,28,22,5758,,1,1,0.77,18.9,32.58,,0.0,0.0,24.0,,0.0,0.0,0.0,0.61,6.04,6.53,3.76
Aug,28,23,5759,,1,1,0.77,21.1,32.61,,0.0,0.0,24.0,,0.0,0.0,0.0,0.61,6.04,6.53,3.76
Aug,28,24,5760,,1,1,0.77,20.0,32.41,,0.0,0.0,24.0,,0.0,0.0,0.0,0.61,6.04,6.53,3.76
Aug,29,1,5761,,1,1,0.77,19.4,32.24,,0.0,0.0,24.0,,0.0,0.0,0.0,0.61,6.04,6.53,3.76
Aug,29,2,5762,,1,1,0.77,18.3,32.02,,0.0,0.0,24.0,,0.0,0.0,0.0,0.61,6.04,6.53,3.76
Aug,29,3,5763,,1,1,0.77,17.8,31.83,,0.0,0.0,24.0,,0.0,0.0,0.0,0.61,6.04,6.53,3.76
Aug,29,4,5764,,1,1,0.77,17.8,31.68,,0.0,0.0,24.0,,0.0,0.0,0.0,0.61,6.04,6.53,3.76
Aug,29,5,5765,,1,1,0.77,17.2,31.48,,0.0,0.0,24.0,,0.0,0.0,0.0,0.61,6.04,6.53,3.76
Aug,29,6,5766,,1,1,0.77,16.7,31.28,,0.0,0.0,24.0,,0.0,0.0,0.0,0.61,6.04,6.53,3.76
Aug,29,7,5767,,1,1,1.0,18.9,30.72,,0.0,3.04,24.0,,0.0,0.57,14.7,0.8,7.88,6.53,4.91
Aug,29,8,5768,,1,1,1.0,23.9,31.46,,0.0,68.69,24.0,,0.0,14.81,14.7,0.8,7.88,6.53,4.91
Aug,29,9,5769,,1,1,1.0,26.1,31.84,,0.0,100.84,24.0,,0.0,23.0,14.7,0.8,7.88,6.53,4.91
Aug,29,10,5770,,1,1,1.0,28.9,32.38,,0.0,140.95,24.0,,0.0,34.49,14.7,0.8,7.88,6.53,4.91
Aug,29,11,5771,,1,1,1.0,31.1,32.87,,0.0,172.69,24.0,,0.0,44.66,14.7,0.8,7.88,6.53,4.91
Aug,29,12,5772,,1,1,1.0,32.2,33.24,,0.0,192.51,24.0,,0.0,50.49,14.7,0.8,7.88,6.53,4.91
Aug,29,13,5773,,1,1,1.0,32.2,33.51,,0.0,203.14,24.0,,0.0,50.49,14.7,0.8,7.88,6.53,4.91
Aug,29,14,5774,,1,1,1.0,32.8,33.84,,0.0,216.8,24.0,,0.0,51.26,14.7,0.8,7.88,6.53,4.91
Aug,29,15,5775,,1,1,1.0,31.7,33.94,,0.0,212.2,24.0,,0.0,49.87,14.7,0.8,7.88,6.53,4.91
Aug,29,16,5776,,1,1,1.0,30.0,33.86,,0.0,195.43,24.0,,0.0,47.86,14.7,0.8,7.88,6.53,4.91
Aug,29,17,5777,,1,1,1.0,28.3,33.72,,0.0,176.84,24.0,,0.0,42.61,14.7,0.8,7.88,6.53,4.91
Aug,29,18,5778,,1,1,1.0,27.2,33.6,,0.0,161.43,24.0,,0.0,37.83,14.7,0.8,7.88,6.53,4.91
Aug,29,19,5779,,1,1,1.0,23.3,33.09,,0.0,119.0,24.0,,0.0,25.24,14.7,0.8,7.88,6.53,4.91
Aug,29,20,5780,,1,1,1.0,22.2,32.85,,0.0,102.06,24.0,,0.0,21.03,14.7,0.8,7.88,6.53,4.91
Aug,29,21,5781,,1,1,1.0,21.7,32.68,,0.0,91.09,24.0,,0.0,18.53,14.7,0.8,7.88,6.53,4.91
Aug,29,22,5782,,1,1,0.77,20.0,32.77,,0.0,0.0,24.0,,0.0,0.0,0.0,0.61,6.04,6.53,3.76
Aug,29,23,5783,,1,1,0.77,20.0,32.64,,0.0,0.0,24.0,,0.0,0.0,0.0,0.61,6.04,6.53,3.76
Aug,29,24,5784,,1,1,0.77,18.9,32.43,,0.0,0.0,24.0,,0.0,0.0,0.0,0.61,6.04,6.53,3.76
Aug,30,1,5785,,1,1,0.77,17.2,32.14,,0.0,0.0,24.0,,0.0,0.0,0.0,0.61,6.04,6.53,3.76
Aug,30,2,5786,,1,1,0.77,15.6,31.84,,0.0,0.0,24.0,,0.0,0.0,0.0,0.61,6.04,6.53,3.76
Aug,30,3,5787,,1,1,0.77,15.0,31.59,,0.0,0.0,24.0,,0.0,0.0,0.0,0.61,6.04,6.53,3.76
Aug,30,4,5788,,1,1,0.77,13.9,31.3,,0.0,0.0,23.97,,0.0,0.0,0.0,0.61,6.04,6.53,3.76
Aug,30,5,5789,,1,1,0.77,13.3,31.04,,0.0,0.0,23.84,,0.0,0.0,0.0,0.61,6.04,6.53,3.76
Aug,30,6,5790,,1,1,0.77,12.8,30.77,,0.0,0.0,23.71,,0.0,0.0,0.0,0.61,6.04,6.53,3.76
Aug,30,7,5791,,1,1,1.0,15.0,30.0,,35.65,0.0,23.41,,9.99,0.0,14.7,0.8,7.88,6.53,4.91
Aug,30,8,5792,,1,1,1.0,16.7,30.26,,10.21,0.0,23.83,,2.86,0.0,14.7,0.8,7.88,6.53,4.91
Aug,30,9,5793,,1,1,1.0,18.3,30.42,,0.0,11.03,24.0,,0.0,2.05,14.7,0.8,7.88,6.53,4.91
Aug,30,10,5794,,1,1,1.0,20.6,30.74,,0.0,44.36,24.0,,0.0,8.78,14.7,0.8,7.88,6.53,4.91
Aug,30,11,5795,,1,1,1.0,22.2,30.98,,0.0,68.03,24.0,,0.0,14.02,14.7,0.8,7.88,6.53,4.91
Aug,30,12,5796,,1,1,1.0,23.9,31.27,,0.0,93.02,24.0,,0.0,20.05,14.7,0.8,7.88,6.53,4.91
Aug,30,13,5797,,1,1,1.0,26.7,31.75,,0.0,128.51,24.0,,0.0,29.75,14.7,0.8,7.88,6.53,4.91
Aug,30,14,5798,,1,1,1.0,27.8,32.04,,0.0,146.69,24.0,,0.0,34.9,14.7,0.8,7.88,6.53,4.91
Aug,30,15,5799,,1,1,1.0,25.6,31.88,,0.0,129.2,24.0,,0.0,29.12,14.7,0.8,7.88,6.53,4.91
Aug,30,16,5800,,1,1,1.0,20.0,31.14,,0.0,71.77,24.0,,0.0,13.99,14.7,0.8,7.88,6.53,4.91
Aug,30,17,5801,,1,1,1.0,25.6,31.74,,0.0,118.77,24.0,,0.0,26.77,14.7,0.8,7.88,6.53,4.91
Aug,30,18,5802,,1,1,1.0,22.2,31.33,,0.0,86.29,24.0,,0.0,17.78,14.7,0.8,7.88,6.53,4.91
Aug,30,19,5803,,1,1,1.0,19.4,30.89,,0.0,55.22,24.0,,0.0,10.58,14.7,0.8,7.88,6.53,4.91
Aug,30,20,5804,,1,1,1.0,19.4,30.75,,0.0,50.27,24.0,,0.0,9.63,14.7,0.8,7.88,6.53,4.91
Aug,30,21,5805,,1,1,1.0,20.0,30.7,,0.0,51.64,24.0,,0.0,10.07,14.7,0.8,7.88,6.53,4.91
Aug,30,22,5806,,1,1,0.77,19.4,30.88,,0.0,0.0,24.0,,0.0,0.0,0.0,0.61,6.04,6.53,3.76
Aug,30,23,5807,,1,1,0.77,19.4,30.77,,0.0,0.0,24.0,,0.0,0.0,0.0,0.61,6.04,6.53,3.76
Aug,30,24,5808,,1,1,0.77,16.7,30.45,,0.0,0.0,24.0,,0.0,0.0,0.0,0.61,6.04,6.53,3.76
Aug,31,1,5809,,1,1,0.77,15.0,30.16,,0.0,0.0,24.0,,0.0,0.0,0.0,0.61,6.04,6.53,3.76
Aug,31,2,5810,,1,1,0.77,16.1,30.07,,0.0,0.0,24.0,,0.0,0.0,0.0,0.61,6.04,6.53,3.76
Aug,31,3,5811,,1,1,0.77,15.0,29.83,,0.0,0.0,23.96,,0.0,0.0,0.0,0.61,6.04,6.53,3.76
Aug,31,4,5812,,1,1,0.77,15.6,29.71,,0.0,0.0,23.96,,0.0,0.0,0.0,0.61,6.04,6.53,3.76
Aug,31,5,5813,,1,1,0.77,15.0,29.51,,0.0,0.0,23.86,,0.0,0.0,0.0,0.61,6.04,6.53,3.76
Aug,31,6,5814,,1,1,0.77,15.0,29.35,,0.0,0.0,23.8,,0.0,0.0,0.0,0.61,6.04,6.53,3.76
Aug,31,7,5815,,1,1,1.0,16.7,28.73,,26.98,0.0,23.55,,7.56,0.0,14.7,0.8,7.88,6.53,4.91
Aug,31,8,5816,,1,1,1.0,18.3,29.03,,1.17,0.0,23.98,,0.33,0.0,14.7,0.8,7.88,6.53,4.91
Aug,31,9,5817,,1,1,1.0,20.0,29.22,,0.0,21.79,24.0,,0.0,4.25,14.7,0.8,7.88,6.53,4.91
Aug,31,10,5818,,1,1,1.0,22.2,29.58,,0.0,54.34,24.0,,0.0,11.2,14.7,0.8,7.88,6.53,4.91
Aug,31,11,5819,,1,1,1.0,24.4,29.97,,0.0,86.05,24.0,,0.0,18.81,14.7,0.8,7.88,6.53,4.91
Aug,31,12,5820,,1,1,1.0,25.6,30.3,,0.0,109.61,24.0,,0.0,24.71,14.7,0.8,7.88,6.53,4.91
Aug,31,13,5821,,1,1,1.0,26.1,30.46,,0.0,117.26,24.0,,0.0,26.75,14.7,0.8,7.88,6.53,4.91
Aug,31,14,5822,,1,1,1.0,26.1,30.51,,0.0,116.65,24.0,,0.0,26.61,14.7,0.8,7.88,6.53,4.91
Aug,31,15,5823,,1,1,1.0,25.6,30.6,,0.0,119.63,24.0,,0.0,26.97,14.7,0.8,7.88,6.53,4.91
Aug,31,16,5824,,1,1,1.0,26.1,30.69,,0.0,121.85,24.0,,0.0,27.8,14.7,0.8,7.88,6.53,4.91
Aug,31,17,5825,,1,1,1.0,23.9,30.45,,0.0,99.58,24.0,,0.0,21.47,14.7,0.8,7.88,6.53,4.91
Aug,31,18,5826,,1,1,1.0,22.8,30.3,,0.0,86.64,24.0,,0.0,18.14,14.7,0.8,7.88,6.53,4.91
Aug,31,19,5827,,1,1,1.0,20.6,29.98,,0.0,62.67,24.0,,0.0,12.4,14.7,0.8,7.88,6.53,4.91
Aug,31,20,5828,,1,1,1.0,20.0,29.82,,0.0,53.22,24.0,,0.0,10.37,14.7,0.8,7.88,6.53,4.91
Aug,31,21,5829,,1,1,1.0,17.8,29.45,,0.0,28.92,24.0,,0.0,5.3,14.7,0.8,7.88,6.53,4.91
Aug,31,22,5830,,1,1,0.77,16.9,29.63,,0.0,0.0,24.0,,0.0,0.0,0.0,0.61,6.04,6.53,3.76
Aug,31,23,5831,,1,1,0.77,16.1,29.43,,0.0,0.0,24.0,,0.0,0.0,0.0,0.61,6.04,6.53,3.76
Aug,31,24,5832,,1,1,0.77,15.2,29.22,,0.0,0.0,24.0,,0.0,0.0,0.0,0.61,6.04,6.53,3.76
Sep,1,1,5833,,1,1,0.77,14.3,28.99,,0.0,0.0,23.96,,0.0,0.0,0.0,0.61,6.04,6.53,3.88
Sep,1,2,5834,,1,1,0.77,13.4,28.75,,0.0,0.0,23.81,,0.0,0.0,0.0,0.61,6.04,6.53,3.88
Sep,1,3,5835,,1,1,0.77,12.6,28.51,,0.0,0.0,23.66,,0.0,0.0,0.0,0.61,6.04,6.53,3.88
Sep,1,4,5836,,1,1,0.77,11.7,28.24,,0.0,0.0,23.49,,0.0,0.0,0.0,0.61,6.04,6.53,3.88
Sep,1,5,5837,,1,1,0.77,9.4,27.85,,0.0,0.0,23.19,,0.0,0.0,0.0,0.61,6.04,6.53,3.88
Sep,1,6,5838,,1,1,0.77,10.0,27.67,,0.0,0.0,23.09,,0.0,0.0,0.0,0.61,6.04,6.53,3.88
Sep,1,7,5839,,1,1,1.0,13.9,27.13,,69.1,0.0,22.86,,19.78,0.0,14.7,0.8,7.88,6.53,5.07
Sep,1,8,5840,,1,1,1.0,16.7,27.57,,36.27,0.0,23.4,,10.16,0.0,14.7,0.8,7.88,6.53,5.07
Sep,1,9,5841,,1,1,1.0,18.9,27.89,,10.58,0.0,23.83,,2.96,0.0,14.7,0.8,7.88,6.53,5.07
Sep,1,10,5842,,1,1,1.0,22.2,28.43,,0.0,33.81,24.0,,0.0,6.97,14.7,0.8,7.88,6.53,5.07
Sep,1,11,5843,,1,1,1.0,23.3,28.75,,0.0,61.17,24.0,,0.0,12.98,14.7,0.8,7.88,6.53,5.07
Sep,1,12,5844,,1,1,1.0,26.1,29.32,,0.0,102.84,24.0,,0.0,23.46,14.7,0.8,7.88,6.53,5.07
Sep,1,13,5845,,1,1,1.0,27.8,29.74,,0.0,129.56,24.0,,0.0,30.82,14.7,0.8,7.88,6.53,5.07
Sep,1,14,5846,,1,1,1.0,27.8,29.98,,0.0,140.04,24.0,,0.0,33.32,14.7,0.8,7.88,6.53,5.07
Sep,1,15,5847,,1,1,1.0,29.4,30.41,,0.0,162.94,24.0,,0.0,40.4,14.7,0.8,7.88,6.53,5.07
Sep,1,16,5848,,1,1,1.0,28.9,30.53,,0.0,161.49,24.0,,0.0,39.52,14.7,0.8,7.88,6.53,5.07
Sep,1,17,5849,,1,1,1.0,29.4,30.73,,0.0,166.08,24.0,,0.0,41.17,14.7,0.8,7.88,6.53,5.07
Sep,1,18,5850,,1,1,1.0,26.1,30.43,,0.0,133.77,24.0,,0.0,30.52,14.7,0.8,7.88,6.53,5.07
Sep,1,19,5851,,1,1,1.0,20.6,29.76,,0.0,77.92,24.0,,0.0,15.42,14.7,0.8,7.88,6.53,5.07
Sep,1,20,5852,,1,1,1.0,18.9,29.47,,0.0,56.05,24.0,,0.0,10.59,14.7,0.8,7.88,6.53,5.07
Sep,1,21,5853,,1,1,1.0,17.8,29.21,,0.0,39.74,24.0,,0.0,7.28,14.7,0.8,7.88,6.53,5.07
Sep,1,22,5854,,1,1,0.77,17.8,29.46,,0.0,0.0,24.0,,0.0,0.0,0.0,0.61,6.04,6.53,3.88
Sep,1,23,5855,,1,1,0.77,17.8,29.35,,0.0,0.0,24.0,,0.0,0.0,0.0,0.61,6.04,6.53,3.88
Sep,1,24,5856,,1,1,0.77,16.7,29.16,,0.0,0.0,24.0,,0.0,0.0,0.0,0.61,6.04,6.53,3.88
Sep,2,1,5857,,1,1,0.77,16.7,29.03,,0.0,0.0,24.0,,0.0,0.0,0.0,0.61,6.04,6.53,3.88
Sep,2,2,5858,,1,1,0.77,15.0,28.77,,0.0,0.0,24.0,,0.0,0.0,0.0,0.61,6.04,6.53,3.88
Sep,2,3,5859,,1,1,0.77,14.4,28.57,,0.0,0.0,23.95,,0.0,0.0,0.0,0.61,6.04,6.53,3.88
Sep,2,4,5860,,1,1,0.77,14.4,28.42,,0.0,0.0,23.88,,0.0,0.0,0.0,0.61,6.04,6.53,3.88
Sep,2,5,5861,,1,1,0.77,13.3,28.17,,0.0,0.0,23.72,,0.0,0.0,0.0,0.61,6.04,6.53,3.88
Sep,2,6,5862,,1,1,0.77,13.9,28.05,,0.0,0.0,23.68,,0.0,0.0,0.0,0.61,6.04,6.53,3.88
Sep,2,7,5863,,1,1,1.0,17.2,27.67,,24.36,0.0,23.6,,6.82,0.0,14.7,0.8,7.88,6.53,5.07
Sep,2,8,5864,,1,1,1.0,19.4,28.11,,0.0,9.98,24.0,,0.0,1.91,14.7,0.8,7.88,6.53,5.07
Sep,2,9,5865,,1,1,1.0,22.2,28.57,,0.0,49.93,24.0,,0.0,10.29,14.7,0.8,7.88,6.53,5.07
Sep,2,10,5866,,1,1,1.0,25.6,29.18,,0.0,95.87,24.0,,0.0,21.61,14.7,0.8,7.88,6.53,5.07
Sep,2,11,5867,,1,1,1.0,28.3,29.74,,0.0,132.99,24.0,,0.0,32.04,14.7,0.8,7.88,6.53,5.07
Sep,2,12,5868,,1,1,1.0,30.6,30.3,,0.0,166.93,24.0,,0.0,42.65,14.7,0.8,7.88,6.53,5.07
Sep,2,13,5869,,1,1,1.0,31.7,30.76,,0.0,189.27,24.0,,0.0,49.67,14.7,0.8,7.88,6.53,5.07
Sep,2,14,5870,,1,1,1.0,32.2,31.13,,0.0,202.76,24.0,,0.0,50.49,14.7,0.8,7.88,6.53,5.07
Sep,2,15,5871,,1,1,1.0,30.6,31.27,,0.0,198.38,24.0,,0.0,48.55,14.7,0.8,7.88,6.53,5.07
Sep,2,16,5872,,1,1,1.0,31.7,31.59,,0.0,208.07,24.0,,0.0,49.87,14.7,0.8,7.88,6.53,5.07
Sep,2,17,5873,,1,1,1.0,28.9,31.41,,0.0,180.15,24.0,,0.0,44.08,14.7,0.8,7.88,6.53,5.07
Sep,2,18,5874,,1,1,1.0,27.8,31.36,,0.0,165.56,24.0,,0.0,39.39,14.7,0.8,7.88,6.53,5.07
Sep,2,19,5875,,1,1,1.0,23.9,30.91,,0.0,123.57,24.0,,0.0,26.64,14.7,0.8,7.88,6.53,5.07
Sep,2,20,5876,,1,1,1.0,20.6,30.47,,0.0,86.39,24.0,,0.0,17.09,14.7,0.8,7.88,6.53,5.07
Sep,2,21,5877,,1,1,1.0,18.3,30.08,,0.0,57.73,24.0,,0.0,10.73,14.7,0.8,7.88,6.53,5.07
Sep,2,22,5878,,1,1,0.77,18.9,30.38,,0.0,0.0,24.0,,0.0,0.0,0.0,0.61,6.04,6.53,3.88
Sep,2,23,5879,,1,1,0.77,18.9,30.28,,0.0,0.0,24.0,,0.0,0.0,0.0,0.61,6.04,6.53,3.88
Sep,2,24,5880,,1,1,0.77,17.2,30.03,,0.0,0.0,24.0,,0.0,0.0,0.0,0.61,6.04,6.53,3.88
Sep,3,1,5881,,1,1,0.77,16.7,29.86,,0.0,0.0,24.0,,0.0,0.0,0.0,0.61,6.04,6.53,3.88
Sep,3,2,5882,,1,1,0.77,20.0,30.0,,0.0,0.0,24.0,,0.0,0.0,0.0,0.61,6.04,6.53,3.88
Sep,3,3,5883,,1,1,0.77,15.0,29.51,,0.0,0.0,24.0,,0.0,0.0,0.0,0.61,6.04,6.53,3.88
Sep,3,4,5884,,1,1,0.77,15.0,29.34,,0.0,0.0,24.0,,0.0,0.0,0.0,0.61,6.04,6.53,3.88
Sep,3,5,5885,,1,1,0.77,16.1,29.28,,0.0,0.0,24.0,,0.0,0.0,0.0,0.61,6.04,6.53,3.88
Sep,3,6,5886,,1,1,0.77,15.0,29.05,,0.0,0.0,23.94,,0.0,0.0,0.0,0.61,6.04,6.53,3.88
Sep,3,7,5887,,1,1,1.0,18.9,28.75,,1.01,0.0,23.98,,0.28,0.0,14.7,0.8,7.88,6.53,5.07
Sep,3,8,5888,,1,1,1.0,22.8,29.4,,0.0,54.67,24.0,,0.0,11.44,14.7,0.8,7.88,6.53,5.07
Sep,3,9,5889,,1,1,1.0,25.6,29.88,,0.0,92.35,24.0,,0.0,20.82,14.7,0.8,7.88,6.53,5.07
Sep,3,10,5890,,1,1,1.0,28.3,30.46,,0.0,132.89,24.0,,0.0,32.02,14.7,0.8,7.88,6.53,5.07
Sep,3,11,5891,,1,1,1.0,30.6,30.99,,0.0,165.34,24.0,,0.0,42.25,14.7,0.8,7.88,6.53,5.07
Sep,3,12,5892,,1,1,1.0,32.8,31.59,,0.0,199.84,24.0,,0.0,51.26,14.7,0.8,7.88,6.53,5.07
Sep,3,13,5893,,1,1,1.0,32.8,31.91,,0.0,209.63,24.0,,0.0,51.26,14.7,0.8,7.88,6.53,5.07
Sep,3,14,5894,,1,1,1.0,33.9,32.38,,0.0,229.95,24.0,,0.0,52.73,14.7,0.8,7.88,6.53,5.07
Sep,3,15,5895,,1,1,1.0,32.8,32.53,,0.0,225.09,24.0,,0.0,51.26,14.7,0.8,7.88,6.53,5.07
Sep,3,16,5896,,1,1,1.0,30.6,32.47,,0.0,205.53,24.0,,0.0,48.55,14.7,0.8,7.88,6.53,5.07
Sep,3,17,5897,,1,1,1.0,30.0,32.52,,0.0,196.36,24.0,,0.0,47.86,14.7,0.8,7.88,6.53,5.07
Sep,3,18,5898,,1,1,1.0,27.2,32.25,,0.0,165.43,24.0,,0.0,38.77,14.7,0.8,7.88,6.53,5.07
Sep,3,19,5899,,1,1,1.0,23.9,31.84,,0.0,128.08,24.0,,0.0,27.61,14.7,0.8,7.88,6.53,5.07
Sep,3,20,5900,,1,1,1.0,18.3,31.08,,0.0,68.64,24.0,,0.0,12.75,14.7,0.8,7.88,6.53,5.07
Sep,3,21,5901,,1,1,1.0,18.3,30.91,,0.0,59.9,24.0,,0.0,11.13,14.7,0.8,7.88,6.53,5.07
Sep,3,22,5902,,1,1,0.77,16.1,31.01,,0.0,0.0,24.0,,0.0,0.0,0.0,0.61,6.04,6.53,3.88
Sep,3,23,5903,,1,1,0.77,17.8,30.98,,0.0,0.0,24.0,,0.0,0.0,0.0,0.61,6.04,6.53,3.88
Sep,3,24,5904,,1,1,0.77,16.1,30.71,,0.0,0.0,24.0,,0.0,0.0,0.0,0.61,6.04,6.53,3.88
Sep,4,1,5905,,1,1,0.77,21.7,31.0,,0.0,0.0,24.0,,0.0,0.0,0.0,0.61,6.04,6.53,3.88
Sep,4,2,5906,,1,1,0.77,20.0,30.8,,0.0,0.0,24.0,,0.0,0.0,0.0,0.61,6.04,6.53,3.88
Sep,4,3,5907,,1,1,0.77,17.8,30.52,,0.0,0.0,24.0,,0.0,0.0,0.0,0.61,6.04,6.53,3.88
Sep,4,4,5908,,1,1,0.77,17.8,30.39,,0.0,0.0,24.0,,0.0,0.0,0.0,0.61,6.04,6.53,3.88
Sep,4,5,5909,,1,1,0.77,17.8,30.27,,0.0,0.0,24.0,,0.0,0.0,0.0,0.61,6.04,6.53,3.88
Sep,4,6,5910,,1,1,0.77,16.7,30.05,,0.0,0.0,24.0,,0.0,0.0,0.0,0.61,6.04,6.53,3.88
Sep,4,7,5911,,1,1,1.0,20.0,29.73,,0.0,14.12,24.0,,0.0,2.75,14.7,0.8,7.88,6.53,5.07
Sep,4,8,5912,,1,1,1.0,22.8,30.25,,0.0,60.75,24.0,,0.0,12.72,14.7,0.8,7.88,6.53,5.07
Sep,4,9,5913,,1,1,1.0,26.1,30.77,,0.0,102.15,24.0,,0.0,23.3,14.7,0.8,7.88,6.53,5.07
Sep,4,10,5914,,1,1,1.0,27.8,31.17,,0.0,130.01,24.0,,0.0,30.93,14.7,0.8,7.88,6.53,5.07
Sep,4,11,5915,,1,1,1.0,29.4,31.61,,0.0,157.45,24.0,,0.0,39.03,14.7,0.8,7.88,6.53,5.07
Sep,4,12,5916,,1,1,1.0,30.0,31.93,,0.0,173.06,24.0,,0.0,43.59,14.7,0.8,7.88,6.53,5.07
Sep,4,13,5917,,1,1,1.0,30.6,32.26,,0.0,188.05,24.0,,0.0,48.05,14.7,0.8,7.88,6.53,5.07
Sep,4,14,5918,,1,1,1.0,30.0,32.46,,0.0,192.42,24.0,,0.0,47.86,14.7,0.8,7.88,6.53,5.07
Sep,4,15,5919,,1,1,1.0,31.1,32.84,,0.0,209.31,24.0,,0.0,49.14,14.7,0.8,7.88,6.53,5.07
Sep,4,16,5920,,1,1,1.0,31.1,33.01,,0.0,209.76,24.0,,0.0,49.14,14.7,0.8,7.88,6.53,5.07
Sep,4,17,5921,,1,1,1.0,30.6,33.08,,0.0,202.23,24.0,,0.0,48.55,14.7,0.8,7.88,6.53,5.07
Sep,4,18,5922,,1,1,1.0,27.8,32.81,,0.0,171.43,24.0,,0.0,40.79,14.7,0.8,7.88,6.53,5.07
Sep,4,19,5923,,1,1,1.0,25.0,32.47,,0.0,139.05,24.0,,0.0,30.9,14.7,0.8,7.88,6.53,5.07
Sep,4,20,5924,,1,1,1.0,23.9,32.29,,0.0,122.44,24.0,,0.0,26.4,14.7,0.8,7.88,6.53,5.07
Sep,4,21,5925,,1,1,1.0,23.9,32.24,,0.0,116.47,24.0,,0.0,25.11,14.7,0.8,7.88,6.53,5.07
Sep,4,22,5926,,1,1,0.77,23.9,32.4,,0.0,0.0,24.0,,0.0,0.0,0.0,0.61,6.04,6.53,3.88
Sep,4,23,5927,,1,1,0.77,23.9,32.35,,0.0,0.0,24.0,,0.0,0.0,0.0,0.61,6.04,6.53,3.88
Sep,4,24,5928,,1,1,0.77,21.7,32.12,,0.0,0.0,24.0,,0.0,0.0,0.0,0.61,6.04,6.53,3.88
Sep,5,1,5929,,1,1,0.77,19.4,31.85,,0.0,0.0,24.0,,0.0,0.0,0.0,0.61,6.04,6.53,3.88
Sep,5,2,5930,,1,1,0.77,20.0,31.77,,0.0,0.0,24.0,,0.0,0.0,0.0,0.61,6.04,6.53,3.88
Sep,5,3,5931,,1,1,0.77,17.8,31.48,,0.0,0.0,24.0,,0.0,0.0,0.0,0.61,6.04,6.53,3.88
Sep,5,4,5932,,1,1,0.77,17.2,31.28,,0.0,0.0,24.0,,0.0,0.0,0.0,0.61,6.04,6.53,3.88
Sep,5,5,5933,,1,1,0.77,16.1,31.04,,0.0,0.0,24.0,,0.0,0.0,0.0,0.61,6.04,6.53,3.88
Sep,5,6,5934,,1,1,0.77,16.1,30.87,,0.0,0.0,24.0,,0.0,0.0,0.0,0.61,6.04,6.53,3.88
Sep,5,7,5935,,1,1,1.0,17.8,30.24,,2.44,0.0,23.96,,0.68,0.0,14.7,0.8,7.88,6.53,5.07
Sep,5,8,5936,,1,1,1.0,22.8,30.92,,0.0,58.27,24.0,,0.0,12.2,14.7,0.8,7.88,6.53,5.07
Sep,5,9,5937,,1,1,1.0,26.7,31.53,,0.0,107.29,24.0,,0.0,24.84,14.7,0.8,7.88,6.53,5.07
Sep,5,10,5938,,1,1,1.0,28.3,31.92,,0.0,135.11,24.0,,0.0,32.56,14.7,0.8,7.88,6.53,5.07
Sep,5,11,5939,,1,1,1.0,30.0,32.36,,0.0,163.07,24.0,,0.0,41.08,14.7,0.8,7.88,6.53,5.07
Sep,5,12,5940,,1,1,1.0,30.6,32.69,,0.0,180.3,24.0,,0.0,46.07,14.7,0.8,7.88,6.53,5.07
Sep,5,13,5941,,1,1,1.0,30.0,32.89,,0.0,186.65,24.0,,0.0,47.02,14.7,0.8,7.88,6.53,5.07
Sep,5,14,5942,,1,1,1.0,30.6,33.11,,0.0,192.85,24.0,,0.0,48.55,14.7,0.8,7.88,6.53,5.07
Sep,5,15,5943,,1,1,1.0,31.1,33.4,,0.0,204.7,24.0,,0.0,49.14,14.7,0.8,7.88,6.53,5.07
Sep,5,16,5944,,1,1,1.0,31.7,33.55,,0.0,205.19,24.0,,0.0,49.87,14.7,0.8,7.88,6.53,5.07
Sep,5,17,5945,,1,1,1.0,29.4,33.42,,0.0,184.83,24.0,,0.0,45.82,14.7,0.8,7.88,6.53,5.07
Sep,5,18,5946,,1,1,1.0,27.2,33.19,,0.0,159.72,24.0,,0.0,37.43,14.7,0.8,7.88,6.53,5.07
Sep,5,19,5947,,1,1,1.0,25.0,32.9,,0.0,133.49,24.0,,0.0,29.66,14.7,0.8,7.88,6.53,5.07
Sep,5,20,5948,,1,1,1.0,21.1,32.36,,0.0,91.29,24.0,,0.0,18.29,14.7,0.8,7.88,6.53,5.07
Sep,5,21,5949,,1,1,1.0,18.9,31.95,,0.0,63.8,24.0,,0.0,12.05,14.7,0.8,7.88,6.53,5.07
Sep,5,22,5950,,1,1,0.77,20.6,32.38,,0.0,0.0,24.0,,0.0,0.0,0.0,0.61,6.04,6.53,3.88
Sep,5,23,5951,,1,1,0.77,18.3,32.08,,0.0,0.0,24.0,,0.0,0.0,0.0,0.61,6.04,6.53,3.88
Sep,5,24,5952,,1,1,0.77,20.6,32.12,,0.0,0.0,24.0,,0.0,0.0,0.0,0.61,6.04,6.53,3.88
Sep,6,1,5953,,1,1,0.77,17.2,31.73,,0.0,0.0,24.0,,0.0,0.0,0.0,0.61,6.04,6.53,3.88
Sep,6,2,5954,,1,1,0.77,16.1,31.48,,0.0,0.0,24.0,,0.0,0.0,0.0,0.61,6.04,6.53,3.88
Sep,6,3,5955,,1,1,0.77,17.2,31.39,,0.0,0.0,24.0,,0.0,0.0,0.0,0.61,6.04,6.53,3.88
Sep,6,4,5956,,1,1,0.77,16.1,31.14,,0.0,0.0,24.0,,0.0,0.0,0.0,0.61,6.04,6.53,3.88
Sep,6,5,5957,,1,1,0.77,17.2,31.06,,0.0,0.0,24.0,,0.0,0.0,0.0,0.61,6.04,6.53,3.88
Sep,6,6,5958,,1,1,0.77,15.6,30.78,,0.0,0.0,24.0,,0.0,0.0,0.0,0.61,6.04,6.53,3.88
Sep,6,7,5959,,1,1,1.0,15.6,29.91,,24.45,0.0,23.6,,6.85,0.0,14.7,0.8,7.88,6.53,5.07
Sep,6,8,5960,,1,1,1.0,17.8,30.2,,0.0,3.34,24.0,,0.0,0.61,14.7,0.8,7.88,6.53,5.07
Sep,6,9,5961,,1,1,1.0,18.9,30.3,,0.0,20.81,24.0,,0.0,3.93,14.7,0.8,7.88,6.53,5.07
Sep,6,10,5962,,1,1,1.0,21.7,30.62,,0.0,52.91,24.0,,0.0,10.76,14.7,0.8,7.88,6.53,5.07
Sep,6,11,5963,,1,1,1.0,22.2,30.71,,0.0,64.65,24.0,,0.0,13.32,14.7,0.8,7.88,6.53,5.07
Sep,6,12,5964,,1,1,1.0,21.7,30.59,,0.0,59.14,24.0,,0.0,12.03,14.7,0.8,7.88,6.53,5.07
Sep,6,13,5965,,1,1,1.0,22.2,30.82,,0.0,79.3,24.0,,0.0,16.34,14.7,0.8,7.88,6.53,5.07
Sep,6,14,5966,,1,1,1.0,24.4,31.18,,0.0,107.43,24.0,,0.0,23.48,14.7,0.8,7.88,6.53,5.07
Sep,6,15,5967,,1,1,1.0,25.0,31.27,,0.0,112.32,24.0,,0.0,24.96,14.7,0.8,7.88,6.53,5.07
Sep,6,16,5968,,1,1,1.0,25.0,31.34,,0.0,115.54,24.0,,0.0,25.68,14.7,0.8,7.88,6.53,5.07
Sep,6,17,5969,,1,1,1.0,24.4,31.3,,0.0,109.75,24.0,,0.0,23.99,14.7,0.8,7.88,6.53,5.07
Sep,6,18,5970,,1,1,1.0,22.8,31.06,,0.0,90.19,24.0,,0.0,18.88,14.7,0.8,7.88,6.53,5.07
Sep,6,19,5971,,1,1,1.0,21.1,30.78,,0.0,70.55,24.0,,0.0,14.13,14.7,0.8,7.88,6.53,5.07
Sep,6,20,5972,,1,1,1.0,18.9,30.41,,0.0,45.87,24.0,,0.0,8.67,14.7,0.8,7.88,6.53,5.07
Sep,6,21,5973,,1,1,1.0,18.3,30.2,,0.0,35.65,24.0,,0.0,6.62,14.7,0.8,7.88,6.53,5.07
Sep,6,22,5974,,1,1,0.77,16.7,30.33,,0.0,0.0,24.0,,0.0,0.0,0.0,0.61,6.04,6.53,3.88
Sep,6,23,5975,,1,1,0.77,13.9,29.95,,0.0,0.0,24.0,,0.0,0.0,0.0,0.61,6.04,6.53,3.88
Sep,6,24,5976,,1,1,0.77,13.9,29.76,,0.0,0.0,24.0,,0.0,0.0,0.0,0.61,6.04,6.53,3.88
Sep,7,1,5977,,1,1,0.77,15.0,29.66,,0.0,0.0,24.0,,0.0,0.0,0.0,0.61,6.04,6.53,3.88
Sep,7,2,5978,,1,1,0.77,14.4,29.45,,0.0,0.0,23.9,,0.0,0.0,0.0,0.61,6.04,6.53,3.88
Sep,7,3,5979,,1,1,0.77,15.0,29.33,,0.0,0.0,23.88,,0.0,0.0,0.0,0.61,6.04,6.53,3.88
Sep,7,4,5980,,1,1,0.77,12.8,28.99,,0.0,0.0,23.64,,0.0,0.0,0.0,0.61,6.04,6.53,3.88
Sep,7,5,5981,,1,1,0.77,14.4,28.93,,0.0,0.0,23.68,,0.0,0.0,0.0,0.61,6.04,6.53,3.88
Sep,7,6,5982,,1,1,0.77,13.9,28.72,,0.0,0.0,23.57,,0.0,0.0,0.0,0.61,6.04,6.53,3.88
Sep,7,7,5983,,1,1,1.0,16.1,28.16,,38.79,0.0,23.36,,10.87,0.0,14.7,0.8,7.88,6.53,5.07
Sep,7,8,5984,,1,1,1.0,19.4,28.69,,0.0,0.14,24.0,,0.0,0.03,14.7,0.8,7.88,6.53,5.07
Sep,7,9,5985,,1,1,1.0,22.2,29.09,,0.0,38.34,24.0,,0.0,7.9,14.7,0.8,7.88,6.53,5.07
Sep,7,10,5986,,1,1,1.0,24.4,29.52,,0.0,73.5,24.0,,0.0,16.06,14.7,0.8,7.88,6.53,5.07
Sep,7,11,5987,,1,1,1.0,26.7,30.0,,0.0,108.88,24.0,,0.0,25.2,14.7,0.8,7.88,6.53,5.07
Sep,7,12,5988,,1,1,1.0,28.9,30.5,,0.0,141.84,24.0,,0.0,34.71,14.7,0.8,7.88,6.53,5.07
Sep,7,13,5989,,1,1,1.0,30.6,30.98,,0.0,169.62,24.0,,0.0,43.34,14.7,0.8,7.88,6.53,5.07
Sep,7,14,5990,,1,1,1.0,31.1,31.32,,0.0,184.18,24.0,,0.0,47.63,14.7,0.8,7.88,6.53,5.07
Sep,7,15,5991,,1,1,1.0,31.7,31.67,,0.0,198.05,24.0,,0.0,49.87,14.7,0.8,7.88,6.53,5.07
Sep,7,16,5992,,1,1,1.0,31.7,31.9,,0.0,201.88,24.0,,0.0,49.87,14.7,0.8,7.88,6.53,5.07
Sep,7,17,5993,,1,1,1.0,30.6,31.93,,0.0,190.98,24.0,,0.0,48.55,14.7,0.8,7.88,6.53,5.07
Sep,7,18,5994,,1,1,1.0,27.8,31.69,,0.0,161.46,24.0,,0.0,38.41,14.7,0.8,7.88,6.53,5.07
Sep,7,19,5995,,1,1,1.0,23.3,31.16,,0.0,114.48,24.0,,0.0,24.28,14.7,0.8,7.88,6.53,5.07
Sep,7,20,5996,,1,1,1.0,23.3,31.11,,0.0,108.5,24.0,,0.0,23.02,14.7,0.8,7.88,6.53,5.07
Sep,7,21,5997,,1,1,1.0,22.8,31.01,,0.0,98.63,24.0,,0.0,20.65,14.7,0.8,7.88,6.53,5.07
Sep,7,22,5998,,1,1,0.77,20.0,30.94,,0.0,0.0,24.0,,0.0,0.0,0.0,0.61,6.04,6.53,3.88
Sep,7,23,5999,,1,1,0.77,20.0,30.84,,0.0,0.0,24.0,,0.0,0.0,0.0,0.61,6.04,6.53,3.88
Sep,7,24,6000,,1,1,0.77,19.4,30.7,,0.0,0.0,24.0,,0.0,0.0,0.0,0.61,6.04,6.53,3.88
Sep,8,1,6001,,1,1,0.77,18.3,30.51,,0.0,0.0,24.0,,0.0,0.0,0.0,0.61,6.04,6.53,3.88
Sep,8,2,6002,,1,1,0.77,17.2,30.3,,0.0,0.0,24.0,,0.0,0.0,0.0,0.61,6.04,6.53,3.88
Sep,8,3,6003,,1,1,0.77,17.2,30.16,,0.0,0.0,24.0,,0.0,0.0,0.0,0.61,6.04,6.53,3.88
Sep,8,4,6004,,1,1,0.77,13.9,29.75,,0.0,0.0,23.99,,0.0,0.0,0.0,0.61,6.04,6.53,3.88
Sep,8,5,6005,,1,1,0.77,16.7,29.8,,0.0,0.0,24.0,,0.0,0.0,0.0,0.61,6.04,6.53,3.88
Sep,8,6,6006,,1,1,0.77,15.0,29.52,,0.0,0.0,23.96,,0.0,0.0,0.0,0.61,6.04,6.53,3.88
Sep,8,7,6007,,1,1,1.0,19.4,29.26,,0.0,5.3,24.0,,0.0,1.02,14.7,0.8,7.88,6.53,5.07
Sep,8,8,6008,,1,1,1.0,23.3,29.93,,0.0,63.25,24.0,,0.0,13.42,14.7,0.8,7.88,6.53,5.07
Sep,8,9,6009,,1,1,1.0,24.4,30.19,,0.0,83.93,24.0,,0.0,18.34,14.7,0.8,7.88,6.53,5.07
Sep,8,10,6010,,1,1,1.0,26.7,30.68,,0.0,120.31,24.0,,0.0,27.85,14.7,0.8,7.88,6.53,5.07
Sep,8,11,6011,,1,1,1.0,28.3,31.03,,0.0,141.12,24.0,,0.0,34.0,14.7,0.8,7.88,6.53,5.07
Sep,8,12,6012,,1,1,1.0,31.1,31.66,,0.0,180.88,24.0,,0.0,46.78,14.7,0.8,7.88,6.53,5.07
Sep,8,13,6013,,1,1,1.0,31.7,32.03,,0.0,197.21,24.0,,0.0,49.87,14.7,0.8,7.88,6.53,5.07
Sep,8,14,6014,,1,1,1.0,31.7,32.27,,0.0,202.69,24.0,,0.0,49.87,14.7,0.8,7.88,6.53,5.07
Sep,8,15,6015,,1,1,1.0,32.8,32.69,,0.0,221.44,24.0,,0.0,51.26,14.7,0.8,7.88,6.53,5.07
Sep,8,16,6016,,1,1,1.0,32.0,32.71,,0.0,208.34,24.0,,0.0,50.24,14.7,0.8,7.88,6.53,5.07
Sep,8,17,6017,,1,1,1.0,29.4,32.53,,0.0,182.38,24.0,,0.0,45.22,14.7,0.8,7.88,6.53,5.07
Sep,8,18,6018,,1,1,1.0,27.8,32.39,,0.0,162.72,24.0,,0.0,38.71,14.7,0.8,7.88,6.53,5.07
Sep,8,19,6019,,1,1,1.0,24.4,31.99,,0.0,126.24,24.0,,0.0,27.59,14.7,0.8,7.88,6.53,5.07
Sep,8,20,6020,,1,1,1.0,23.9,31.89,,0.0,115.94,24.0,,0.0,24.99,14.7,0.8,7.88,6.53,5.07
Sep,8,21,6021,,1,1,1.0,24.4,31.9,,0.0,115.55,24.0,,0.0,25.25,14.7,0.8,7.88,6.53,5.07
Sep,8,22,6022,,1,1,0.77,24.4,32.05,,0.0,0.0,24.0,,0.0,0.0,0.0,0.61,6.04,6.53,3.88
Sep,8,23,6023,,1,1,0.77,23.3,31.92,,0.0,0.0,24.0,,0.0,0.0,0.0,0.61,6.04,6.53,3.88
Sep,8,24,6024,,1,1,0.77,22.8,31.83,,0.0,0.0,24.0,,0.0,0.0,0.0,0.61,6.04,6.53,3.88
Sep,9,1,6025,,1,1,0.77,22.8,31.77,,0.0,0.0,24.0,,0.0,0.0,0.0,0.61,6.04,6.53,3.88
Sep,9,2,6026,,1,1,0.77,22.2,31.66,,0.0,0.0,24.0,,0.0,0.0,0.0,0.61,6.04,6.53,3.88
Sep,9,3,6027,,1,1,0.77,20.6,31.46,,0.0,0.0,24.0,,0.0,0.0,0.0,0.61,6.04,6.53,3.88
Sep,9,4,6028,,1,1,0.77,16.1,30.99,,0.0,0.0,24.0,,0.0,0.0,0.0,0.61,6.04,6.53,3.88
Sep,9,5,6029,,1,1,0.77,19.4,31.1,,0.0,0.0,24.0,,0.0,0.0,0.0,0.61,6.04,6.53,3.88
Sep,9,6,6030,,1,1,0.77,17.8,30.85,,0.0,0.0,24.0,,0.0,0.0,0.0,0.61,6.04,6.53,3.88
Sep,9,7,6031,,1,1,1.0,21.7,30.63,,0.0,37.4,24.0,,0.0,7.61,14.7,0.8,7.88,6.53,5.07
Sep,9,8,6032,,1,1,1.0,25.0,31.24,,0.0,89.01,24.0,,0.0,19.78,14.7,0.8,7.88,6.53,5.07
Sep,9,9,6033,,1,1,1.0,27.2,31.65,,0.0,119.91,24.0,,0.0,28.1,14.7,0.8,7.88,6.53,5.07
Sep,9,10,6034,,1,1,1.0,27.2,31.85,,0.0,132.27,24.0,,0.0,31.0,14.7,0.8,7.88,6.53,5.07
Sep,9,11,6035,,1,1,1.0,28.3,32.12,,0.0,148.24,24.0,,0.0,35.72,14.7,0.8,7.88,6.53,5.07
Sep,9,12,6036,,1,1,1.0,30.6,32.66,,0.0,182.03,24.0,,0.0,46.51,14.7,0.8,7.88,6.53,5.07
Sep,9,13,6037,,1,1,1.0,31.7,33.06,,0.0,202.85,24.0,,0.0,49.87,14.7,0.8,7.88,6.53,5.07
Sep,9,14,6038,,1,1,1.0,30.6,33.18,,0.0,200.53,24.0,,0.0,48.55,14.7,0.8,7.88,6.53,5.07
Sep,9,15,6039,,1,1,1.0,30.0,33.22,,0.0,192.27,24.0,,0.0,47.86,14.7,0.8,7.88,6.53,5.07
Sep,9,16,6040,,1,1,1.0,24.4,32.59,,0.0,137.08,24.0,,0.0,29.96,14.7,0.8,7.88,6.53,5.07
Sep,9,17,6041,,1,1,1.0,25.0,32.62,,0.0,135.55,24.0,,0.0,30.12,14.7,0.8,7.88,6.53,5.07
Sep,9,18,6042,,1,1,1.0,23.9,32.43,,0.0,119.2,24.0,,0.0,25.7,14.7,0.8,7.88,6.53,5.07
Sep,9,19,6043,,1,1,1.0,21.7,32.09,,0.0,92.95,24.0,,0.0,18.91,14.7,0.8,7.88,6.53,5.07
Sep,9,20,6044,,1,1,1.0,20.0,31.76,,0.0,71.02,24.0,,0.0,13.84,14.7,0.8,7.88,6.53,5.07
Sep,9,21,6045,,1,1,1.0,20.6,31.7,,0.0,70.66,24.0,,0.0,13.98,14.7,0.8,7.88,6.53,5.07
Sep,9,22,6046,,1,1,0.77,21.1,31.98,,0.0,0.0,24.0,,0.0,0.0,0.0,0.61,6.04,6.53,3.88
Sep,9,23,6047,,1,1,0.77,21.7,31.94,,0.0,0.0,24.0,,0.0,0.0,0.0,0.61,6.04,6.53,3.88
Sep,9,24,6048,,1,1,0.77,21.7,31.86,,0.0,0.0,24.0,,0.0,0.0,0.0,0.61,6.04,6.53,3.88
Sep,10,1,6049,,1,1,0.77,21.1,31.73,,0.0,0.0,24.0,,0.0,0.0,0.0,0.61,6.04,6.53,3.88
Sep,10,2,6050,,1,1,0.77,21.7,31.69,,0.0,0.0,24.0,,0.0,0.0,0.0,0.61,6.04,6.53,3.88
Sep,10,3,6051,,1,1,0.77,21.1,31.56,,0.0,0.0,24.0,,0.0,0.0,0.0,0.61,6.04,6.53,3.88
Sep,10,4,6052,,1,1,0.77,21.1,31.47,,0.0,0.0,24.0,,0.0,0.0,0.0,0.61,6.04,6.53,3.88
Sep,10,5,6053,,1,1,0.77,21.1,31.39,,0.0,0.0,24.0,,0.0,0.0,0.0,0.61,6.04,6.53,3.88
Sep,10,6,6054,,1,1,0.77,20.0,31.21,,0.0,0.0,24.0,,0.0,0.0,0.0,0.61,6.04,6.53,3.88
Sep,10,7,6055,,1,1,1.0,23.3,30.99,,0.0,48.76,24.0,,0.0,10.34,14.7,0.8,7.88,6.53,5.07
Sep,10,8,6056,,1,1,1.0,23.3,31.14,,0.0,65.73,24.0,,0.0,13.94,14.7,0.8,7.88,6.53,5.07
Sep,10,9,6057,,1,1,1.0,22.8,31.12,,0.0,68.35,24.0,,0.0,14.31,14.7,0.8,7.88,6.53,5.07
Sep,10,10,6058,,1,1,1.0,24.4,31.45,,0.0,95.94,24.0,,0.0,20.97,14.7,0.8,7.88,6.53,5.07
Sep,10,11,6059,,1,1,1.0,28.9,32.16,,0.0,148.61,24.0,,0.0,36.37,14.7,0.8,7.88,6.53,5.07
Sep,10,12,6060,,1,1,1.0,28.3,32.33,,0.0,155.52,24.0,,0.0,37.47,14.7,0.8,7.88,6.53,5.07
Sep,10,13,6061,,1,1,1.0,30.0,32.75,,0.0,180.37,24.0,,0.0,45.43,14.7,0.8,7.88,6.53,5.07
Sep,10,14,6062,,1,1,1.0,31.7,33.2,,0.0,204.41,24.0,,0.0,49.87,14.7,0.8,7.88,6.53,5.07
Sep,10,15,6063,,1,1,1.0,31.1,33.34,,0.0,204.06,24.0,,0.0,49.14,14.7,0.8,7.88,6.53,5.07
Sep,10,16,6064,,1,1,1.0,31.7,33.6,,0.0,211.61,24.0,,0.0,49.87,14.7,0.8,7.88,6.53,5.07
Sep,10,17,6065,,1,1,1.0,30.6,33.58,,0.0,198.96,24.0,,0.0,48.55,14.7,0.8,7.88,6.53,5.07
Sep,10,18,6066,,1,1,1.0,27.8,33.29,,0.0,168.32,24.0,,0.0,40.05,14.7,0.8,7.88,6.53,5.07
Sep,10,19,6067,,1,1,1.0,24.4,32.87,,0.0,130.81,24.0,,0.0,28.59,14.7,0.8,7.88,6.53,5.07
Sep,10,20,6068,,1,1,1.0,20.0,32.24,,0.0,83.19,24.0,,0.0,16.22,14.7,0.8,7.88,6.53,5.07
Sep,10,21,6069,,1,1,1.0,19.4,32.01,,0.0,69.88,24.0,,0.0,13.39,14.7,0.8,7.88,6.53,5.07
Sep,10,22,6070,,1,1,0.77,21.7,32.49,,0.0,0.0,24.0,,0.0,0.0,0.0,0.61,6.04,6.53,3.88
Sep,10,23,6071,,1,1,0.77,21.7,32.39,,0.0,0.0,24.0,,0.0,0.0,0.0,0.61,6.04,6.53,3.88
Sep,10,24,6072,,1,1,0.77,20.0,32.16,,0.0,0.0,24.0,,0.0,0.0,0.0,0.61,6.04,6.53,3.88
Sep,11,1,6073,,1,1,0.77,20.0,32.04,,0.0,0.0,24.0,,0.0,0.0,0.0,0.61,6.04,6.53,3.88
Sep,11,2,6074,,1,1,0.77,20.0,31.93,,0.0,0.0,24.0,,0.0,0.0,0.0,0.61,6.04,6.53,3.88
Sep,11,3,6075,,1,1,0.77,17.2,31.58,,0.0,0.0,24.0,,0.0,0.0,0.0,0.61,6.04,6.53,3.88
Sep,11,4,6076,,1,1,0.77,16.7,31.38,,0.0,0.0,24.0,,0.0,0.0,0.0,0.61,6.04,6.53,3.88
Sep,11,5,6077,,1,1,0.77,15.6,31.12,,0.0,0.0,24.0,,0.0,0.0,0.0,0.61,6.04,6.53,3.88
Sep,11,6,6078,,1,1,0.77,15.0,30.89,,0.0,0.0,24.0,,0.0,0.0,0.0,0.61,6.04,6.53,3.88
Sep,11,7,6079,,1,1,1.0,19.4,30.54,,0.0,8.65,24.0,,0.0,1.66,14.7,0.8,7.88,6.53,5.07
Sep,11,8,6080,,1,1,1.0,22.8,31.1,,0.0,60.1,24.0,,0.0,12.58,14.7,0.8,7.88,6.53,5.07
Sep,11,9,6081,,1,1,1.0,25.0,31.48,,0.0,92.43,24.0,,0.0,20.54,14.7,0.8,7.88,6.53,5.07
Sep,11,10,6082,,1,1,1.0,26.7,31.84,,0.0,119.99,24.0,,0.0,27.78,14.7,0.8,7.88,6.53,5.07
Sep,11,11,6083,,1,1,1.0,28.3,32.22,,0.0,145.55,24.0,,0.0,35.07,14.7,0.8,7.88,6.53,5.07
Sep,11,12,6084,,1,1,1.0,29.4,32.58,,0.0,167.06,24.0,,0.0,41.42,14.7,0.8,7.88,6.53,5.07
Sep,11,13,6085,,1,1,1.0,30.0,32.9,,0.0,183.31,24.0,,0.0,46.17,14.7,0.8,7.88,6.53,5.07
Sep,11,14,6086,,1,1,1.0,31.1,33.31,,0.0,205.0,24.0,,0.0,49.14,14.7,0.8,7.88,6.53,5.07
Sep,11,15,6087,,1,1,1.0,31.7,33.59,,0.0,214.11,24.0,,0.0,49.87,14.7,0.8,7.88,6.53,5.07
Sep,11,16,6088,,1,1,1.0,31.1,33.68,,0.0,208.98,24.0,,0.0,49.14,14.7,0.8,7.88,6.53,5.07
Sep,11,17,6089,,1,1,1.0,30.0,33.65,,0.0,195.64,24.0,,0.0,47.86,14.7,0.8,7.88,6.53,5.07
Sep,11,18,6090,,1,1,1.0,26.1,33.2,,0.0,153.84,24.0,,0.0,35.1,14.7,0.8,7.88,6.53,5.07
Sep,11,19,6091,,1,1,1.0,21.1,32.53,,0.0,100.25,24.0,,0.0,20.08,14.7,0.8,7.88,6.53,5.07
Sep,11,20,6092,,1,1,1.0,20.6,32.33,,0.0,87.55,24.0,,0.0,17.32,14.7,0.8,7.88,6.53,5.07
Sep,11,21,6093,,1,1,1.0,21.1,32.26,,0.0,85.08,24.0,,0.0,17.05,14.7,0.8,7.88,6.53,5.07
Sep,11,22,6094,,1,1,0.77,21.1,32.5,,0.0,0.0,24.0,,0.0,0.0,0.0,0.61,6.04,6.53,3.88
Sep,11,23,6095,,1,1,0.77,19.4,32.26,,0.0,0.0,24.0,,0.0,0.0,0.0,0.61,6.04,6.53,3.88
Sep,11,24,6096,,1,1,0.77,18.9,32.08,,0.0,0.0,24.0,,0.0,0.0,0.0,0.61,6.04,6.53,3.88
Sep,12,1,6097,,1,1,0.77,17.2,31.81,,0.0,0.0,24.0,,0.0,0.0,0.0,0.61,6.04,6.53,3.88
Sep,12,2,6098,,1,1,0.77,17.2,31.64,,0.0,0.0,24.0,,0.0,0.0,0.0,0.61,6.04,6.53,3.88
Sep,12,3,6099,,1,1,0.77,16.7,31.44,,0.0,0.0,24.0,,0.0,0.0,0.0,0.61,6.04,6.53,3.88
Sep,12,4,6100,,1,1,0.77,19.4,31.5,,0.0,0.0,24.0,,0.0,0.0,0.0,0.61,6.04,6.53,3.88
Sep,12,5,6101,,1,1,0.77,12.8,30.83,,0.0,0.0,23.86,,0.0,0.0,0.0,0.61,6.04,6.53,3.88
Sep,12,6,6102,,1,1,0.77,10.6,30.42,,0.0,0.0,23.58,,0.0,0.0,0.0,0.61,6.04,6.53,3.88
Sep,12,7,6103,,1,1,1.0,17.2,30.09,,17.84,0.0,23.71,,5.0,0.0,14.7,0.8,7.88,6.53,5.07
Sep,12,8,6104,,1,1,1.0,21.1,30.67,,0.0,32.34,24.0,,0.0,6.48,14.7,0.8,7.88,6.53,5.07
Sep,12,9,6105,,1,1,1.0,23.9,31.08,,0.0,70.55,24.0,,0.0,15.21,14.7,0.8,7.88,6.53,5.07
Sep,12,10,6106,,1,1,1.0,25.6,31.42,,0.0,98.74,24.0,,0.0,22.26,14.7,0.8,7.88,6.53,5.07
Sep,12,11,6107,,1,1,1.0,25.6,31.64,,0.0,114.59,24.0,,0.0,25.83,14.7,0.8,7.88,6.53,5.07
Sep,12,12,6108,,1,1,1.0,26.7,31.99,,0.0,138.11,24.0,,0.0,31.97,14.7,0.8,7.88,6.53,5.07
Sep,12,13,6109,,1,1,1.0,28.3,32.41,,0.0,164.64,24.0,,0.0,39.67,14.7,0.8,7.88,6.53,5.07
Sep,12,14,6110,,1,1,1.0,29.4,32.78,,0.0,185.19,24.0,,0.0,45.91,14.7,0.8,7.88,6.53,5.07
Sep,12,15,6111,,1,1,1.0,30.0,33.03,,0.0,194.15,24.0,,0.0,47.86,14.7,0.8,7.88,6.53,5.07
Sep,12,16,6112,,1,1,1.0,30.6,33.26,,0.0,200.78,24.0,,0.0,48.55,14.7,0.8,7.88,6.53,5.07
Sep,12,17,6113,,1,1,1.0,27.2,32.94,,0.0,166.8,24.0,,0.0,39.09,14.7,0.8,7.88,6.53,5.07
Sep,12,18,6114,,1,1,1.0,25.6,32.72,,0.0,144.34,24.0,,0.0,32.54,14.7,0.8,7.88,6.53,5.07
Sep,12,19,6115,,1,1,1.0,21.7,32.2,,0.0,101.74,24.0,,0.0,20.7,14.7,0.8,7.88,6.53,5.07
Sep,12,20,6116,,1,1,1.0,21.1,32.01,,0.0,88.97,24.0,,0.0,17.82,14.7,0.8,7.88,6.53,5.07
Sep,12,21,6117,,1,1,1.0,16.7,31.33,,0.0,41.09,24.0,,0.0,7.31,14.7,0.8,7.88,6.53,5.07
Sep,12,22,6118,,1,1,0.77,14.4,31.47,,0.0,0.0,24.0,,0.0,0.0,0.0,0.61,6.04,6.53,3.88
Sep,12,23,6119,,1,1,0.77,12.8,31.13,,0.0,0.0,24.0,,0.0,0.0,0.0,0.61,6.04,6.53,3.88
Sep,12,24,6120,,1,1,0.77,12.2,30.85,,0.0,0.0,24.0,,0.0,0.0,0.0,0.61,6.04,6.53,3.88
Sep,13,1,6121,,1,1,0.77,9.4,30.38,,0.0,0.0,23.67,,0.0,0.0,0.0,0.61,6.04,6.53,3.88
Sep,13,2,6122,,1,1,0.77,6.7,29.87,,0.0,0.0,23.29,,0.0,0.0,0.0,0.61,6.04,6.53,3.88
Sep,13,3,6123,,1,1,0.77,8.3,29.68,,0.0,0.0,23.22,,0.0,0.0,0.0,0.61,6.04,6.53,3.88
Sep,13,4,6124,,1,1,0.77,8.9,29.44,,0.0,0.0,23.1,,0.0,0.0,0.0,0.61,6.04,6.53,3.88
Sep,13,5,6125,,1,1,0.77,7.8,29.07,,0.0,0.0,22.85,,0.0,0.0,0.0,0.61,6.04,6.53,3.88
Sep,13,6,6126,,1,1,0.77,8.3,28.83,,0.0,0.0,22.72,,0.0,0.0,0.0,0.61,6.04,6.53,3.88
Sep,13,7,6127,,1,1,1.0,10.6,27.88,,109.52,0.0,22.19,,33.57,0.0,14.7,0.8,7.88,6.53,5.07
Sep,13,8,6128,,1,1,1.0,11.7,27.98,,95.55,0.0,22.42,,28.62,0.0,14.7,0.8,7.88,6.53,5.07
Sep,13,9,6129,,1,1,1.0,13.3,27.99,,86.61,0.0,22.57,,25.1,0.0,14.7,0.8,7.88,6.53,5.07
Sep,13,10,6130,,1,1,1.0,15.0,28.12,,70.53,0.0,22.84,,19.76,0.0,14.7,0.8,7.88,6.53,5.07
Sep,13,11,6131,,1,1,1.0,17.2,28.41,,45.26,0.0,23.25,,12.68,0.0,14.7,0.8,7.88,6.53,5.07
Sep,13,12,6132,,1,1,1.0,18.9,28.66,,22.23,0.0,23.63,,6.23,0.0,14.7,0.8,7.88,6.53,5.07
Sep,13,13,6133,,1,1,1.0,19.4,28.81,,5.71,0.0,23.91,,1.6,0.0,14.7,0.8,7.88,6.53,5.07
Sep,13,14,6134,,1,1,1.0,20.0,29.0,,0.0,15.74,24.0,,0.0,3.07,14.7,0.8,7.88,6.53,5.07
Sep,13,15,6135,,1,1,1.0,18.9,28.9,,0.0,15.45,24.0,,0.0,2.92,14.7,0.8,7.88,6.53,5.07
Sep,13,16,6136,,1,1,1.0,18.9,28.84,,0.0,17.15,24.0,,0.0,3.24,14.7,0.8,7.88,6.53,5.07
Sep,13,17,6137,,1,1,1.0,17.2,28.51,,0.13,0.0,24.0,,0.04,0.0,14.7,0.8,7.88,6.53,5.07
Sep,13,18,6138,,1,1,1.0,16.1,28.24,,9.97,0.0,23.84,,2.79,0.0,14.7,0.8,7.88,6.53,5.07
Sep,13,19,6139,,1,1,1.0,15.6,28.03,,16.43,0.0,23.73,,4.6,0.0,14.7,0.8,7.88,6.53,5.07
Sep,13,20,6140,,1,1,1.0,11.1,27.29,,54.48,0.0,23.1,,16.52,0.0,14.7,0.8,7.88,6.53,5.07
Sep,13,21,6141,,1,1,1.0,11.1,27.05,,63.34,0.0,22.95,,19.21,0.0,14.7,0.8,7.88,6.53,5.07
Sep,13,22,6142,,1,1,0.77,10.6,27.37,,0.0,0.0,23.17,,0.0,0.0,0.0,0.61,6.04,6.53,3.88
Sep,13,23,6143,,1,1,0.77,10.0,27.12,,0.0,0.0,23.0,,0.0,0.0,0.0,0.61,6.04,6.53,3.88
Sep,13,24,6144,,1,1,0.77,9.4,26.86,,0.0,0.0,22.81,,0.0,0.0,0.0,0.61,6.04,6.53,3.88
Sep,14,1,6145,,1,1,0.77,8.9,26.6,,0.0,0.0,22.63,,0.0,0.0,0.0,0.61,6.04,6.53,3.88
Sep,14,2,6146,,1,1,0.77,9.4,26.42,,0.0,0.0,22.52,,0.0,0.0,0.0,0.61,6.04,6.53,3.88
Sep,14,3,6147,,1,1,0.77,8.9,26.17,,0.0,0.0,22.35,,0.0,0.0,0.0,0.61,6.04,6.53,3.88
Sep,14,4,6148,,1,1,0.77,8.9,25.96,,0.0,0.0,22.2,,0.0,0.0,0.0,0.61,6.04,6.53,3.88
Sep,14,5,6149,,1,1,0.77,8.3,25.7,,0.0,0.0,22.02,,0.0,0.0,0.0,0.61,6.04,6.53,3.88
Sep,14,6,6150,,1,1,0.77,8.9,25.53,,1.01,0.0,22.0,,0.32,0.0,0.0,0.61,6.04,6.53,3.88
Sep,14,7,6151,,1,1,1.0,10.6,24.78,,163.64,0.0,22.0,,50.17,0.0,14.7,0.8,7.88,6.53,5.07
Sep,14,8,6152,,1,1,1.0,15.0,25.39,,110.27,0.0,22.18,,30.89,0.0,14.7,0.8,7.88,6.53,5.07
Sep,14,9,6153,,1,1,1.0,17.8,25.78,,82.37,0.0,22.64,,23.07,0.0,14.7,0.8,7.88,6.53,5.07
Sep,14,10,6154,,1,1,1.0,19.4,26.08,,59.06,0.0,23.02,,16.54,0.0,14.7,0.8,7.88,6.53,5.07
Sep,14,11,6155,,1,1,1.0,20.6,26.36,,37.72,0.0,23.38,,9.53,0.0,14.7,0.8,7.88,6.53,5.07
Sep,14,12,6156,,1,1,1.0,21.7,26.67,,14.75,0.0,23.76,,3.72,0.0,14.7,0.8,7.88,6.53,5.07
Sep,14,13,6157,,1,1,1.0,20.6,26.74,,6.33,0.0,23.9,,1.6,0.0,14.7,0.8,7.88,6.53,5.07
Sep,14,14,6158,,1,1,1.0,19.4,26.56,,12.89,0.0,23.79,,3.61,0.0,14.7,0.8,7.88,6.53,5.07
Sep,14,15,6159,,1,1,1.0,13.0,25.73,,59.14,0.0,23.02,,17.24,0.0,14.7,0.8,7.88,6.53,5.07
Sep,14,16,6160,,1,1,1.0,15.0,25.83,,48.92,0.0,23.19,,13.7,0.0,14.7,0.8,7.88,6.53,5.07
Sep,14,17,6161,,1,1,1.0,15.0,25.74,,50.25,0.0,23.17,,14.08,0.0,14.7,0.8,7.88,6.53,5.07
Sep,14,18,6162,,1,1,1.0,13.3,25.41,,66.61,0.0,22.9,,19.3,0.0,14.7,0.8,7.88,6.53,5.07
Sep,14,19,6163,,1,1,1.0,10.6,24.91,,93.04,0.0,22.46,,28.52,0.0,14.7,0.8,7.88,6.53,5.07
Sep,14,20,6164,,1,1,1.0,8.3,24.42,,119.55,0.0,22.03,,38.47,0.0,14.7,0.8,7.88,6.53,5.07
Sep,14,21,6165,,1,1,1.0,10.6,24.46,,113.11,0.0,22.13,,34.68,0.0,14.7,0.8,7.88,6.53,5.07
Sep,14,22,6166,,1,1,0.77,9.4,24.68,,0.0,0.0,22.29,,0.0,0.0,0.0,0.61,6.04,6.53,3.88
Sep,14,23,6167,,1,1,0.77,10.0,24.55,,0.0,0.0,22.2,,0.0,0.0,0.0,0.61,6.04,6.53,3.88
Sep,14,24,6168,,1,1,0.77,10.0,24.39,,0.0,0.0,22.08,,0.0,0.0,0.0,0.61,6.04,6.53,3.88
Sep,15,1,6169,,1,1,0.77,10.0,24.23,,0.4,0.0,22.0,,0.12,0.0,0.0,0.61,6.04,6.53,3.88
Sep,15,2,6170,,1,1,0.77,8.3,23.93,,3.48,0.0,22.0,,1.12,0.0,0.0,0.61,6.04,6.53,3.88
Sep,15,3,6171,,1,1,0.77,8.3,23.75,,4.81,0.0,22.0,,1.55,0.0,0.0,0.61,6.04,6.53,3.88
Sep,15,4,6172,,1,1,0.77,8.9,23.62,,5.35,0.0,22.0,,1.7,0.0,0.0,0.61,6.04,6.53,3.88
Sep,15,5,6173,,1,1,0.77,8.9,23.45,,6.29,0.0,22.0,,2.0,0.0,0.0,0.61,6.04,6.53,3.88
Sep,15,6,6174,,1,1,0.77,7.8,23.2,,8.22,0.0,22.0,,2.67,0.0,0.0,0.61,6.04,6.53,3.88
Sep,15,7,6175,,1,1,1.0,11.1,22.74,,113.15,0.0,22.0,,34.32,0.0,14.7,0.8,7.88,6.53,5.07
Sep,15,8,6176,,1,1,1.0,14.4,23.26,,95.74,0.0,22.0,,27.14,0.0,14.7,0.8,7.88,6.53,5.07
Sep,15,9,6177,,1,1,1.0,18.3,23.83,,88.36,0.0,22.37,,24.75,0.0,14.7,0.8,7.88,6.53,5.07
Sep,15,10,6178,,1,1,1.0,20.6,24.3,,68.13,0.0,22.88,,17.2,0.0,14.7,0.8,7.88,6.53,5.07
Sep,15,11,6179,,1,1,1.0,22.2,24.73,,39.78,0.0,23.34,,10.05,0.0,14.7,0.8,7.88,6.53,5.07
Sep,15,12,6180,,1,1,1.0,23.3,25.14,,13.18,0.0,23.78,,3.33,0.0,14.7,0.8,7.88,6.53,5.07
Sep,15,13,6181,,1,1,1.0,23.9,25.48,,0.0,11.29,24.0,,0.0,2.43,14.7,0.8,7.88,6.53,5.07
Sep,15,14,6182,,1,1,1.0,24.4,25.81,,0.0,37.13,24.0,,0.0,8.11,14.7,0.8,7.88,6.53,5.07
Sep,15,15,6183,,1,1,1.0,25.0,26.12,,0.0,57.84,24.0,,0.0,12.85,14.7,0.8,7.88,6.53,5.07
Sep,15,16,6184,,1,1,1.0,25.0,26.31,,0.0,68.07,24.0,,0.0,15.13,14.7,0.8,7.88,6.53,5.07
Sep,15,17,6185,,1,1,1.0,24.4,26.38,,0.0,67.72,24.0,,0.0,14.8,14.7,0.8,7.88,6.53,5.07
Sep,15,18,6186,,1,1,1.0,20.6,25.98,,0.0,33.9,24.0,,0.0,6.71,14.7,0.8,7.88,6.53,5.07
Sep,15,19,6187,,1,1,1.0,17.2,25.56,,0.0,1.77,24.0,,0.0,0.32,14.7,0.8,7.88,6.53,5.07
Sep,15,20,6188,,1,1,1.0,15.6,25.3,,12.32,0.0,23.8,,3.45,0.0,14.7,0.8,7.88,6.53,5.07
Sep,15,21,6189,,1,1,1.0,17.2,25.41,,3.14,0.0,23.95,,0.88,0.0,14.7,0.8,7.88,6.53,5.07
Sep,15,22,6190,,1,1,0.77,15.6,25.44,,0.0,0.0,23.94,,0.0,0.0,0.0,0.61,6.04,6.53,3.88
Sep,15,23,6191,,1,1,0.77,13.3,25.18,,0.0,0.0,23.7,,0.0,0.0,0.0,0.61,6.04,6.53,3.88
Sep,15,24,6192,,1,1,0.77,12.2,24.97,,0.0,0.0,23.53,,0.0,0.0,0.0,0.61,6.04,6.53,3.88
Sep,16,1,6193,,1,1,0.77,13.9,24.99,,0.0,0.0,23.57,,0.0,0.0,0.0,0.61,6.04,6.53,3.88
Sep,16,2,6194,,1,1,0.77,10.0,24.56,,0.0,0.0,23.17,,0.0,0.0,0.0,0.61,6.04,6.53,3.88
Sep,16,3,6195,,1,1,0.77,13.3,24.67,,0.0,0.0,23.31,,0.0,0.0,0.0,0.61,6.04,6.53,3.88
Sep,16,4,6196,,1,1,0.77,11.1,24.39,,0.0,0.0,23.05,,0.0,0.0,0.0,0.61,6.04,6.53,3.88
Sep,16,5,6197,,1,1,0.77,11.1,24.25,,0.0,0.0,22.93,,0.0,0.0,0.0,0.61,6.04,6.53,3.88
Sep,16,6,6198,,1,1,0.77,11.7,24.16,,0.0,0.0,22.87,,0.0,0.0,0.0,0.61,6.04,6.53,3.88
Sep,16,7,6199,,1,1,1.0,14.4,23.81,,73.03,0.0,22.61,,20.7,0.0,14.7,0.8,7.88,6.53,5.07
Sep,16,8,6200,,1,1,1.0,18.3,24.47,,42.64,0.0,23.3,,11.94,0.0,14.7,0.8,7.88,6.53,5.07
Sep,16,9,6201,,1,1,1.0,21.1,24.89,,15.41,0.0,23.75,,3.89,0.0,14.7,0.8,7.88,6.53,5.07
Sep,16,10,6202,,1,1,1.0,21.7,25.16,,0.0,3.31,24.0,,0.0,0.67,14.7,0.8,7.88,6.53,5.07
Sep,16,11,6203,,1,1,1.0,24.4,25.72,,0.0,45.46,24.0,,0.0,9.94,14.7,0.8,7.88,6.53,5.07
Sep,16,12,6204,,1,1,1.0,25.0,25.95,,0.0,59.35,24.0,,0.0,13.19,14.7,0.8,7.88,6.53,5.07
Sep,16,13,6205,,1,1,1.0,26.7,26.39,,0.0,87.23,24.0,,0.0,20.19,14.7,0.8,7.88,6.53,5.07
Sep,16,14,6206,,1,1,1.0,26.7,26.67,,0.0,100.34,24.0,,0.0,23.23,14.7,0.8,7.88,6.53,5.07
Sep,16,15,6207,,1,1,1.0,27.8,27.09,,0.0,122.35,24.0,,0.0,29.11,14.7,0.8,7.88,6.53,5.07
Sep,16,16,6208,,1,1,1.0,27.2,27.24,,0.0,122.7,24.0,,0.0,28.76,14.7,0.8,7.88,6.53,5.07
Sep,16,17,6209,,1,1,1.0,25.6,27.22,,0.0,110.16,24.0,,0.0,24.83,14.7,0.8,7.88,6.53,5.07
Sep,16,18,6210,,1,1,1.0,24.4,27.16,,0.0,96.29,24.0,,0.0,21.04,14.7,0.8,7.88,6.53,5.07
Sep,16,19,6211,,1,1,1.0,24.4,27.23,,0.0,94.75,24.0,,0.0,20.71,14.7,0.8,7.88,6.53,5.07
Sep,16,20,6212,,1,1,1.0,20.6,26.83,,0.0,57.65,24.0,,0.0,11.41,14.7,0.8,7.88,6.53,5.07
Sep,16,21,6213,,1,1,1.0,20.0,26.74,,0.0,48.88,24.0,,0.0,9.53,14.7,0.8,7.88,6.53,5.07
Sep,16,22,6214,,1,1,0.77,17.8,26.69,,0.0,0.0,24.0,,0.0,0.0,0.0,0.61,6.04,6.53,3.88
Sep,16,23,6215,,1,1,0.77,14.4,26.35,,0.0,0.0,24.0,,0.0,0.0,0.0,0.61,6.04,6.53,3.88
Sep,16,24,6216,,1,1,0.77,15.0,26.28,,0.0,0.0,24.0,,0.0,0.0,0.0,0.61,6.04,6.53,3.88
Sep,17,1,6217,,1,1,0.77,13.9,26.09,,0.0,0.0,23.92,,0.0,0.0,0.0,0.61,6.04,6.53,3.88
Sep,17,2,6218,,1,1,0.77,12.8,25.88,,0.0,0.0,23.75,,0.0,0.0,0.0,0.61,6.04,6.53,3.88
Sep,17,3,6219,,1,1,0.77,12.2,25.7,,0.0,0.0,23.61,,0.0,0.0,0.0,0.61,6.04,6.53,3.88
Sep,17,4,6220,,1,1,0.77,12.8,25.6,,0.0,0.0,23.55,,0.0,0.0,0.0,0.61,6.04,6.53,3.88
Sep,17,5,6221,,1,1,0.77,9.4,25.19,,0.0,0.0,23.18,,0.0,0.0,0.0,0.61,6.04,6.53,3.88
Sep,17,6,6222,,1,1,0.77,8.9,24.96,,0.0,0.0,22.99,,0.0,0.0,0.0,0.61,6.04,6.53,3.88
Sep,17,7,6223,,1,1,1.0,15.6,24.89,,57.27,0.0,23.05,,16.04,0.0,14.7,0.8,7.88,6.53,5.07
Sep,17,8,6224,,1,1,1.0,22.2,25.92,,0.0,8.85,24.0,,0.0,1.82,14.7,0.8,7.88,6.53,5.07
Sep,17,9,6225,,1,1,1.0,25.0,26.47,,0.0,51.68,24.0,,0.0,11.48,14.7,0.8,7.88,6.53,5.07
Sep,17,10,6226,,1,1,1.0,25.6,26.84,,0.0,76.58,24.0,,0.0,17.26,14.7,0.8,7.88,6.53,5.07
Sep,17,11,6227,,1,1,1.0,26.7,27.27,,0.0,103.02,24.0,,0.0,23.85,14.7,0.8,7.88,6.53,5.07
Sep,17,12,6228,,1,1,1.0,27.2,27.7,,0.0,126.39,24.0,,0.0,29.62,14.7,0.8,7.88,6.53,5.07
Sep,17,13,6229,,1,1,1.0,28.9,28.21,,0.0,153.2,24.0,,0.0,37.49,14.7,0.8,7.88,6.53,5.07
Sep,17,14,6230,,1,1,1.0,29.4,28.64,,0.0,171.77,24.0,,0.0,42.58,14.7,0.8,7.88,6.53,5.07
Sep,17,15,6231,,1,1,1.0,30.6,29.07,,0.0,188.04,24.0,,0.0,48.05,14.7,0.8,7.88,6.53,5.07
Sep,17,16,6232,,1,1,1.0,30.0,29.25,,0.0,185.21,24.0,,0.0,46.65,14.7,0.8,7.88,6.53,5.07
Sep,17,17,6233,,1,1,1.0,28.3,29.22,,0.0,167.37,24.0,,0.0,40.33,14.7,0.8,7.88,6.53,5.07
Sep,17,18,6234,,1,1,1.0,22.8,28.63,,0.0,110.57,24.0,,0.0,23.15,14.7,0.8,7.88,6.53,5.07
Sep,17,19,6235,,1,1,1.0,18.9,28.13,,0.0,67.46,24.0,,0.0,12.75,14.7,0.8,7.88,6.53,5.07
Sep,17,20,6236,,1,1,1.0,17.8,27.91,,0.0,49.61,24.0,,0.0,9.09,14.7,0.8,7.88,6.53,5.07
Sep,17,21,6237,,1,1,1.0,20.0,28.09,,0.0,63.25,24.0,,0.0,12.33,14.7,0.8,7.88,6.53,5.07
Sep,17,22,6238,,1,1,0.77,17.2,28.02,,0.0,0.0,24.0,,0.0,0.0,0.0,0.61,6.04,6.53,3.88
Sep,17,23,6239,,1,1,0.77,15.0,27.75,,0.0,0.0,24.0,,0.0,0.0,0.0,0.61,6.04,6.53,3.88
Sep,17,24,6240,,1,1,0.77,11.7,27.35,,0.0,0.0,23.95,,0.0,0.0,0.0,0.61,6.04,6.53,3.88
Sep,18,1,6241,,1,1,0.77,12.2,27.2,,0.0,0.0,23.87,,0.0,0.0,0.0,0.61,6.04,6.53,3.88
Sep,18,2,6242,,1,1,0.77,11.7,26.99,,0.0,0.0,23.72,,0.0,0.0,0.0,0.61,6.04,6.53,3.88
Sep,18,3,6243,,1,1,0.77,11.1,26.77,,0.0,0.0,23.55,,0.0,0.0,0.0,0.61,6.04,6.53,3.88
Sep,18,4,6244,,1,1,0.77,12.2,26.67,,0.0,0.0,23.52,,0.0,0.0,0.0,0.61,6.04,6.53,3.88
Sep,18,5,6245,,1,1,0.77,10.0,26.33,,0.0,0.0,23.23,,0.0,0.0,0.0,0.61,6.04,6.53,3.88
Sep,18,6,6246,,1,1,0.77,10.6,26.18,,0.0,0.0,23.15,,0.0,0.0,0.0,0.61,6.04,6.53,3.88
Sep,18,7,6247,,1,1,1.0,13.3,25.64,,72.14,0.0,22.81,,20.9,0.0,14.7,0.8,7.88,6.53,5.07
Sep,18,8,6248,,1,1,1.0,15.6,26.03,,44.33,0.0,23.27,,12.42,0.0,14.7,0.8,7.88,6.53,5.07
Sep,18,9,6249,,1,1,1.0,16.7,26.21,,29.23,0.0,23.52,,8.19,0.0,14.7,0.8,7.88,6.53,5.07
Sep,18,10,6250,,1,1,1.0,19.4,26.63,,0.0,0.09,24.0,,0.0,0.02,14.7,0.8,7.88,6.53,5.07
Sep,18,11,6251,,1,1,1.0,21.1,27.02,,0.0,32.98,24.0,,0.0,6.61,14.7,0.8,7.88,6.53,5.07
Sep,18,12,6252,,1,1,1.0,23.9,27.54,,0.0,72.24,24.0,,0.0,15.57,14.7,0.8,7.88,6.53,5.07
Sep,18,13,6253,,1,1,1.0,24.4,27.82,,0.0,89.62,24.0,,0.0,19.59,14.7,0.8,7.88,6.53,5.07
Sep,18,14,6254,,1,1,1.0,26.7,28.3,,0.0,119.33,24.0,,0.0,27.62,14.7,0.8,7.88,6.53,5.07
Sep,18,15,6255,,1,1,1.0,27.8,28.67,,0.0,138.08,24.0,,0.0,32.85,14.7,0.8,7.88,6.53,5.07
Sep,18,16,6256,,1,1,1.0,27.2,28.79,,0.0,136.45,24.0,,0.0,31.98,14.7,0.8,7.88,6.53,5.07
Sep,18,17,6257,,1,1,1.0,24.4,28.56,,0.0,109.82,24.0,,0.0,24.0,14.7,0.8,7.88,6.53,5.07
Sep,18,18,6258,,1,1,1.0,21.1,28.17,,0.0,74.57,24.0,,0.0,14.94,14.7,0.8,7.88,6.53,5.07
Sep,18,19,6259,,1,1,1.0,18.9,27.86,,0.0,49.28,24.0,,0.0,9.31,14.7,0.8,7.88,6.53,5.07
Sep,18,20,6260,,1,1,1.0,17.8,27.65,,0.0,33.89,24.0,,0.0,6.21,14.7,0.8,7.88,6.53,5.07
Sep,18,21,6261,,1,1,1.0,17.8,27.55,,0.0,28.96,24.0,,0.0,5.31,14.7,0.8,7.88,6.53,5.07
Sep,18,22,6262,,1,1,0.77,16.7,27.67,,0.0,0.0,24.0,,0.0,0.0,0.0,0.61,6.04,6.53,3.88
Sep,18,23,6263,,1,1,0.77,13.9,27.34,,0.0,0.0,24.0,,0.0,0.0,0.0,0.61,6.04,6.53,3.88
Sep,18,24,6264,,1,1,0.77,13.9,27.2,,0.0,0.0,23.98,,0.0,0.0,0.0,0.61,6.04,6.53,3.88
Sep,19,1,6265,,1,1,0.77,13.3,27.01,,0.0,0.0,23.85,,0.0,0.0,0.0,0.61,6.04,6.53,3.88
Sep,19,2,6266,,1,1,0.77,12.2,26.77,,0.0,0.0,23.67,,0.0,0.0,0.0,0.61,6.04,6.53,3.88
Sep,19,3,6267,,1,1,0.77,11.7,26.57,,0.0,0.0,23.52,,0.0,0.0,0.0,0.61,6.04,6.53,3.88
Sep,19,4,6268,,1,1,0.77,11.7,26.4,,0.0,0.0,23.41,,0.0,0.0,0.0,0.61,6.04,6.53,3.88
Sep,19,5,6269,,1,1,0.77,10.0,26.09,,0.0,0.0,23.16,,0.0,0.0,0.0,0.61,6.04,6.53,3.88
Sep,19,6,6270,,1,1,0.77,10.0,25.9,,0.0,0.0,23.02,,0.0,0.0,0.0,0.61,6.04,6.53,3.88
Sep,19,7,6271,,1,1,1.0,10.6,25.04,,99.51,0.0,22.36,,30.51,0.0,14.7,0.8,7.88,6.53,5.07
Sep,19,8,6272,,1,1,1.0,12.8,25.28,,80.91,0.0,22.66,,23.69,0.0,14.7,0.8,7.88,6.53,5.07
Sep,19,9,6273,,1,1,1.0,16.1,25.64,,55.51,0.0,23.08,,15.55,0.0,14.7,0.8,7.88,6.53,5.07
Sep,19,10,6274,,1,1,1.0,18.3,26.04,,27.33,0.0,23.55,,7.66,0.0,14.7,0.8,7.88,6.53,5.07
Sep,19,11,6275,,1,1,1.0,21.7,26.6,,0.0,12.27,24.0,,0.0,2.5,14.7,0.8,7.88,6.53,5.07
Sep,19,12,6276,,1,1,1.0,23.9,27.09,,0.0,51.43,24.0,,0.0,11.09,14.7,0.8,7.88,6.53,5.07
Sep,19,13,6277,,1,1,1.0,25.6,27.54,,0.0,83.15,24.0,,0.0,18.74,14.7,0.8,7.88,6.53,5.07
Sep,19,14,6278,,1,1,1.0,27.2,28.03,,0.0,114.26,24.0,,0.0,26.78,14.7,0.8,7.88,6.53,5.07
Sep,19,15,6279,,1,1,1.0,27.8,28.39,,0.0,132.39,24.0,,0.0,31.5,14.7,0.8,7.88,6.53,5.07
Sep,19,16,6280,,1,1,1.0,27.2,28.52,,0.0,131.81,24.0,,0.0,30.89,14.7,0.8,7.88,6.53,5.07
Sep,19,17,6281,,1,1,1.0,26.7,28.59,,0.0,127.63,24.0,,0.0,29.55,14.7,0.8,7.88,6.53,5.07
Sep,19,18,6282,,1,1,1.0,22.8,28.18,,0.0,88.35,24.0,,0.0,18.49,14.7,0.8,7.88,6.53,5.07
Sep,19,19,6283,,1,1,1.0,17.8,27.56,,0.0,37.88,24.0,,0.0,6.94,14.7,0.8,7.88,6.53,5.07
Sep,19,20,6284,,1,1,1.0,16.1,27.25,,0.0,16.41,24.0,,0.0,2.88,14.7,0.8,7.88,6.53,5.07
Sep,19,21,6285,,1,1,1.0,16.1,27.12,,0.0,10.8,24.0,,0.0,1.89,14.7,0.8,7.88,6.53,5.07
Sep,19,22,6286,,1,1,0.77,17.2,27.45,,0.0,0.0,24.0,,0.0,0.0,0.0,0.61,6.04,6.53,3.88
Sep,19,23,6287,,1,1,0.77,15.6,27.24,,0.0,0.0,24.0,,0.0,0.0,0.0,0.61,6.04,6.53,3.88
Sep,19,24,6288,,1,1,0.77,16.7,27.22,,0.0,0.0,24.0,,0.0,0.0,0.0,0.61,6.04,6.53,3.88
Sep,20,1,6289,,1,1,0.77,15.0,26.99,,0.0,0.0,24.0,,0.0,0.0,0.0,0.61,6.04,6.53,3.88
Sep,20,2,6290,,1,1,0.77,12.8,26.69,,0.0,0.0,23.76,,0.0,0.0,0.0,0.61,6.04,6.53,3.88
Sep,20,3,6291,,1,1,0.77,12.8,26.54,,0.0,0.0,23.66,,0.0,0.0,0.0,0.61,6.04,6.53,3.88
Sep,20,4,6292,,1,1,0.77,12.8,26.39,,0.0,0.0,23.57,,0.0,0.0,0.0,0.61,6.04,6.53,3.88
Sep,20,5,6293,,1,1,0.77,12.2,26.2,,0.0,0.0,23.43,,0.0,0.0,0.0,0.61,6.04,6.53,3.88
Sep,20,6,6294,,1,1,0.77,12.2,26.05,,0.0,0.0,23.33,,0.0,0.0,0.0,0.61,6.04,6.53,3.88
Sep,20,7,6295,,1,1,1.0,16.7,25.85,,41.69,0.0,23.31,,11.68,0.0,14.7,0.8,7.88,6.53,5.07
Sep,20,8,6296,,1,1,1.0,20.0,26.45,,1.7,0.0,23.97,,0.48,0.0,14.7,0.8,7.88,6.53,5.07
Sep,20,9,6297,,1,1,1.0,23.3,27.0,,0.0,42.7,24.0,,0.0,9.06,14.7,0.8,7.88,6.53,5.07
Sep,20,10,6298,,1,1,1.0,26.7,27.67,,0.0,91.98,24.0,,0.0,21.29,14.7,0.8,7.88,6.53,5.07
Sep,20,11,6299,,1,1,1.0,28.3,28.18,,0.0,123.73,24.0,,0.0,29.81,14.7,0.8,7.88,6.53,5.07
Sep,20,12,6300,,1,1,1.0,30.6,28.82,,0.0,161.09,24.0,,0.0,41.16,14.7,0.8,7.88,6.53,5.07
Sep,20,13,6301,,1,1,1.0,30.6,29.17,,0.0,173.74,24.0,,0.0,44.39,14.7,0.8,7.88,6.53,5.07
Sep,20,14,6302,,1,1,1.0,31.7,29.65,,0.0,195.02,24.0,,0.0,49.87,14.7,0.8,7.88,6.53,5.07
Sep,20,15,6303,,1,1,1.0,31.7,29.97,,0.0,201.66,24.0,,0.0,49.87,14.7,0.8,7.88,6.53,5.07
Sep,20,16,6304,,1,1,1.0,30.0,30.01,,0.0,188.62,24.0,,0.0,47.51,14.7,0.8,7.88,6.53,5.07
Sep,20,17,6305,,1,1,1.0,28.9,30.02,,0.0,174.21,24.0,,0.0,42.63,14.7,0.8,7.88,6.53,5.07
Sep,20,18,6306,,1,1,1.0,24.4,29.55,,0.0,127.2,24.0,,0.0,27.8,14.7,0.8,7.88,6.53,5.07
Sep,20,19,6307,,1,1,1.0,20.6,29.09,,0.0,85.71,24.0,,0.0,16.96,14.7,0.8,7.88,6.53,5.07
Sep,20,20,6308,,1,1,1.0,19.4,28.87,,0.0,67.49,24.0,,0.0,12.93,14.7,0.8,7.88,6.53,5.07
Sep,20,21,6309,,1,1,1.0,18.3,28.65,,0.0,50.53,24.0,,0.0,9.39,14.7,0.8,7.88,6.53,5.07
Sep,20,22,6310,,1,1,0.77,16.1,28.69,,0.0,0.0,24.0,,0.0,0.0,0.0,0.61,6.04,6.53,3.88
Sep,20,23,6311,,1,1,0.77,18.3,28.74,,0.0,0.0,24.0,,0.0,0.0,0.0,0.61,6.04,6.53,3.88
Sep,20,24,6312,,1,1,0.77,18.3,28.66,,0.0,0.0,24.0,,0.0,0.0,0.0,0.61,6.04,6.53,3.88
Sep,21,1,6313,,1,1,0.77,18.3,28.57,,0.0,0.0,24.0,,0.0,0.0,0.0,0.61,6.04,6.53,3.88
Sep,21,2,6314,,1,1,0.77,18.9,28.54,,0.0,0.0,24.0,,0.0,0.0,0.0,0.61,6.04,6.53,3.88
Sep,21,3,6315,,1,1,0.77,18.9,28.47,,0.0,0.0,24.0,,0.0,0.0,0.0,0.61,6.04,6.53,3.88
Sep,21,4,6316,,1,1,0.77,19.4,28.44,,0.0,0.0,24.0,,0.0,0.0,0.0,0.61,6.04,6.53,3.88
Sep,21,5,6317,,1,1,0.77,18.9,28.34,,0.0,0.0,24.0,,0.0,0.0,0.0,0.61,6.04,6.53,3.88
Sep,21,6,6318,,1,1,0.77,20.0,28.36,,0.0,0.0,24.0,,0.0,0.0,0.0,0.61,6.04,6.53,3.88
Sep,21,7,6319,,1,1,1.0,19.4,27.85,,0.0,7.75,24.0,,0.0,1.49,14.7,0.8,7.88,6.53,5.07
Sep,21,8,6320,,1,1,1.0,22.2,28.35,,0.0,50.4,24.0,,0.0,10.39,14.7,0.8,7.88,6.53,5.07
Sep,21,9,6321,,1,1,1.0,27.2,29.14,,0.0,108.93,24.0,,0.0,25.53,14.7,0.8,7.88,6.53,5.07
Sep,21,10,6322,,1,1,1.0,29.4,29.67,,0.0,142.42,24.0,,0.0,35.31,14.7,0.8,7.88,6.53,5.07
Sep,21,11,6323,,1,1,1.0,29.4,29.9,,0.0,150.46,24.0,,0.0,37.3,14.7,0.8,7.88,6.53,5.07
Sep,21,12,6324,,1,1,1.0,29.4,30.07,,0.0,153.25,24.0,,0.0,37.99,14.7,0.8,7.88,6.53,5.07
Sep,21,13,6325,,1,1,1.0,29.4,30.26,,0.0,157.38,24.0,,0.0,39.02,14.7,0.8,7.88,6.53,5.07
Sep,21,14,6326,,1,1,1.0,22.8,29.57,,0.0,96.33,24.0,,0.0,20.16,14.7,0.8,7.88,6.53,5.07
Sep,21,15,6327,,1,1,1.0,23.9,29.71,,0.0,103.36,24.0,,0.0,22.28,14.7,0.8,7.88,6.53,5.07
Sep,21,16,6328,,1,1,1.0,26.7,30.14,,0.0,131.44,24.0,,0.0,30.43,14.7,0.8,7.88,6.53,5.07
Sep,21,17,6329,,1,1,1.0,25.6,30.09,,0.0,120.7,24.0,,0.0,27.21,14.7,0.8,7.88,6.53,5.07
Sep,21,18,6330,,1,1,1.0,23.9,29.89,,0.0,101.11,24.0,,0.0,21.8,14.7,0.8,7.88,6.53,5.07
Sep,21,19,6331,,1,1,1.0,21.1,29.53,,0.0,71.67,24.0,,0.0,14.36,14.7,0.8,7.88,6.53,5.07
Sep,21,20,6332,,1,1,1.0,20.6,29.41,,0.0,62.84,24.0,,0.0,12.43,14.7,0.8,7.88,6.53,5.07
Sep,21,21,6333,,1,1,1.0,18.9,29.12,,0.0,43.01,24.0,,0.0,8.13,14.7,0.8,7.88,6.53,5.07
Sep,21,22,6334,,1,1,0.77,17.2,29.2,,0.0,0.0,24.0,,0.0,0.0,0.0,0.61,6.04,6.53,3.88
Sep,21,23,6335,,1,1,0.77,15.6,28.95,,0.0,0.0,24.0,,0.0,0.0,0.0,0.61,6.04,6.53,3.88
Sep,21,24,6336,,1,1,0.77,13.9,28.67,,0.0,0.0,24.0,,0.0,0.0,0.0,0.61,6.04,6.53,3.88
Sep,22,1,6337,,1,1,0.77,14.4,28.55,,0.0,0.0,23.99,,0.0,0.0,0.0,0.61,6.04,6.53,3.88
Sep,22,2,6338,,1,1,0.77,14.4,28.39,,0.0,0.0,23.92,,0.0,0.0,0.0,0.61,6.04,6.53,3.88
Sep,22,3,6339,,1,1,0.77,15.0,28.29,,0.0,0.0,23.9,,0.0,0.0,0.0,0.61,6.04,6.53,3.88
Sep,22,4,6340,,1,1,0.77,14.4,28.1,,0.0,0.0,23.79,,0.0,0.0,0.0,0.61,6.04,6.53,3.88
Sep,22,5,6341,,1,1,0.77,12.8,27.82,,0.0,0.0,23.6,,0.0,0.0,0.0,0.61,6.04,6.53,3.88
Sep,22,6,6342,,1,1,0.77,11.7,27.56,,0.0,0.0,23.41,,0.0,0.0,0.0,0.61,6.04,6.53,3.88
Sep,22,7,6343,,1,1,1.0,12.8,26.75,,67.71,0.0,22.88,,19.82,0.0,14.7,0.8,7.88,6.53,5.07
Sep,22,8,6344,,1,1,1.0,15.0,27.04,,44.34,0.0,23.27,,12.42,0.0,14.7,0.8,7.88,6.53,5.07
Sep,22,9,6345,,1,1,1.0,15.6,27.12,,33.86,0.0,23.44,,9.48,0.0,14.7,0.8,7.88,6.53,5.07
Sep,22,10,6346,,1,1,1.0,17.8,27.4,,11.3,0.0,23.81,,3.17,0.0,14.7,0.8,7.88,6.53,5.07
Sep,22,11,6347,,1,1,1.0,18.9,27.61,,0.0,7.65,24.0,,0.0,1.45,14.7,0.8,7.88,6.53,5.07
Sep,22,12,6348,,1,1,1.0,20.6,27.95,,0.0,38.06,24.0,,0.0,7.53,14.7,0.8,7.88,6.53,5.07
Sep,22,13,6349,,1,1,1.0,21.7,28.22,,0.0,60.09,24.0,,0.0,12.22,14.7,0.8,7.88,6.53,5.07
Sep,22,14,6350,,1,1,1.0,22.2,28.36,,0.0,69.65,24.0,,0.0,14.35,14.7,0.8,7.88,6.53,5.07
Sep,22,15,6351,,1,1,1.0,22.8,28.46,,0.0,75.3,24.0,,0.0,15.76,14.7,0.8,7.88,6.53,5.07
Sep,22,16,6352,,1,1,1.0,21.7,28.33,,0.0,63.57,24.0,,0.0,12.93,14.7,0.8,7.88,6.53,5.07
Sep,22,17,6353,,1,1,1.0,17.8,27.82,,0.0,25.05,24.0,,0.0,4.59,14.7,0.8,7.88,6.53,5.07
Sep,22,18,6354,,1,1,1.0,16.7,27.57,,0.0,10.82,24.0,,0.0,1.93,14.7,0.8,7.88,6.53,5.07
Sep,22,19,6355,,1,1,1.0,15.6,27.31,,2.73,0.0,23.95,,0.76,0.0,14.7,0.8,7.88,6.53,5.07
Sep,22,20,6356,,1,1,1.0,14.4,27.02,,15.51,0.0,23.74,,4.4,0.0,14.7,0.8,7.88,6.53,5.07
Sep,22,21,6357,,1,1,1.0,12.8,26.66,,32.86,0.0,23.46,,9.62,0.0,14.7,0.8,7.88,6.53,5.07
Sep,22,22,6358,,1,1,0.77,11.1,26.83,,0.0,0.0,23.55,,0.0,0.0,0.0,0.61,6.04,6.53,3.88
Sep,22,23,6359,,1,1,0.77,10.6,26.6,,0.0,0.0,23.38,,0.0,0.0,0.0,0.61,6.04,6.53,3.88
Sep,22,24,6360,,1,1,0.77,11.1,26.45,,0.0,0.0,23.29,,0.0,0.0,0.0,0.61,6.04,6.53,3.88
Sep,23,1,6361,,1,1,0.77,10.0,26.18,,0.0,0.0,23.08,,0.0,0.0,0.0,0.61,6.04,6.53,3.88
Sep,23,2,6362,,1,1,0.77,11.7,26.13,,0.0,0.0,23.09,,0.0,0.0,0.0,0.61,6.04,6.53,3.88
Sep,23,3,6363,,1,1,0.77,11.1,25.92,,0.0,0.0,22.93,,0.0,0.0,0.0,0.61,6.04,6.53,3.88
Sep,23,4,6364,,1,1,0.77,9.4,25.61,,0.0,0.0,22.68,,0.0,0.0,0.0,0.61,6.04,6.53,3.88
Sep,23,5,6365,,1,1,0.77,10.0,25.47,,0.0,0.0,22.59,,0.0,0.0,0.0,0.61,6.04,6.53,3.88
Sep,23,6,6366,,1,1,0.77,9.4,25.24,,0.0,0.0,22.42,,0.0,0.0,0.0,0.61,6.04,6.53,3.88
Sep,23,7,6367,,1,1,1.0,11.7,24.63,,121.34,0.0,22.0,,36.34,0.0,14.7,0.8,7.88,6.53,5.07
Sep,23,8,6368,,1,1,1.0,14.4,25.08,,90.09,0.0,22.51,,25.54,0.0,14.7,0.8,7.88,6.53,5.07
Sep,23,9,6369,,1,1,1.0,17.2,25.48,,62.47,0.0,22.97,,17.5,0.0,14.7,0.8,7.88,6.53,5.07
Sep,23,10,6370,,1,1,1.0,19.4,25.9,,33.31,0.0,23.45,,9.33,0.0,14.7,0.8,7.88,6.53,5.07
Sep,23,11,6371,,1,1,1.0,23.3,26.57,,0.0,13.71,24.0,,0.0,2.91,14.7,0.8,7.88,6.53,5.07
Sep,23,12,6372,,1,1,1.0,26.1,27.17,,0.0,60.71,24.0,,0.0,13.85,14.7,0.8,7.88,6.53,5.07
Sep,23,13,6373,,1,1,1.0,27.8,27.74,,0.0,99.79,24.0,,0.0,23.74,14.7,0.8,7.88,6.53,5.07
Sep,23,14,6374,,1,1,1.0,27.8,27.95,,0.0,108.28,24.0,,0.0,25.76,14.7,0.8,7.88,6.53,5.07
Sep,23,15,6375,,1,1,1.0,28.3,28.24,,0.0,122.23,24.0,,0.0,29.45,14.7,0.8,7.88,6.53,5.07
Sep,23,16,6376,,1,1,1.0,27.2,28.29,,0.0,117.09,24.0,,0.0,27.44,14.7,0.8,7.88,6.53,5.07
Sep,23,17,6377,,1,1,1.0,25.6,28.23,,0.0,104.26,24.0,,0.0,23.5,14.7,0.8,7.88,6.53,5.07
Sep,23,18,6378,,1,1,1.0,24.4,28.15,,0.0,91.86,24.0,,0.0,20.08,14.7,0.8,7.88,6.53,5.07
Sep,23,19,6379,,1,1,1.0,20.0,27.64,,0.0,49.45,24.0,,0.0,9.64,14.7,0.8,7.88,6.53,5.07
Sep,23,20,6380,,1,1,1.0,21.7,27.82,,0.0,62.36,24.0,,0.0,12.69,14.7,0.8,7.88,6.53,5.07
Sep,23,21,6381,,1,1,1.0,17.8,27.32,,0.0,23.87,24.0,,0.0,4.38,14.7,0.8,7.88,6.53,5.07
Sep,23,22,6382,,1,1,0.77,16.7,27.42,,0.0,0.0,24.0,,0.0,0.0,0.0,0.61,6.04,6.53,3.88
Sep,23,23,6383,,1,1,0.77,15.0,27.19,,0.0,0.0,24.0,,0.0,0.0,0.0,0.61,6.04,6.53,3.88
Sep,23,24,6384,,1,1,0.77,15.6,27.12,,0.0,0.0,24.0,,0.0,0.0,0.0,0.61,6.04,6.53,3.88
Sep,24,1,6385,,1,1,0.77,14.4,26.92,,0.0,0.0,23.92,,0.0,0.0,0.0,0.61,6.04,6.53,3.88
Sep,24,2,6386,,1,1,0.77,11.7,26.57,,0.0,0.0,23.63,,0.0,0.0,0.0,0.61,6.04,6.53,3.88
Sep,24,3,6387,,1,1,0.77,12.8,26.49,,0.0,0.0,23.61,,0.0,0.0,0.0,0.61,6.04,6.53,3.88
Sep,24,4,6388,,1,1,0.77,15.0,26.53,,0.0,0.0,23.7,,0.0,0.0,0.0,0.61,6.04,6.53,3.88
Sep,24,5,6389,,1,1,0.77,14.4,26.37,,0.0,0.0,23.59,,0.0,0.0,0.0,0.61,6.04,6.53,3.88
Sep,24,6,6390,,1,1,0.77,11.7,26.03,,0.0,0.0,23.31,,0.0,0.0,0.0,0.61,6.04,6.53,3.88
Sep,24,7,6391,,1,1,1.0,12.2,25.23,,79.23,0.0,22.69,,23.48,0.0,14.7,0.8,7.88,6.53,5.07
Sep,24,8,6392,,1,1,1.0,11.7,25.16,,79.93,0.0,22.68,,23.94,0.0,14.7,0.8,7.88,6.53,5.07
Sep,24,9,6393,,1,1,1.0,12.8,25.15,,76.86,0.0,22.73,,22.5,0.0,14.7,0.8,7.88,6.53,5.07
Sep,24,10,6394,,1,1,1.0,15.6,25.55,,49.4,0.0,23.18,,13.84,0.0,14.7,0.8,7.88,6.53,5.07
Sep,24,11,6395,,1,1,1.0,17.2,25.74,,34.08,0.0,23.44,,9.55,0.0,14.7,0.8,7.88,6.53,5.07
Sep,24,12,6396,,1,1,1.0,18.9,26.01,,14.64,0.0,23.76,,4.1,0.0,14.7,0.8,7.88,6.53,5.07
Sep,24,13,6397,,1,1,1.0,20.0,26.26,,0.0,4.79,24.0,,0.0,0.93,14.7,0.8,7.88,6.53,5.07
Sep,24,14,6398,,1,1,1.0,21.1,26.57,,0.0,31.02,24.0,,0.0,6.21,14.7,0.8,7.88,6.53,5.07
Sep,24,15,6399,,1,1,1.0,20.6,26.63,,0.0,36.03,24.0,,0.0,7.13,14.7,0.8,7.88,6.53,5.07
Sep,24,16,6400,,1,1,1.0,20.6,26.68,,0.0,39.67,24.0,,0.0,7.85,14.7,0.8,7.88,6.53,5.07
Sep,24,17,6401,,1,1,1.0,18.9,26.49,,0.0,25.18,24.0,,0.0,4.76,14.7,0.8,7.88,6.53,5.07
Sep,24,18,6402,,1,1,1.0,15.6,26.02,,7.07,0.0,23.88,,1.98,0.0,14.7,0.8,7.88,6.53,5.07
Sep,24,19,6403,,1,1,1.0,13.3,25.62,,28.33,0.0,23.53,,8.21,0.0,14.7,0.8,7.88,6.53,5.07
Sep,24,20,6404,,1,1,1.0,11.7,25.26,,46.99,0.0,23.22,,14.07,0.0,14.7,0.8,7.88,6.53,5.07
Sep,24,21,6405,,1,1,1.0,11.1,25.0,,59.8,0.0,23.01,,18.14,0.0,14.7,0.8,7.88,6.53,5.07
Sep,24,22,6406,,1,1,0.77,11.7,25.36,,0.0,0.0,23.32,,0.0,0.0,0.0,0.61,6.04,6.53,3.88
Sep,24,23,6407,,1,1,0.77,11.7,25.21,,0.0,0.0,23.22,,0.0,0.0,0.0,0.61,6.04,6.53,3.88
Sep,24,24,6408,,1,1,0.77,12.2,25.11,,0.0,0.0,23.15,,0.0,0.0,0.0,0.61,6.04,6.53,3.88
Sep,25,1,6409,,1,1,0.77,11.1,24.89,,0.0,0.0,22.96,,0.0,0.0,0.0,0.61,6.04,6.53,3.88
Sep,25,2,6410,,1,1,0.77,10.6,24.7,,0.0,0.0,22.81,,0.0,0.0,0.0,0.61,6.04,6.53,3.88
Sep,25,3,6411,,1,1,0.77,10.0,24.49,,0.0,0.0,22.64,,0.0,0.0,0.0,0.61,6.04,6.53,3.88
Sep,25,4,6412,,1,1,0.77,9.0,24.25,,0.0,0.0,22.43,,0.0,0.0,0.0,0.61,6.04,6.53,3.88
Sep,25,5,6413,,1,1,0.77,8.9,24.07,,0.0,0.0,22.28,,0.0,0.0,0.0,0.61,6.04,6.53,3.88
Sep,25,6,6414,,1,1,0.77,8.9,23.89,,0.0,0.0,22.14,,0.0,0.0,0.0,0.61,6.04,6.53,3.88
Sep,25,7,6415,,1,1,1.0,8.0,22.88,,108.69,0.0,22.0,,35.2,0.0,14.7,0.8,7.88,6.53,5.07
Sep,25,8,6416,,1,1,1.0,8.9,22.94,,98.79,0.0,22.0,,31.39,0.0,14.7,0.8,7.88,6.53,5.07
Sep,25,9,6417,,1,1,1.0,10.0,22.92,,91.75,0.0,22.0,,28.49,0.0,14.7,0.8,7.88,6.53,5.07
Sep,25,10,6418,,1,1,1.0,13.3,23.29,,80.33,0.0,22.0,,23.28,0.0,14.7,0.8,7.88,6.53,5.07
Sep,25,11,6419,,1,1,1.0,16.1,23.74,,77.87,0.0,22.46,,21.81,0.0,14.7,0.8,7.88,6.53,5.07
Sep,25,12,6420,,1,1,1.0,17.8,24.11,,69.02,0.0,22.86,,19.33,0.0,14.7,0.8,7.88,6.53,5.07
Sep,25,13,6421,,1,1,1.0,20.0,24.57,,39.52,0.0,23.35,,11.07,0.0,14.7,0.8,7.88,6.53,5.07
Sep,25,14,6422,,1,1,1.0,21.7,24.99,,12.54,0.0,23.79,,3.17,0.0,14.7,0.8,7.88,6.53,5.07
Sep,25,15,6423,,1,1,1.0,22.2,25.23,,0.0,4.62,24.0,,0.0,0.95,14.7,0.8,7.88,6.53,5.07
Sep,25,16,6424,,1,1,1.0,22.2,25.38,,0.0,17.48,24.0,,0.0,3.6,14.7,0.8,7.88,6.53,5.07
Sep,25,17,6425,,1,1,1.0,21.7,25.41,,0.0,19.73,24.0,,0.0,4.01,14.7,0.8,7.88,6.53,5.07
Sep,25,18,6426,,1,1,1.0,17.2,24.88,,16.24,0.0,23.73,,4.55,0.0,14.7,0.8,7.88,6.53,5.07
Sep,25,19,6427,,1,1,1.0,14.4,24.48,,38.77,0.0,23.36,,10.99,0.0,14.7,0.8,7.88,6.53,5.07
Sep,25,20,6428,,1,1,1.0,14.4,24.38,,43.13,0.0,23.29,,12.23,0.0,14.7,0.8,7.88,6.53,5.07
Sep,25,21,6429,,1,1,1.0,10.6,23.79,,64.32,0.0,22.73,,19.72,0.0,14.7,0.8,7.88,6.53,5.07
Sep,25,22,6430,,1,1,0.77,10.6,24.09,,0.0,0.0,23.0,,0.0,0.0,0.0,0.61,6.04,6.53,3.88
Sep,25,23,6431,,1,1,0.77,9.4,23.85,,0.0,0.0,22.78,,0.0,0.0,0.0,0.61,6.04,6.53,3.88
Sep,25,24,6432,,1,1,0.77,8.3,23.59,,0.0,0.0,22.54,,0.0,0.0,0.0,0.61,6.04,6.53,3.88
Sep,26,1,6433,,1,1,0.77,6.7,23.29,,0.0,0.0,22.26,,0.0,0.0,0.0,0.61,6.04,6.53,3.88
Sep,26,2,6434,,1,1,0.77,8.3,23.22,,0.0,0.0,22.21,,0.0,0.0,0.0,0.61,6.04,6.53,3.88
Sep,26,3,6435,,1,1,0.77,7.8,23.01,,0.0,0.0,22.01,,0.0,0.0,0.0,0.61,6.04,6.53,3.88
Sep,26,4,6436,,1,1,0.77,6.1,22.69,,3.47,0.0,22.0,,1.17,0.0,0.0,0.61,6.04,6.53,3.88
Sep,26,5,6437,,1,1,0.77,5.6,22.45,,5.81,0.0,22.0,,1.98,0.0,0.0,0.61,6.04,6.53,3.88
Sep,26,6,6438,,1,1,0.77,6.1,22.28,,6.94,0.0,22.0,,2.34,0.0,0.0,0.61,6.04,6.53,3.88
Sep,26,7,6439,,1,1,1.0,8.3,21.63,,80.46,0.0,22.0,,25.89,0.0,14.7,0.8,7.88,6.53,5.07
Sep,26,8,6440,,1,1,1.0,12.8,22.41,,38.06,0.0,22.0,,11.14,0.0,14.7,0.8,7.88,6.53,5.07
Sep,26,9,6441,,1,1,1.0,15.6,22.79,,33.69,0.0,22.23,,9.44,0.0,14.7,0.8,7.88,6.53,5.07
Sep,26,10,6442,,1,1,1.0,18.3,23.26,,32.87,0.0,22.72,,9.21,0.0,14.7,0.8,7.88,6.53,5.07
Sep,26,11,6443,,1,1,1.0,20.6,23.74,,32.07,0.0,23.21,,8.1,0.0,14.7,0.8,7.88,6.53,5.07
Sep,26,12,6444,,1,1,1.0,24.4,24.5,,1.22,0.0,23.98,,0.31,0.0,14.7,0.8,7.88,6.53,5.07
Sep,26,13,6445,,1,1,1.0,25.6,24.99,,0.0,35.62,24.0,,0.0,8.03,14.7,0.8,7.88,6.53,5.07
Sep,26,14,6446,,1,1,1.0,26.7,25.45,,0.0,66.73,24.0,,0.0,15.45,14.7,0.8,7.88,6.53,5.07
Sep,26,15,6447,,1,1,1.0,27.2,25.85,,0.0,89.28,24.0,,0.0,20.92,14.7,0.8,7.88,6.53,5.07
Sep,26,16,6448,,1,1,1.0,26.1,25.95,,0.0,87.68,24.0,,0.0,20.0,14.7,0.8,7.88,6.53,5.07
Sep,26,17,6449,,1,1,1.0,25.0,25.98,,0.0,81.73,24.0,,0.0,18.16,14.7,0.8,7.88,6.53,5.07
Sep,26,18,6450,,1,1,1.0,20.6,25.52,,0.0,40.85,24.0,,0.0,8.08,14.7,0.8,7.88,6.53,5.07
Sep,26,19,6451,,1,1,1.0,19.4,25.4,,0.0,28.68,24.0,,0.0,5.5,14.7,0.8,7.88,6.53,5.07
Sep,26,20,6452,,1,1,1.0,17.2,25.12,,0.0,6.62,24.0,,0.0,1.19,14.7,0.8,7.88,6.53,5.07
Sep,26,21,6453,,1,1,1.0,15.6,24.86,,8.87,0.0,23.85,,2.48,0.0,14.7,0.8,7.88,6.53,5.07
Sep,26,22,6454,,1,1,0.77,16.1,25.1,,0.0,0.0,24.0,,0.0,0.0,0.0,0.61,6.04,6.53,3.88
Sep,26,23,6455,,1,1,0.77,16.7,25.09,,0.0,0.0,24.0,,0.0,0.0,0.0,0.61,6.04,6.53,3.88
Sep,26,24,6456,,1,1,0.77,16.7,25.04,,0.0,0.0,24.0,,0.0,0.0,0.0,0.61,6.04,6.53,3.88
Sep,27,1,6457,,1,1,0.77,16.7,24.99,,0.0,0.0,24.0,,0.0,0.0,0.0,0.61,6.04,6.53,3.88
Sep,27,2,6458,,1,1,0.77,16.1,24.9,,0.0,0.0,23.92,,0.0,0.0,0.0,0.61,6.04,6.53,3.88
Sep,27,3,6459,,1,1,0.77,15.0,24.75,,0.0,0.0,23.79,,0.0,0.0,0.0,0.61,6.04,6.53,3.88
Sep,27,4,6460,,1,1,0.77,16.7,24.82,,0.0,0.0,23.87,,0.0,0.0,0.0,0.61,6.04,6.53,3.88
Sep,27,5,6461,,1,1,0.77,13.9,24.54,,0.0,0.0,23.62,,0.0,0.0,0.0,0.61,6.04,6.53,3.88
Sep,27,6,6462,,1,1,0.77,16.1,24.63,,0.0,0.0,23.73,,0.0,0.0,0.0,0.61,6.04,6.53,3.88
Sep,27,7,6463,,1,1,1.0,17.2,24.35,,30.17,0.0,23.5,,8.45,0.0,14.7,0.8,7.88,6.53,5.07
Sep,27,8,6464,,1,1,1.0,21.1,25.01,,0.0,13.74,24.0,,0.0,2.75,14.7,0.8,7.88,6.53,5.07
Sep,27,9,6465,,1,1,1.0,25.6,25.8,,0.0,71.22,24.0,,0.0,16.05,14.7,0.8,7.88,6.53,5.07
Sep,27,10,6466,,1,1,1.0,26.1,26.09,,0.0,86.62,24.0,,0.0,19.76,14.7,0.8,7.88,6.53,5.07
Sep,27,11,6467,,1,1,1.0,28.3,26.69,,0.0,122.74,24.0,,0.0,29.57,14.7,0.8,7.88,6.53,5.07
Sep,27,12,6468,,1,1,1.0,30.0,27.3,,0.0,155.25,24.0,,0.0,39.11,14.7,0.8,7.88,6.53,5.07
Sep,27,13,6469,,1,1,1.0,30.6,27.82,,0.0,178.35,24.0,,0.0,45.57,14.7,0.8,7.88,6.53,5.07
Sep,27,14,6470,,1,1,1.0,29.4,27.99,,0.0,173.84,24.0,,0.0,43.1,14.7,0.8,7.88,6.53,5.07
Sep,27,15,6471,,1,1,1.0,23.9,27.46,,0.0,118.6,24.0,,0.0,25.57,14.7,0.8,7.88,6.53,5.07
Sep,27,16,6472,,1,1,1.0,26.1,27.91,,0.0,141.93,24.0,,0.0,32.38,14.7,0.8,7.88,6.53,5.07
Sep,27,17,6473,,1,1,1.0,23.9,27.73,,0.0,116.35,24.0,,0.0,25.08,14.7,0.8,7.88,6.53,5.07
Sep,27,18,6474,,1,1,1.0,17.0,26.89,,0.0,45.66,24.0,,0.0,8.19,14.7,0.8,7.88,6.53,5.07
Sep,27,19,6475,,1,1,1.0,15.6,26.62,,0.0,24.53,24.0,,0.0,4.24,14.7,0.8,7.88,6.53,5.07
Sep,27,20,6476,,1,1,1.0,15.0,26.42,,0.0,11.27,24.0,,0.0,1.92,14.7,0.8,7.88,6.53,5.07
Sep,27,21,6477,,1,1,1.0,15.0,26.29,,0.0,4.39,24.0,,0.0,0.75,14.7,0.8,7.88,6.53,5.07
Sep,27,22,6478,,1,1,0.77,14.4,26.48,,0.0,0.0,24.0,,0.0,0.0,0.0,0.61,6.04,6.53,3.88
Sep,27,23,6479,,1,1,0.77,15.0,26.42,,0.0,0.0,24.0,,0.0,0.0,0.0,0.61,6.04,6.53,3.88
Sep,27,24,6480,,1,1,0.77,15.0,26.31,,0.0,0.0,24.0,,0.0,0.0,0.0,0.61,6.04,6.53,3.88
Sep,28,1,6481,,1,1,0.77,15.0,26.21,,0.0,0.0,24.0,,0.0,0.0,0.0,0.61,6.04,6.53,3.88
Sep,28,2,6482,,1,1,0.77,14.4,26.06,,0.0,0.0,23.89,,0.0,0.0,0.0,0.61,6.04,6.53,3.88
Sep,28,3,6483,,1,1,0.77,12.8,25.82,,0.0,0.0,23.69,,0.0,0.0,0.0,0.61,6.04,6.53,3.88
Sep,28,4,6484,,1,1,0.77,9.4,25.4,,0.0,0.0,23.31,,0.0,0.0,0.0,0.61,6.04,6.53,3.88
Sep,28,5,6485,,1,1,0.77,8.9,25.17,,0.0,0.0,23.12,,0.0,0.0,0.0,0.61,6.04,6.53,3.88
Sep,28,6,6486,,1,1,0.77,8.3,24.93,,0.0,0.0,22.91,,0.0,0.0,0.0,0.61,6.04,6.53,3.88
Sep,28,7,6487,,1,1,1.0,8.3,23.95,,113.77,0.0,22.07,,36.61,0.0,14.7,0.8,7.88,6.53,5.07
Sep,28,8,6488,,1,1,1.0,7.2,23.73,,112.35,0.0,22.0,,37.02,0.0,14.7,0.8,7.88,6.53,5.07
Sep,28,9,6489,,1,1,1.0,7.8,23.56,,110.31,0.0,22.0,,35.88,0.0,14.7,0.8,7.88,6.53,5.07
Sep,28,10,6490,,1,1,1.0,8.0,23.38,,107.74,0.0,22.0,,34.89,0.0,14.7,0.8,7.88,6.53,5.07
Sep,28,11,6491,,1,1,1.0,10.0,23.5,,100.44,0.0,22.0,,31.19,0.0,14.7,0.8,7.88,6.53,5.07
Sep,28,12,6492,,1,1,1.0,11.1,23.59,,95.54,0.0,22.01,,28.98,0.0,14.7,0.8,7.88,6.53,5.07
Sep,28,13,6493,,1,1,1.0,11.7,23.67,,93.21,0.0,22.13,,27.92,0.0,14.7,0.8,7.88,6.53,5.07
Sep,28,14,6494,,1,1,1.0,11.7,23.57,,90.93,0.0,22.07,,27.23,0.0,14.7,0.8,7.88,6.53,5.07
Sep,28,15,6495,,1,1,1.0,11.7,23.52,,88.71,0.0,22.05,,26.57,0.0,14.7,0.8,7.88,6.53,5.07
Sep,28,16,6496,,1,1,1.0,12.2,23.46,,86.54,0.0,22.03,,25.65,0.0,14.7,0.8,7.88,6.53,5.07
Sep,28,17,6497,,1,1,1.0,11.7,23.28,,85.95,0.0,22.0,,25.74,0.0,14.7,0.8,7.88,6.53,5.07
Sep,28,18,6498,,1,1,1.0,8.9,22.78,,88.92,0.0,22.0,,28.25,0.0,14.7,0.8,7.88,6.53,5.07
Sep,28,19,6499,,1,1,1.0,7.2,22.37,,87.14,0.0,22.0,,28.71,0.0,14.7,0.8,7.88,6.53,5.07
Sep,28,20,6500,,1,1,1.0,6.7,22.08,,81.41,0.0,22.0,,27.12,0.0,14.7,0.8,7.88,6.53,5.07
Sep,28,21,6501,,1,1,1.0,6.7,21.85,,82.89,0.0,22.0,,27.61,0.0,14.7,0.8,7.88,6.53,5.07
Sep,28,22,6502,,1,1,0.77,5.0,22.06,,9.98,0.0,22.0,,3.45,0.0,0.0,0.61,6.04,6.53,3.88
Sep,28,23,6503,,1,1,0.77,3.9,21.76,,12.3,0.0,22.0,,4.36,0.0,0.0,0.61,6.04,6.53,3.88
Sep,28,24,6504,,1,1,0.77,4.4,21.57,,12.93,0.0,22.0,,4.53,0.0,0.0,0.61,6.04,6.53,3.88
Sep,29,1,6505,,1,1,0.77,7.2,21.59,,11.04,0.0,22.0,,3.64,0.0,0.0,0.61,6.04,6.53,3.88
Sep,29,2,6506,,1,1,0.77,6.1,21.34,,12.71,0.0,22.0,,4.29,0.0,0.0,0.61,6.04,6.53,3.88
Sep,29,3,6507,,1,1,0.77,6.1,21.17,,13.29,0.0,22.0,,4.49,0.0,0.0,0.61,6.04,6.53,3.88
Sep,29,4,6508,,1,1,0.77,7.2,21.09,,12.68,0.0,22.0,,4.18,0.0,0.0,0.61,6.04,6.53,3.88
Sep,29,5,6509,,1,1,0.77,6.7,20.89,,13.52,0.0,22.0,,4.5,0.0,0.0,0.61,6.04,6.53,3.88
Sep,29,6,6510,,1,1,0.77,6.7,20.74,,13.86,0.0,22.0,,4.62,0.0,0.0,0.61,6.04,6.53,3.88
Sep,29,7,6511,,1,1,1.0,6.7,19.9,,136.16,0.0,22.0,,45.35,0.0,14.7,0.8,7.88,6.53,5.07
Sep,29,8,6512,,1,1,1.0,6.7,19.96,,117.01,0.0,22.0,,38.97,0.0,14.7,0.8,7.88,6.53,5.07
Sep,29,9,6513,,1,1,1.0,8.9,20.37,,74.46,0.0,22.0,,23.66,0.0,14.7,0.8,7.88,6.53,5.07
Sep,29,10,6514,,1,1,1.0,12.2,20.69,,44.31,0.0,22.0,,13.13,0.0,14.7,0.8,7.88,6.53,5.07
Sep,29,11,6515,,1,1,1.0,16.7,21.49,,0.0,18.39,22.25,,0.0,3.27,14.7,0.8,7.88,6.53,5.07
Sep,29,12,6516,,1,1,1.0,19.4,22.2,,0.0,54.46,22.94,,0.0,10.44,14.7,0.8,7.88,6.53,5.07
Sep,29,13,6517,,1,1,1.0,21.1,22.52,,0.0,53.13,23.24,,0.0,10.64,14.7,0.8,7.88,6.53,5.07
Sep,29,14,6518,,1,1,1.0,22.2,22.97,,0.0,51.84,23.68,,0.0,10.68,14.7,0.8,7.88,6.53,5.07
Sep,29,15,6519,,1,1,1.0,23.3,23.31,,0.0,50.57,24.0,,0.0,10.73,14.7,0.8,7.88,6.53,5.07
Sep,29,16,6520,,1,1,1.0,21.7,23.3,,0.0,49.34,23.97,,0.0,10.04,14.7,0.8,7.88,6.53,5.07
Sep,29,17,6521,,1,1,1.0,20.6,23.26,,0.0,48.13,23.92,,0.0,9.52,14.7,0.8,7.88,6.53,5.07
Sep,29,18,6522,,1,1,1.0,16.7,22.84,,0.0,46.96,23.48,,0.0,8.36,14.7,0.8,7.88,6.53,5.07
Sep,29,19,6523,,1,1,1.0,15.6,22.7,,0.0,45.81,23.32,,0.0,7.92,14.7,0.8,7.88,6.53,5.07
Sep,29,20,6524,,1,1,1.0,13.9,22.45,,0.0,44.69,23.06,,0.0,7.41,14.7,0.8,7.88,6.53,5.07
Sep,29,21,6525,,1,1,1.0,13.9,22.39,,0.0,43.6,22.98,,0.0,7.23,14.7,0.8,7.88,6.53,5.07
Sep,29,22,6526,,1,1,0.77,12.8,22.47,,0.0,0.0,23.08,,0.0,0.0,0.0,0.61,6.04,6.53,3.88
Sep,29,23,6527,,1,1,0.77,11.7,22.31,,0.0,0.0,22.91,,0.0,0.0,0.0,0.61,6.04,6.53,3.88
Sep,29,24,6528,,1,1,0.77,11.7,22.22,,0.0,0.0,22.81,,0.0,0.0,0.0,0.61,6.04,6.53,3.88
Sep,30,1,6529,,1,1,0.77,10.6,22.04,,0.0,0.0,22.62,,0.0,0.0,0.0,0.61,6.04,6.53,3.88
Sep,30,2,6530,,1,1,0.77,10.6,21.93,,0.0,0.0,22.5,,0.0,0.0,0.0,0.61,6.04,6.53,3.88
Sep,30,3,6531,,1,1,0.77,11.1,21.87,,0.0,0.0,22.43,,0.0,0.0,0.0,0.61,6.04,6.53,3.88
Sep,30,4,6532,,1,1,0.77,12.2,21.87,,0.0,0.0,22.42,,0.0,0.0,0.0,0.61,6.04,6.53,3.88
Sep,30,5,6533,,1,1,0.77,12.2,21.8,,0.0,0.0,22.33,,0.0,0.0,0.0,0.61,6.04,6.53,3.88
Sep,30,6,6534,,1,1,0.77,11.7,21.69,,0.0,0.0,22.21,,0.0,0.0,0.0,0.61,6.04,6.53,3.88
Sep,30,7,6535,,1,1,1.0,13.9,21.5,,0.8,0.0,22.0,,0.23,0.0,14.7,0.8,7.88,6.53,5.07
Sep,30,8,6536,,1,1,1.0,18.3,22.37,,0.0,35.12,22.85,,0.0,6.53,14.7,0.8,7.88,6.53,5.07
Sep,30,9,6537,,1,1,1.0,21.7,22.98,,0.0,34.27,23.44,,0.0,6.97,14.7,0.8,7.88,6.53,5.07
Sep,30,10,6538,,1,1,1.0,24.4,23.6,,0.0,33.43,24.0,,0.0,7.31,14.7,0.8,7.88,6.53,5.07
Sep,30,11,6539,,1,1,1.0,26.1,24.21,,0.0,47.78,24.0,,0.0,10.9,14.7,0.8,7.88,6.53,5.07
Sep,30,12,6540,,1,1,1.0,27.8,24.79,,0.0,84.29,24.0,,0.0,20.05,14.7,0.8,7.88,6.53,5.07
Sep,30,13,6541,,1,1,1.0,27.8,25.19,,0.0,103.85,24.0,,0.0,24.71,14.7,0.8,7.88,6.53,5.07
Sep,30,14,6542,,1,1,1.0,27.8,25.57,,0.0,119.12,24.0,,0.0,28.34,14.7,0.8,7.88,6.53,5.07
Sep,30,15,6543,,1,1,1.0,28.9,26.03,,0.0,140.26,24.0,,0.0,34.32,14.7,0.8,7.88,6.53,5.07
Sep,30,16,6544,,1,1,1.0,28.3,26.25,,0.0,140.59,24.0,,0.0,33.88,14.7,0.8,7.88,6.53,5.07
Sep,30,17,6545,,1,1,1.0,26.7,26.27,,0.0,126.92,24.0,,0.0,29.38,14.7,0.8,7.88,6.53,5.07
Sep,30,18,6546,,1,1,1.0,23.3,25.97,,0.0,92.3,24.0,,0.0,19.58,14.7,0.8,7.88,6.53,5.07
Sep,30,19,6547,,1,1,1.0,22.8,25.99,,0.0,84.59,24.0,,0.0,17.71,14.7,0.8,7.88,6.53,5.07
Sep,30,20,6548,,1,1,1.0,21.7,25.92,,0.0,71.41,24.0,,0.0,14.53,14.7,0.8,7.88,6.53,5.07
Sep,30,21,6549,,1,1,1.0,20.0,25.74,,0.0,52.4,24.0,,0.0,10.21,14.7,0.8,7.88,6.53,5.07
Sep,30,22,6550,,1,1,0.77,19.4,25.79,,0.0,0.0,24.0,,0.0,0.0,0.0,0.61,6.04,6.53,3.88
Sep,30,23,6551,,1,1,0.77,18.7,25.72,,0.0,0.0,24.0,,0.0,0.0,0.0,0.61,6.04,6.53,3.88
Sep,30,24,6552,,1,1,0.77,18.1,25.65,,0.0,0.0,24.0,,0.0,0.0,0.0,0.61,6.04,6.53,3.88
Oct,1,1,6553,,1,1,0.77,17.5,25.57,,0.0,0.0,24.0,,0.0,0.0,0.0,0.61,6.04,6.53,3.76
Oct,1,2,6554,,1,1,0.77,16.9,25.48,,0.0,0.0,24.0,,0.0,0.0,0.0,0.61,6.04,6.53,3.76
Oct,1,3,6555,,1,1,0.77,16.2,25.37,,0.0,0.0,24.0,,0.0,0.0,0.0,0.61,6.04,6.53,3.76
Oct,1,4,6556,,1,1,0.77,15.6,25.26,,0.0,0.0,24.0,,0.0,0.0,0.0,0.61,6.04,6.53,3.76
Oct,1,5,6557,,1,1,0.77,14.4,25.09,,0.0,0.0,23.85,,0.0,0.0,0.0,0.61,6.04,6.53,3.76
Oct,1,6,6558,,1,1,0.77,15.0,25.04,,0.0,0.0,23.83,,0.0,0.0,0.0,0.61,6.04,6.53,3.76
Oct,1,7,6559,,1,1,1.0,18.3,24.9,,14.35,0.0,23.76,,4.02,0.0,14.7,0.8,7.88,6.53,4.91
Oct,1,8,6560,,1,1,1.0,21.1,25.53,,0.0,31.43,24.0,,0.0,6.3,14.7,0.8,7.88,6.53,4.91
Oct,1,9,6561,,1,1,1.0,23.9,26.08,,0.0,70.43,24.0,,0.0,15.18,14.7,0.8,7.88,6.53,4.91
Oct,1,10,6562,,1,1,1.0,25.6,26.56,,0.0,99.24,24.0,,0.0,22.37,14.7,0.8,7.88,6.53,4.91
Oct,1,11,6563,,1,1,1.0,26.7,27.0,,0.0,123.22,24.0,,0.0,28.52,14.7,0.8,7.88,6.53,4.91
Oct,1,12,6564,,1,1,1.0,25.0,27.13,,0.0,121.56,24.0,,0.0,27.01,14.7,0.8,7.88,6.53,4.91
Oct,1,13,6565,,1,1,1.0,27.2,27.69,,0.0,151.59,24.0,,0.0,35.53,14.7,0.8,7.88,6.53,4.91
Oct,1,14,6566,,1,1,1.0,27.2,27.98,,0.0,159.12,24.0,,0.0,37.29,14.7,0.8,7.88,6.53,4.91
Oct,1,15,6567,,1,1,1.0,28.3,28.38,,0.0,174.04,24.0,,0.0,41.94,14.7,0.8,7.88,6.53,4.91
Oct,1,16,6568,,1,1,1.0,27.8,28.53,,0.0,169.53,24.0,,0.0,40.33,14.7,0.8,7.88,6.53,4.91
Oct,1,17,6569,,1,1,1.0,26.1,28.46,,0.0,149.02,24.0,,0.0,34.0,14.7,0.8,7.88,6.53,4.91
Oct,1,18,6570,,1,1,1.0,21.1,27.89,,0.0,95.45,24.0,,0.0,19.12,14.7,0.8,7.88,6.53,4.91
Oct,1,19,6571,,1,1,1.0,21.1,27.87,,0.0,88.11,24.0,,0.0,17.65,14.7,0.8,7.88,6.53,4.91
Oct,1,20,6572,,1,1,1.0,22.2,28.0,,0.0,92.11,24.0,,0.0,18.98,14.7,0.8,7.88,6.53,4.91
Oct,1,21,6573,,1,1,1.0,21.1,27.86,,0.0,76.84,24.0,,0.0,15.39,14.7,0.8,7.88,6.53,4.91
Oct,1,22,6574,,1,1,0.77,20.0,27.9,,0.0,0.0,24.0,,0.0,0.0,0.0,0.61,6.04,6.53,3.76
Oct,1,23,6575,,1,1,0.77,15.0,27.44,,0.0,0.0,24.0,,0.0,0.0,0.0,0.61,6.04,6.53,3.76
Oct,1,24,6576,,1,1,0.77,15.0,27.32,,0.0,0.0,24.0,,0.0,0.0,0.0,0.61,6.04,6.53,3.76
Oct,2,1,6577,,1,1,0.77,10.0,26.78,,0.0,0.0,23.76,,0.0,0.0,0.0,0.61,6.04,6.53,3.76
Oct,2,2,6578,,1,1,0.77,9.4,26.53,,0.0,0.0,23.57,,0.0,0.0,0.0,0.61,6.04,6.53,3.76
Oct,2,3,6579,,1,1,0.77,7.8,26.19,,0.0,0.0,23.28,,0.0,0.0,0.0,0.61,6.04,6.53,3.76
Oct,2,4,6580,,1,1,0.77,8.3,25.99,,0.0,0.0,23.14,,0.0,0.0,0.0,0.61,6.04,6.53,3.76
Oct,2,5,6581,,1,1,0.77,8.9,25.82,,0.0,0.0,23.02,,0.0,0.0,0.0,0.61,6.04,6.53,3.76
Oct,2,6,6582,,1,1,0.77,5.0,25.29,,0.0,0.0,22.54,,0.0,0.0,0.0,0.61,6.04,6.53,3.76
Oct,2,7,6583,,1,1,1.0,10.6,24.75,,110.04,0.0,22.18,,33.73,0.0,14.7,0.8,7.88,6.53,4.91
Oct,2,8,6584,,1,1,1.0,12.8,25.14,,82.19,0.0,22.64,,24.06,0.0,14.7,0.8,7.88,6.53,4.91
Oct,2,9,6585,,1,1,1.0,15.6,25.5,,56.71,0.0,23.06,,15.89,0.0,14.7,0.8,7.88,6.53,4.91
Oct,2,10,6586,,1,1,1.0,18.3,25.95,,25.88,0.0,23.57,,7.25,0.0,14.7,0.8,7.88,6.53,4.91
Oct,2,11,6587,,1,1,1.0,20.0,26.34,,0.0,1.44,24.0,,0.0,0.28,14.7,0.8,7.88,6.53,4.91
Oct,2,12,6588,,1,1,1.0,22.8,26.88,,0.0,44.55,24.0,,0.0,9.33,14.7,0.8,7.88,6.53,4.91
Oct,2,13,6589,,1,1,1.0,25.0,27.4,,0.0,82.37,24.0,,0.0,18.3,14.7,0.8,7.88,6.53,4.91
Oct,2,14,6590,,1,1,1.0,26.7,27.85,,0.0,110.51,24.0,,0.0,25.58,14.7,0.8,7.88,6.53,4.91
Oct,2,15,6591,,1,1,1.0,27.2,28.16,,0.0,125.19,24.0,,0.0,29.34,14.7,0.8,7.88,6.53,4.91
Oct,2,16,6592,,1,1,1.0,26.7,28.33,,0.0,128.27,24.0,,0.0,29.69,14.7,0.8,7.88,6.53,4.91
Oct,2,17,6593,,1,1,1.0,24.4,28.17,,0.0,106.34,24.0,,0.0,23.24,14.7,0.8,7.88,6.53,4.91
Oct,2,18,6594,,1,1,1.0,22.2,27.92,,0.0,81.6,24.0,,0.0,16.82,14.7,0.8,7.88,6.53,4.91
Oct,2,19,6595,,1,1,1.0,17.8,27.37,,0.0,36.66,24.0,,0.0,6.72,14.7,0.8,7.88,6.53,4.91
Oct,2,20,6596,,1,1,1.0,16.7,27.14,,0.0,21.0,24.0,,0.0,3.74,14.7,0.8,7.88,6.53,4.91
Oct,2,21,6597,,1,1,1.0,15.6,26.89,,0.0,5.49,24.0,,0.0,0.95,14.7,0.8,7.88,6.53,4.91
Oct,2,22,6598,,1,1,0.77,16.7,27.23,,0.0,0.0,24.0,,0.0,0.0,0.0,0.61,6.04,6.53,3.76
Oct,2,23,6599,,1,1,0.77,14.4,26.95,,0.0,0.0,24.0,,0.0,0.0,0.0,0.61,6.04,6.53,3.76
Oct,2,24,6600,,1,1,0.77,13.3,26.73,,0.0,0.0,23.9,,0.0,0.0,0.0,0.61,6.04,6.53,3.76
Oct,3,1,6601,,1,1,0.77,12.2,26.5,,0.0,0.0,23.72,,0.0,0.0,0.0,0.61,6.04,6.53,3.76
Oct,3,2,6602,,1,1,0.77,11.1,26.25,,0.0,0.0,23.52,,0.0,0.0,0.0,0.61,6.04,6.53,3.76
Oct,3,3,6603,,1,1,0.77,12.8,26.22,,0.0,0.0,23.54,,0.0,0.0,0.0,0.61,6.04,6.53,3.76
Oct,3,4,6604,,1,1,0.77,12.2,26.02,,0.0,0.0,23.39,,0.0,0.0,0.0,0.61,6.04,6.53,3.76
Oct,3,5,6605,,1,1,0.77,11.7,25.83,,0.0,0.0,23.25,,0.0,0.0,0.0,0.61,6.04,6.53,3.76
Oct,3,6,6606,,1,1,0.77,12.8,25.77,,0.0,0.0,23.24,,0.0,0.0,0.0,0.61,6.04,6.53,3.76
Oct,3,7,6607,,1,1,1.0,12.8,25.0,,82.57,0.0,22.64,,24.17,0.0,14.7,0.8,7.88,6.53,4.91
Oct,3,8,6608,,1,1,1.0,13.9,25.21,,66.63,0.0,22.9,,19.08,0.0,14.7,0.8,7.88,6.53,4.91
Oct,3,9,6609,,1,1,1.0,18.3,25.83,,25.61,0.0,23.58,,7.17,0.0,14.7,0.8,7.88,6.53,4.91
Oct,3,10,6610,,1,1,1.0,20.6,26.3,,0.0,7.66,24.0,,0.0,1.52,14.7,0.8,7.88,6.53,4.91
Oct,3,11,6611,,1,1,1.0,21.7,26.63,,0.0,35.08,24.0,,0.0,7.14,14.7,0.8,7.88,6.53,4.91
Oct,3,12,6612,,1,1,1.0,22.2,26.92,,0.0,56.19,24.0,,0.0,11.58,14.7,0.8,7.88,6.53,4.91
Oct,3,13,6613,,1,1,1.0,23.9,27.34,,0.0,84.57,24.0,,0.0,18.23,14.7,0.8,7.88,6.53,4.91
Oct,3,14,6614,,1,1,1.0,19.4,26.84,,0.0,42.95,24.0,,0.0,8.23,14.7,0.8,7.88,6.53,4.91
Oct,3,15,6615,,1,1,1.0,17.2,26.63,,0.0,26.65,24.0,,0.0,4.81,14.7,0.8,7.88,6.53,4.91
Oct,3,16,6616,,1,1,1.0,16.7,26.55,,0.0,21.97,24.0,,0.0,3.91,14.7,0.8,7.88,6.53,4.91
Oct,3,17,6617,,1,1,1.0,15.0,26.26,,0.0,2.1,24.0,,0.0,0.36,14.7,0.8,7.88,6.53,4.91
Oct,3,18,6618,,1,1,1.0,12.8,25.84,,20.75,0.0,23.66,,6.07,0.0,14.7,0.8,7.88,6.53,4.91
Oct,3,19,6619,,1,1,1.0,10.6,25.38,,45.0,0.0,23.26,,13.8,0.0,14.7,0.8,7.88,6.53,4.91
Oct,3,20,6620,,1,1,1.0,10.0,25.09,,59.49,0.0,23.02,,18.48,0.0,14.7,0.8,7.88,6.53,4.91
Oct,3,21,6621,,1,1,1.0,10.0,24.87,,69.85,0.0,22.85,,21.69,0.0,14.7,0.8,7.88,6.53,4.91
Oct,3,22,6622,,1,1,0.77,10.6,25.26,,0.0,0.0,23.18,,0.0,0.0,0.0,0.61,6.04,6.53,3.76
Oct,3,23,6623,,1,1,0.77,11.1,25.14,,0.0,0.0,23.1,,0.0,0.0,0.0,0.61,6.04,6.53,3.76
Oct,3,24,6624,,1,1,0.77,11.7,25.03,,0.0,0.0,23.03,,0.0,0.0,0.0,0.61,6.04,6.53,3.76
Oct,4,1,6625,,1,1,0.77,11.7,24.89,,0.0,0.0,22.93,,0.0,0.0,0.0,0.61,6.04,6.53,3.76
Oct,4,2,6626,,1,1,0.77,10.6,24.67,,0.0,0.0,22.74,,0.0,0.0,0.0,0.61,6.04,6.53,3.76
Oct,4,3,6627,,1,1,0.77,10.6,24.51,,0.0,0.0,22.62,,0.0,0.0,0.0,0.61,6.04,6.53,3.76
Oct,4,4,6628,,1,1,0.77,8.9,24.22,,0.0,0.0,22.36,,0.0,0.0,0.0,0.61,6.04,6.53,3.76
Oct,4,5,6629,,1,1,0.77,7.2,23.9,,0.0,0.0,22.08,,0.0,0.0,0.0,0.61,6.04,6.53,3.76
Oct,4,6,6630,,1,1,0.77,7.0,23.68,,1.29,0.0,22.0,,0.43,0.0,0.0,0.61,6.04,6.53,3.76
Oct,4,7,6631,,1,1,1.0,7.8,22.77,,111.79,0.0,22.0,,36.36,0.0,14.7,0.8,7.88,6.53,4.91
Oct,4,8,6632,,1,1,1.0,8.3,22.79,,101.28,0.0,22.0,,32.59,0.0,14.7,0.8,7.88,6.53,4.91
Oct,4,9,6633,,1,1,1.0,9.4,22.77,,92.85,0.0,22.0,,29.19,0.0,14.7,0.8,7.88,6.53,4.91
Oct,4,10,6634,,1,1,1.0,11.1,22.87,,83.89,0.0,22.0,,25.44,0.0,14.7,0.8,7.88,6.53,4.91
Oct,4,11,6635,,1,1,1.0,12.2,23.07,,75.62,0.0,22.0,,22.41,0.0,14.7,0.8,7.88,6.53,4.91
Oct,4,12,6636,,1,1,1.0,13.3,23.28,,70.91,0.0,22.11,,20.55,0.0,14.7,0.8,7.88,6.53,4.91
Oct,4,13,6637,,1,1,1.0,15.6,23.55,,69.18,0.0,22.41,,19.38,0.0,14.7,0.8,7.88,6.53,4.91
Oct,4,14,6638,,1,1,1.0,16.1,23.69,,67.49,0.0,22.57,,18.9,0.0,14.7,0.8,7.88,6.53,4.91
Oct,4,15,6639,,1,1,1.0,16.7,23.82,,65.84,0.0,22.74,,18.44,0.0,14.7,0.8,7.88,6.53,4.91
Oct,4,16,6640,,1,1,1.0,16.1,23.74,,64.23,0.0,22.68,,17.99,0.0,14.7,0.8,7.88,6.53,4.91
Oct,4,17,6641,,1,1,1.0,15.6,23.62,,62.66,0.0,22.59,,17.55,0.0,14.7,0.8,7.88,6.53,4.91
Oct,4,18,6642,,1,1,1.0,15.0,23.5,,61.13,0.0,22.49,,17.12,0.0,14.7,0.8,7.88,6.53,4.91
Oct,4,19,6643,,1,1,1.0,15.6,23.51,,59.64,0.0,22.53,,16.71,0.0,14.7,0.8,7.88,6.53,4.91
Oct,4,20,6644,,1,1,1.0,16.7,23.61,,58.19,0.0,22.65,,16.3,0.0,14.7,0.8,7.88,6.53,4.91
Oct,4,21,6645,,1,1,1.0,13.9,23.23,,56.77,0.0,22.29,,16.25,0.0,14.7,0.8,7.88,6.53,4.91
Oct,4,22,6646,,1,1,0.77,13.3,23.37,,0.0,0.0,22.41,,0.0,0.0,0.0,0.61,6.04,6.53,3.76
Oct,4,23,6647,,1,1,0.77,11.1,23.11,,0.0,0.0,22.17,,0.0,0.0,0.0,0.61,6.04,6.53,3.76
Oct,4,24,6648,,1,1,0.77,9.4,22.85,,0.9,0.0,22.0,,0.28,0.0,0.0,0.61,6.04,6.53,3.76
Oct,5,1,6649,,1,1,0.77,8.9,22.67,,2.83,0.0,22.0,,0.9,0.0,0.0,0.61,6.04,6.53,3.76
Oct,5,2,6650,,1,1,0.77,8.0,22.45,,5.03,0.0,22.0,,1.63,0.0,0.0,0.61,6.04,6.53,3.76
Oct,5,3,6651,,1,1,0.77,7.8,22.27,,6.42,0.0,22.0,,2.09,0.0,0.0,0.61,6.04,6.53,3.76
Oct,5,4,6652,,1,1,0.77,6.7,22.02,,8.58,0.0,22.0,,2.86,0.0,0.0,0.61,6.04,6.53,3.76
Oct,5,5,6653,,1,1,0.77,6.7,21.84,,9.58,0.0,22.0,,3.19,0.0,0.0,0.61,6.04,6.53,3.76
Oct,5,6,6654,,1,1,0.77,6.7,21.67,,10.45,0.0,22.0,,3.48,0.0,0.0,0.61,6.04,6.53,3.76
Oct,5,7,6655,,1,1,1.0,6.7,20.76,,119.55,0.0,22.0,,39.82,0.0,14.7,0.8,7.88,6.53,4.91
Oct,5,8,6656,,1,1,1.0,5.0,20.52,,123.05,0.0,22.0,,42.58,0.0,14.7,0.8,7.88,6.53,4.91
Oct,5,9,6657,,1,1,1.0,5.0,20.33,,122.98,0.0,22.0,,42.55,0.0,14.7,0.8,7.88,6.53,4.91
Oct,5,10,6658,,1,1,1.0,4.4,20.09,,127.38,0.0,22.0,,44.65,0.0,14.7,0.8,7.88,6.53,4.91
Oct,5,11,6659,,1,1,1.0,5.0,20.0,,120.21,0.0,22.0,,41.6,0.0,14.7,0.8,7.88,6.53,4.91
Oct,5,12,6660,,1,1,1.0,4.4,19.77,,124.47,0.0,22.0,,43.63,0.0,14.7,0.8,7.88,6.53,4.91
Oct,5,13,6661,,1,1,1.0,3.9,19.56,,126.61,0.0,22.0,,44.87,0.0,14.7,0.8,7.88,6.53,4.91
Oct,5,14,6662,,1,1,1.0,2.8,19.31,,132.36,0.0,22.0,,48.07,0.0,14.7,0.8,7.88,6.53,4.91
Oct,5,15,6663,,1,1,1.0,2.2,19.06,,138.01,0.0,22.0,,50.81,0.0,14.7,0.8,7.88,6.53,4.91
Oct,5,16,6664,,1,1,1.0,1.7,18.77,,145.66,0.0,22.0,,54.24,0.0,14.7,0.8,7.88,6.53,4.91
Oct,5,17,6665,,1,1,1.0,0.6,18.36,,161.47,0.0,22.0,,61.7,0.0,14.7,0.8,7.88,6.53,4.91
Oct,5,18,6666,,1,1,1.0,0.0,17.99,,173.38,0.0,22.0,,67.2,0.0,14.7,0.8,7.88,6.53,4.91
Oct,5,19,6667,,1,1,1.0,-0.6,17.62,,184.23,0.0,22.0,,72.83,0.0,14.7,0.8,7.88,6.53,4.91
Oct,5,20,6668,,1,1,1.0,-0.6,17.33,,189.05,0.0,22.0,,74.74,0.0,14.7,0.8,7.88,6.53,4.91
Oct,5,21,6669,,1,1,1.0,-0.6,17.04,,193.21,0.0,22.0,,76.38,0.0,14.7,0.8,7.88,6.53,4.91
Oct,5,22,6670,,1,1,0.77,-0.6,17.45,,22.62,0.0,22.0,,8.94,0.0,0.0,0.61,6.04,6.53,3.76
Oct,5,23,6671,,1,1,0.77,0.0,17.27,,22.79,0.0,22.0,,8.83,0.0,0.0,0.61,6.04,6.53,3.76
Oct,5,24,6672,,1,1,0.77,-0.6,17.01,,24.01,0.0,22.0,,9.49,0.0,0.0,0.61,6.04,6.53,3.76
Oct,6,1,6673,,1,1,0.77,-1.1,16.75,,25.09,0.0,22.0,,10.09,0.0,0.0,0.61,6.04,6.53,3.76
Oct,6,2,6674,,1,1,0.77,-1.1,16.52,,25.64,0.0,22.0,,10.31,0.0,0.0,0.61,6.04,6.53,3.76
Oct,6,3,6675,,1,1,0.77,-1.1,16.3,,26.12,0.0,22.0,,10.5,0.0,0.0,0.61,6.04,6.53,3.76
Oct,6,4,6676,,1,1,0.77,-1.1,16.09,,26.53,0.0,22.0,,10.66,0.0,0.0,0.61,6.04,6.53,3.76
Oct,6,5,6677,,1,1,0.77,-1.1,15.87,,26.88,0.0,22.0,,10.81,0.0,0.0,0.61,6.04,6.53,3.76
Oct,6,6,6678,,1,1,0.77,-1.1,15.67,,27.19,0.0,22.0,,10.93,0.0,0.0,0.61,6.04,6.53,3.76
Oct,6,7,6679,,1,1,1.0,-1.1,14.64,,240.6,0.0,22.0,,96.72,0.0,14.7,0.8,7.88,6.53,4.91
Oct,6,8,6680,,1,1,1.0,-1.1,14.62,,222.97,0.0,22.0,,89.63,0.0,14.7,0.8,7.88,6.53,4.91
Oct,6,9,6681,,1,1,1.0,-0.6,14.55,,211.04,0.0,22.0,,83.43,0.0,14.7,0.8,7.88,6.53,4.91
Oct,6,10,6682,,1,1,1.0,-0.6,14.45,,202.81,0.0,22.0,,80.17,0.0,14.7,0.8,7.88,6.53,4.91
Oct,6,11,6683,,1,1,1.0,0.6,14.5,,185.15,0.0,22.0,,70.74,0.0,14.7,0.8,7.88,6.53,4.91
Oct,6,12,6684,,1,1,1.0,0.6,14.42,,180.05,0.0,22.0,,68.79,0.0,14.7,0.8,7.88,6.53,4.91
Oct,6,13,6685,,1,1,1.0,1.1,14.37,,172.84,0.0,22.0,,65.27,0.0,14.7,0.8,7.88,6.53,4.91
Oct,6,14,6686,,1,1,1.0,1.1,14.26,,171.08,0.0,22.0,,64.6,0.0,14.7,0.8,7.88,6.53,4.91
Oct,6,15,6687,,1,1,1.0,1.7,14.23,,163.96,0.0,22.0,,61.06,0.0,14.7,0.8,7.88,6.53,4.91
Oct,6,16,6688,,1,1,1.0,1.1,14.03,,170.61,0.0,22.0,,64.42,0.0,14.7,0.8,7.88,6.53,4.91
Oct,6,17,6689,,1,1,1.0,1.1,13.86,,173.96,0.0,22.0,,65.69,0.0,14.7,0.8,7.88,6.53,4.91
Oct,6,18,6690,,1,1,1.0,1.1,13.69,,177.5,0.0,22.0,,67.03,0.0,14.7,0.8,7.88,6.53,4.91
Oct,6,19,6691,,1,1,1.0,0.6,13.47,,184.88,0.0,22.0,,70.64,0.0,14.7,0.8,7.88,6.53,4.91
Oct,6,20,6692,,1,1,1.0,0.6,13.3,,187.46,0.0,22.0,,71.63,0.0,14.7,0.8,7.88,6.53,4.91
Oct,6,21,6693,,1,1,1.0,0.6,13.14,,189.68,0.0,22.0,,72.47,0.0,14.7,0.8,7.88,6.53,4.91
Oct,6,22,6694,,1,1,0.77,1.1,13.46,,21.97,0.0,22.0,,8.3,0.0,0.0,0.61,6.04,6.53,3.76
Oct,6,23,6695,,1,1,0.77,1.1,13.33,,22.44,0.0,22.0,,8.47,0.0,0.0,0.61,6.04,6.53,3.76
Oct,6,24,6696,,1,1,0.77,1.1,13.21,,22.85,0.0,22.0,,8.63,0.0,0.0,0.61,6.04,6.53,3.76
Oct,7,1,6697,,1,1,0.77,1.1,13.1,,23.2,0.0,22.0,,8.76,0.0,0.0,0.61,6.04,6.53,3.76
Oct,7,2,6698,,1,1,0.77,1.1,12.98,,23.5,0.0,22.0,,8.87,0.0,0.0,0.61,6.04,6.53,3.76
Oct,7,3,6699,,1,1,0.77,1.7,12.92,,23.16,0.0,22.0,,8.62,0.0,0.0,0.61,6.04,6.53,3.76
Oct,7,4,6700,,1,1,0.77,1.7,12.82,,23.33,0.0,22.0,,8.69,0.0,0.0,0.61,6.04,6.53,3.76
Oct,7,5,6701,,1,1,0.77,1.7,12.72,,23.48,0.0,22.0,,8.74,0.0,0.0,0.61,6.04,6.53,3.76
Oct,7,6,6702,,1,1,0.77,1.1,12.57,,24.22,0.0,22.0,,9.15,0.0,0.0,0.61,6.04,6.53,3.76
Oct,7,7,6703,,1,1,1.0,1.1,11.9,,215.07,0.0,22.0,,81.21,0.0,14.7,0.8,7.88,6.53,4.91
Oct,7,8,6704,,1,1,1.0,2.2,12.12,,188.24,0.0,22.0,,69.3,0.0,14.7,0.8,7.88,6.53,4.91
Oct,7,9,6705,,1,1,1.0,3.3,12.25,,170.51,0.0,22.0,,61.23,0.0,14.7,0.8,7.88,6.53,4.91
Oct,7,10,6706,,1,1,1.0,3.9,12.37,,156.28,0.0,22.0,,55.38,0.0,14.7,0.8,7.88,6.53,4.91
Oct,7,11,6707,,1,1,1.0,4.4,12.47,,145.37,0.0,22.0,,50.96,0.0,14.7,0.8,7.88,6.53,4.91
Oct,7,12,6708,,1,1,1.0,5.0,12.59,,133.44,0.0,22.0,,46.17,0.0,14.7,0.8,7.88,6.53,4.91
Oct,7,13,6709,,1,1,1.0,5.0,12.67,,126.55,0.0,22.0,,43.79,0.0,14.7,0.8,7.88,6.53,4.91
Oct,7,14,6710,,1,1,1.0,5.6,12.78,,118.26,0.0,22.0,,40.37,0.0,14.7,0.8,7.88,6.53,4.91
Oct,7,15,6711,,1,1,1.0,5.6,12.82,,115.76,0.0,22.0,,39.51,0.0,14.7,0.8,7.88,6.53,4.91
Oct,7,16,6712,,1,1,1.0,5.0,12.76,,121.02,0.0,22.0,,41.88,0.0,14.7,0.8,7.88,6.53,4.91
Oct,7,17,6713,,1,1,1.0,5.0,12.71,,124.54,0.0,22.0,,43.09,0.0,14.7,0.8,7.88,6.53,4.91
Oct,7,18,6714,,1,1,1.0,4.4,12.59,,133.38,0.0,22.0,,46.75,0.0,14.7,0.8,7.88,6.53,4.91
Oct,7,19,6715,,1,1,1.0,3.9,12.47,,140.81,0.0,22.0,,49.9,0.0,14.7,0.8,7.88,6.53,4.91
Oct,7,20,6716,,1,1,1.0,3.9,12.41,,143.43,0.0,22.0,,50.83,0.0,14.7,0.8,7.88,6.53,4.91
Oct,7,21,6717,,1,1,1.0,2.2,12.13,,161.7,0.0,22.0,,59.53,0.0,14.7,0.8,7.88,6.53,4.91
Oct,7,22,6718,,1,1,0.77,1.7,12.3,,19.26,0.0,22.0,,7.17,0.0,0.0,0.61,6.04,6.53,3.76
Oct,7,23,6719,,1,1,0.77,2.2,12.25,,19.45,0.0,22.0,,7.16,0.0,0.0,0.61,6.04,6.53,3.76
Oct,7,24,6720,,1,1,0.77,2.8,12.22,,19.41,0.0,22.0,,7.05,0.0,0.0,0.61,6.04,6.53,3.76
Oct,8,1,6721,,1,1,0.77,2.8,12.16,,19.84,0.0,22.0,,7.21,0.0,0.0,0.61,6.04,6.53,3.76
Oct,8,2,6722,,1,1,0.77,2.8,12.09,,20.21,0.0,22.0,,7.34,0.0,0.0,0.61,6.04,6.53,3.76
Oct,8,3,6723,,1,1,0.77,2.8,12.03,,20.53,0.0,22.0,,7.46,0.0,0.0,0.61,6.04,6.53,3.76
Oct,8,4,6724,,1,1,0.77,2.8,11.96,,20.81,0.0,22.0,,7.56,0.0,0.0,0.61,6.04,6.53,3.76
Oct,8,5,6725,,1,1,0.77,2.2,11.85,,21.65,0.0,22.0,,7.97,0.0,0.0,0.61,6.04,6.53,3.76
Oct,8,6,6726,,1,1,0.77,1.7,11.74,,22.42,0.0,22.0,,8.35,0.0,0.0,0.61,6.04,6.53,3.76
Oct,8,7,6727,,1,1,1.0,2.2,11.23,,198.55,0.0,22.0,,73.09,0.0,14.7,0.8,7.88,6.53,4.91
Oct,8,8,6728,,1,1,1.0,3.9,11.67,,158.65,0.0,22.0,,56.22,0.0,14.7,0.8,7.88,6.53,4.91
Oct,8,9,6729,,1,1,1.0,5.0,12.09,,124.84,0.0,22.0,,43.2,0.0,14.7,0.8,7.88,6.53,4.91
Oct,8,10,6730,,1,1,1.0,6.1,12.54,,92.75,0.0,22.0,,31.31,0.0,14.7,0.8,7.88,6.53,4.91
Oct,8,11,6731,,1,1,1.0,8.3,13.2,,48.8,0.0,22.0,,15.7,0.0,14.7,0.8,7.88,6.53,4.91
Oct,8,12,6732,,1,1,1.0,9.4,13.73,,18.47,0.0,22.0,,5.81,0.0,14.7,0.8,7.88,6.53,4.91
Oct,8,13,6733,,1,1,1.0,10.6,14.27,,0.0,8.36,22.11,,0.0,1.28,14.7,0.8,7.88,6.53,4.91
Oct,8,14,6734,,1,1,1.0,10.6,14.62,,0.0,20.03,22.27,,0.0,3.07,14.7,0.8,7.88,6.53,4.91
Oct,8,15,6735,,1,1,1.0,10.6,14.88,,0.0,25.56,22.35,,0.0,3.92,14.7,0.8,7.88,6.53,4.91
Oct,8,16,6736,,1,1,1.0,10.0,14.98,,0.0,19.52,22.27,,0.0,2.95,14.7,0.8,7.88,6.53,4.91
Oct,8,17,6737,,1,1,1.0,8.3,14.84,,3.83,0.0,22.0,,1.23,0.0,14.7,0.8,7.88,6.53,4.91
Oct,8,18,6738,,1,1,1.0,5.0,14.37,,50.39,0.0,22.0,,17.44,0.0,14.7,0.8,7.88,6.53,4.91
Oct,8,19,6739,,1,1,1.0,2.8,14.01,,83.98,0.0,22.0,,30.5,0.0,14.7,0.8,7.88,6.53,4.91
Oct,8,20,6740,,1,1,1.0,1.1,13.66,,112.27,0.0,22.0,,42.39,0.0,14.7,0.8,7.88,6.53,4.91
Oct,8,21,6741,,1,1,1.0,1.1,13.5,,123.77,0.0,22.0,,46.74,0.0,14.7,0.8,7.88,6.53,4.91
Oct,8,22,6742,,1,1,0.77,2.8,13.92,,10.93,0.0,22.0,,3.97,0.0,0.0,0.61,6.04,6.53,3.76
Oct,8,23,6743,,1,1,0.77,2.2,13.77,,13.11,0.0,22.0,,4.83,0.0,0.0,0.61,6.04,6.53,3.76
Oct,8,24,6744,,1,1,0.77,1.7,13.62,,15.03,0.0,22.0,,5.6,0.0,0.0,0.61,6.04,6.53,3.76
Oct,9,1,6745,,1,1,0.77,1.7,13.51,,16.31,0.0,22.0,,6.07,0.0,0.0,0.61,6.04,6.53,3.76
Oct,9,2,6746,,1,1,0.77,2.2,13.44,,16.9,0.0,22.0,,6.22,0.0,0.0,0.61,6.04,6.53,3.76
Oct,9,3,6747,,1,1,0.77,1.7,13.3,,18.31,0.0,22.0,,6.82,0.0,0.0,0.61,6.04,6.53,3.76
Oct,9,4,6748,,1,1,0.77,0.0,13.05,,20.86,0.0,22.0,,8.09,0.0,0.0,0.61,6.04,6.53,3.76
Oct,9,5,6749,,1,1,0.77,0.0,12.91,,21.73,0.0,22.0,,8.42,0.0,0.0,0.61,6.04,6.53,3.76
Oct,9,6,6750,,1,1,0.77,0.0,12.78,,22.49,0.0,22.0,,8.72,0.0,0.0,0.61,6.04,6.53,3.76
Oct,9,7,6751,,1,1,1.0,1.1,12.16,,201.62,0.0,22.0,,76.13,0.0,14.7,0.8,7.88,6.53,4.91
Oct,9,8,6752,,1,1,1.0,3.3,12.75,,149.23,0.0,22.0,,53.59,0.0,14.7,0.8,7.88,6.53,4.91
Oct,9,9,6753,,1,1,1.0,6.1,13.36,,100.58,0.0,22.0,,33.95,0.0,14.7,0.8,7.88,6.53,4.91
Oct,9,10,6754,,1,1,1.0,9.4,14.13,,45.65,0.0,22.0,,14.35,0.0,14.7,0.8,7.88,6.53,4.91
Oct,9,11,6755,,1,1,1.0,12.2,14.87,,0.0,0.39,22.01,,0.0,0.06,14.7,0.8,7.88,6.53,4.91
Oct,9,12,6756,,1,1,1.0,14.4,15.6,,0.0,41.35,22.56,,0.0,6.94,14.7,0.8,7.88,6.53,4.91
Oct,9,13,6757,,1,1,1.0,16.7,16.35,,0.0,83.69,23.14,,0.0,14.9,14.7,0.8,7.88,6.53,4.91
Oct,9,14,6758,,1,1,1.0,17.8,16.95,,0.0,116.18,23.58,,0.0,21.3,14.7,0.8,7.88,6.53,4.91
Oct,9,15,6759,,1,1,1.0,17.8,17.36,,0.0,134.35,23.83,,0.0,24.63,14.7,0.8,7.88,6.53,4.91
Oct,9,16,6760,,1,1,1.0,17.8,17.66,,0.0,144.92,23.97,,0.0,26.56,14.7,0.8,7.88,6.53,4.91
Oct,9,17,6761,,1,1,1.0,16.1,17.65,,0.0,132.53,23.8,,0.0,23.22,14.7,0.8,7.88,6.53,4.91
Oct,9,18,6762,,1,1,1.0,12.8,17.3,,0.0,96.1,23.31,,0.0,15.51,14.7,0.8,7.88,6.53,4.91
Oct,9,19,6763,,1,1,1.0,10.0,16.98,,0.0,61.68,22.84,,0.0,9.33,14.7,0.8,7.88,6.53,4.91
Oct,9,20,6764,,1,1,1.0,8.9,16.82,,0.0,39.08,22.53,,0.0,5.77,14.7,0.8,7.88,6.53,4.91
Oct,9,21,6765,,1,1,1.0,6.1,16.41,,0.94,0.0,22.0,,0.32,0.0,14.7,0.8,7.88,6.53,4.91
Oct,9,22,6766,,1,1,0.77,6.1,16.63,,0.0,0.0,22.36,,0.0,0.0,0.0,0.61,6.04,6.53,3.76
Oct,9,23,6767,,1,1,0.77,6.1,16.54,,0.0,0.0,22.16,,0.0,0.0,0.0,0.61,6.04,6.53,3.76
Oct,9,24,6768,,1,1,0.77,5.6,16.42,,0.87,0.0,22.0,,0.3,0.0,0.0,0.61,6.04,6.53,3.76
Oct,10,1,6769,,1,1,0.77,5.6,16.32,,3.17,0.0,22.0,,1.08,0.0,0.0,0.61,6.04,6.53,3.76
Oct,10,2,6770,,1,1,0.77,2.2,15.95,,8.6,0.0,22.0,,3.17,0.0,0.0,0.61,6.04,6.53,3.76
Oct,10,3,6771,,1,1,0.77,3.9,15.94,,8.91,0.0,22.0,,3.16,0.0,0.0,0.61,6.04,6.53,3.76
Oct,10,4,6772,,1,1,0.77,1.1,15.6,,13.34,0.0,22.0,,5.04,0.0,0.0,0.61,6.04,6.53,3.76
Oct,10,5,6773,,1,1,0.77,5.6,15.81,,10.42,0.0,22.0,,3.56,0.0,0.0,0.61,6.04,6.53,3.76
Oct,10,6,6774,,1,1,0.77,3.3,15.53,,13.76,0.0,22.0,,4.94,0.0,0.0,0.61,6.04,6.53,3.76
Oct,10,7,6775,,1,1,1.0,5.6,15.11,,131.0,0.0,22.0,,44.72,0.0,14.7,0.8,7.88,6.53,4.91
Oct,10,8,6776,,1,1,1.0,8.9,15.88,,68.62,0.0,22.0,,21.8,0.0,14.7,0.8,7.88,6.53,4.91
Oct,10,9,6777,,1,1,1.0,11.7,16.55,,21.51,0.0,22.0,,6.44,0.0,14.7,0.8,7.88,6.53,4.91
Oct,10,10,6778,,1,1,1.0,15.0,17.38,,0.0,32.81,22.45,,0.0,5.59,14.7,0.8,7.88,6.53,4.91
Oct,10,11,6779,,1,1,1.0,18.9,18.34,,0.0,94.27,23.28,,0.0,17.81,14.7,0.8,7.88,6.53,4.91
Oct,10,12,6780,,1,1,1.0,20.6,19.1,,0.0,141.41,23.93,,0.0,27.98,14.7,0.8,7.88,6.53,4.91
Oct,10,13,6781,,1,1,1.0,22.2,19.85,,0.0,187.52,24.0,,0.0,38.64,14.7,0.8,7.88,6.53,4.91
Oct,10,14,6782,,1,1,1.0,22.8,20.44,,0.0,217.94,24.0,,0.0,39.77,14.7,0.8,7.88,6.53,4.91
Oct,10,15,6783,,1,1,1.0,23.3,20.93,,0.0,238.2,24.0,,0.0,40.3,14.7,0.8,7.88,6.53,4.91
Oct,10,16,6784,,1,1,1.0,22.2,21.13,,0.0,234.43,24.0,,0.0,39.15,14.7,0.8,7.88,6.53,4.91
Oct,10,17,6785,,1,1,1.0,19.4,20.98,,0.0,206.86,24.0,,0.0,36.41,14.7,0.8,7.88,6.53,4.91
Oct,10,18,6786,,1,1,1.0,16.1,20.64,,0.0,168.21,24.0,,0.0,29.47,14.7,0.8,7.88,6.53,4.91
Oct,10,19,6787,,1,1,1.0,13.9,20.39,,0.0,141.23,23.92,,0.0,23.41,14.7,0.8,7.88,6.53,4.91
Oct,10,20,6788,,1,1,1.0,13.9,20.38,,0.0,134.03,23.82,,0.0,22.22,14.7,0.8,7.88,6.53,4.91
Oct,10,21,6789,,1,1,1.0,12.8,20.23,,0.0,116.66,23.59,,0.0,18.83,14.7,0.8,7.88,6.53,4.91
Oct,10,22,6790,,1,1,0.77,10.0,20.14,,0.0,0.0,23.59,,0.0,0.0,0.0,0.61,6.04,6.53,3.76
Oct,10,23,6791,,1,1,0.77,11.7,20.2,,0.0,0.0,23.58,,0.0,0.0,0.0,0.61,6.04,6.53,3.76
Oct,10,24,6792,,1,1,0.77,13.3,20.28,,0.0,0.0,23.6,,0.0,0.0,0.0,0.61,6.04,6.53,3.76
Oct,11,1,6793,,1,1,0.77,11.7,20.13,,0.0,0.0,23.39,,0.0,0.0,0.0,0.61,6.04,6.53,3.76
Oct,11,2,6794,,1,1,0.77,12.8,20.17,,0.0,0.0,23.37,,0.0,0.0,0.0,0.61,6.04,6.53,3.76
Oct,11,3,6795,,1,1,0.77,13.3,20.18,,0.0,0.0,23.32,,0.0,0.0,0.0,0.61,6.04,6.53,3.76
Oct,11,4,6796,,1,1,0.77,8.3,19.75,,0.0,0.0,22.83,,0.0,0.0,0.0,0.61,6.04,6.53,3.76
Oct,11,5,6797,,1,1,0.77,5.0,19.37,,0.0,0.0,22.39,,0.0,0.0,0.0,0.61,6.04,6.53,3.76
Oct,11,6,6798,,1,1,0.77,6.1,19.3,,0.0,0.0,22.27,,0.0,0.0,0.0,0.61,6.04,6.53,3.76
Oct,11,7,6799,,1,1,1.0,7.2,18.66,,42.18,0.0,22.0,,13.9,0.0,14.7,0.8,7.88,6.53,4.91
Oct,11,8,6800,,1,1,1.0,10.6,19.34,,0.0,7.48,22.1,,0.0,1.15,14.7,0.8,7.88,6.53,4.91
Oct,11,9,6801,,1,1,1.0,13.3,19.96,,0.0,48.02,22.65,,0.0,7.84,14.7,0.8,7.88,6.53,4.91
Oct,11,10,6802,,1,1,1.0,17.8,20.87,,0.0,110.23,23.5,,0.0,20.21,14.7,0.8,7.88,6.53,4.91
Oct,11,11,6803,,1,1,1.0,22.2,21.84,,0.0,176.65,24.0,,0.0,36.4,14.7,0.8,7.88,6.53,4.91
Oct,11,12,6804,,1,1,1.0,23.9,22.54,,0.0,180.55,24.0,,0.0,38.92,14.7,0.8,7.88,6.53,4.91
Oct,11,13,6805,,1,1,1.0,25.0,22.99,,0.0,167.98,24.0,,0.0,37.33,14.7,0.8,7.88,6.53,4.91
Oct,11,14,6806,,1,1,1.0,26.7,23.56,,0.0,153.44,24.0,,0.0,35.52,14.7,0.8,7.88,6.53,4.91
Oct,11,15,6807,,1,1,1.0,26.1,23.82,,0.0,136.25,24.0,,0.0,31.08,14.7,0.8,7.88,6.53,4.91
Oct,11,16,6808,,1,1,1.0,25.6,24.04,,0.0,121.97,24.0,,0.0,27.49,14.7,0.8,7.88,6.53,4.91
Oct,11,17,6809,,1,1,1.0,23.9,24.03,,0.0,104.66,24.0,,0.0,22.56,14.7,0.8,7.88,6.53,4.91
Oct,11,18,6810,,1,1,1.0,21.1,23.8,,0.0,88.68,24.0,,0.0,17.77,14.7,0.8,7.88,6.53,4.91
Oct,11,19,6811,,1,1,1.0,20.6,23.81,,0.0,78.34,24.0,,0.0,15.5,14.7,0.8,7.88,6.53,4.91
Oct,11,20,6812,,1,1,1.0,20.0,23.8,,0.0,69.27,24.0,,0.0,13.5,14.7,0.8,7.88,6.53,4.91
Oct,11,21,6813,,1,1,1.0,18.9,23.72,,0.0,61.49,24.0,,0.0,11.62,14.7,0.8,7.88,6.53,4.91
Oct,11,22,6814,,1,1,0.77,18.3,23.74,,0.0,0.0,24.0,,0.0,0.0,0.0,0.61,6.04,6.53,3.76
Oct,11,23,6815,,1,1,0.77,14.4,23.43,,0.0,0.0,24.0,,0.0,0.0,0.0,0.61,6.04,6.53,3.76
Oct,11,24,6816,,1,1,0.77,11.7,23.14,,0.0,0.0,23.83,,0.0,0.0,0.0,0.61,6.04,6.53,3.76
Oct,12,1,6817,,1,1,0.77,10.0,22.9,,0.0,0.0,23.57,,0.0,0.0,0.0,0.61,6.04,6.53,3.76
Oct,12,2,6818,,1,1,0.77,8.3,22.62,,0.0,0.0,23.29,,0.0,0.0,0.0,0.61,6.04,6.53,3.76
Oct,12,3,6819,,1,1,0.77,10.0,22.61,,0.0,0.0,23.26,,0.0,0.0,0.0,0.61,6.04,6.53,3.76
Oct,12,4,6820,,1,1,0.77,8.9,22.39,,0.0,0.0,23.03,,0.0,0.0,0.0,0.61,6.04,6.53,3.76
Oct,12,5,6821,,1,1,0.77,9.4,22.29,,0.0,0.0,22.91,,0.0,0.0,0.0,0.61,6.04,6.53,3.76
Oct,12,6,6822,,1,1,0.77,8.3,22.06,,0.0,0.0,22.68,,0.0,0.0,0.0,0.61,6.04,6.53,3.76
Oct,12,7,6823,,1,1,1.0,10.0,21.46,,0.0,2.32,22.03,,0.0,0.35,14.7,0.8,7.88,6.53,4.91
Oct,12,8,6824,,1,1,1.0,11.1,21.89,,0.0,32.82,22.45,,0.0,5.09,14.7,0.8,7.88,6.53,4.91
Oct,12,9,6825,,1,1,1.0,13.3,22.32,,0.0,40.02,22.87,,0.0,6.54,14.7,0.8,7.88,6.53,4.91
Oct,12,10,6826,,1,1,1.0,14.4,22.59,,0.0,39.04,23.12,,0.0,6.55,14.7,0.8,7.88,6.53,4.91
Oct,12,11,6827,,1,1,1.0,16.7,23.03,,0.0,38.09,23.55,,0.0,6.78,14.7,0.8,7.88,6.53,4.91
Oct,12,12,6828,,1,1,1.0,19.4,23.59,,0.0,37.16,24.0,,0.0,7.12,14.7,0.8,7.88,6.53,4.91
Oct,12,13,6829,,1,1,1.0,21.1,24.04,,0.0,38.67,24.0,,0.0,7.75,14.7,0.8,7.88,6.53,4.91
Oct,12,14,6830,,1,1,1.0,21.7,24.37,,0.0,57.2,24.0,,0.0,11.64,14.7,0.8,7.88,6.53,4.91
Oct,12,15,6831,,1,1,1.0,22.2,24.64,,0.0,70.35,24.0,,0.0,14.5,14.7,0.8,7.88,6.53,4.91
Oct,12,16,6832,,1,1,1.0,21.7,24.73,,0.0,68.59,24.0,,0.0,13.95,14.7,0.8,7.88,6.53,4.91
Oct,12,17,6833,,1,1,1.0,18.3,24.39,,0.0,35.49,24.0,,0.0,6.59,14.7,0.8,7.88,6.53,4.91
Oct,12,18,6834,,1,1,1.0,15.0,23.95,,0.0,2.78,23.99,,0.0,0.47,14.7,0.8,7.88,6.53,4.91
Oct,12,19,6835,,1,1,1.0,14.4,23.8,,0.0,2.71,23.84,,0.0,0.45,14.7,0.8,7.88,6.53,4.91
Oct,12,20,6836,,1,1,1.0,12.8,23.51,,0.0,2.64,23.55,,0.0,0.43,14.7,0.8,7.88,6.53,4.91
Oct,12,21,6837,,1,1,1.0,11.1,23.18,,0.0,2.58,23.22,,0.0,0.4,14.7,0.8,7.88,6.53,4.91
Oct,12,22,6838,,1,1,0.77,10.6,23.41,,0.0,0.0,23.44,,0.0,0.0,0.0,0.61,6.04,6.53,3.76
Oct,12,23,6839,,1,1,0.77,8.9,23.14,,0.0,0.0,23.17,,0.0,0.0,0.0,0.61,6.04,6.53,3.76
Oct,12,24,6840,,1,1,0.77,5.6,22.71,,0.0,0.0,22.74,,0.0,0.0,0.0,0.61,6.04,6.53,3.76
Oct,13,1,6841,,1,1,0.77,2.2,22.21,,0.0,0.0,22.25,,0.0,0.0,0.0,0.61,6.04,6.53,3.76
Oct,13,2,6842,,1,1,0.77,2.8,22.0,,0.0,0.0,22.03,,0.0,0.0,0.0,0.61,6.04,6.53,3.76
Oct,13,3,6843,,1,1,0.77,3.9,21.84,,1.55,0.0,22.0,,0.55,0.0,0.0,0.61,6.04,6.53,3.76
Oct,13,4,6844,,1,1,0.77,3.3,21.56,,4.76,0.0,22.0,,1.71,0.0,0.0,0.61,6.04,6.53,3.76
Oct,13,5,6845,,1,1,0.77,4.4,21.42,,5.94,0.0,22.0,,2.08,0.0,0.0,0.61,6.04,6.53,3.76
Oct,13,6,6846,,1,1,0.77,2.2,21.03,,10.06,0.0,22.0,,3.7,0.0,0.0,0.61,6.04,6.53,3.76
Oct,13,7,6847,,1,1,1.0,4.4,20.15,,119.11,0.0,22.0,,41.75,0.0,14.7,0.8,7.88,6.53,4.91
Oct,13,8,6848,,1,1,1.0,8.9,20.71,,65.4,0.0,22.0,,20.78,0.0,14.7,0.8,7.88,6.53,4.91
Oct,13,9,6849,,1,1,1.0,10.6,21.03,,35.31,0.0,22.0,,10.82,0.0,14.7,0.8,7.88,6.53,4.91
Oct,13,10,6850,,1,1,1.0,13.3,21.6,,0.0,9.9,22.13,,0.0,1.62,14.7,0.8,7.88,6.53,4.91
Oct,13,11,6851,,1,1,1.0,14.4,22.06,,0.0,38.14,22.58,,0.0,6.4,14.7,0.8,7.88,6.53,4.91
Oct,13,12,6852,,1,1,1.0,16.7,22.43,,0.0,37.21,22.94,,0.0,6.62,14.7,0.8,7.88,6.53,4.91
Oct,13,13,6853,,1,1,1.0,16.1,22.52,,0.0,36.3,23.02,,0.0,6.36,14.7,0.8,7.88,6.53,4.91
Oct,13,14,6854,,1,1,1.0,16.1,22.7,,0.0,35.42,23.18,,0.0,6.21,14.7,0.8,7.88,6.53,4.91
Oct,13,15,6855,,1,1,1.0,16.1,22.83,,0.0,34.55,23.3,,0.0,6.05,14.7,0.8,7.88,6.53,4.91
Oct,13,16,6856,,1,1,1.0,16.7,22.97,,0.0,33.71,23.42,,0.0,6.0,14.7,0.8,7.88,6.53,4.91
Oct,13,17,6857,,1,1,1.0,13.3,22.55,,0.0,32.89,23.0,,0.0,5.37,14.7,0.8,7.88,6.53,4.91
Oct,13,18,6858,,1,1,1.0,10.6,22.11,,0.0,32.08,22.54,,0.0,4.92,14.7,0.8,7.88,6.53,4.91
Oct,13,19,6859,,1,1,1.0,7.2,21.54,,2.67,0.0,22.0,,0.88,0.0,14.7,0.8,7.88,6.53,4.91
Oct,13,20,6860,,1,1,1.0,6.7,21.27,,22.78,0.0,22.0,,7.59,0.0,14.7,0.8,7.88,6.53,4.91
Oct,13,21,6861,,1,1,1.0,5.6,20.92,,46.7,0.0,22.0,,15.94,0.0,14.7,0.8,7.88,6.53,4.91
Oct,13,22,6862,,1,1,0.77,5.0,21.22,,3.02,0.0,22.0,,1.04,0.0,0.0,0.61,6.04,6.53,3.76
Oct,13,23,6863,,1,1,0.77,5.6,21.08,,4.56,0.0,22.0,,1.56,0.0,0.0,0.61,6.04,6.53,3.76
Oct,13,24,6864,,1,1,0.77,5.0,20.85,,6.97,0.0,22.0,,2.41,0.0,0.0,0.61,6.04,6.53,3.76
Oct,14,1,6865,,1,1,0.77,6.1,20.75,,7.47,0.0,22.0,,2.52,0.0,0.0,0.61,6.04,6.53,3.76
Oct,14,2,6866,,1,1,0.77,6.1,20.59,,8.76,0.0,22.0,,2.96,0.0,0.0,0.61,6.04,6.53,3.76
Oct,14,3,6867,,1,1,0.77,3.9,20.24,,12.1,0.0,22.0,,4.29,0.0,0.0,0.61,6.04,6.53,3.76
Oct,14,4,6868,,1,1,0.77,5.0,20.14,,12.16,0.0,22.0,,4.21,0.0,0.0,0.61,6.04,6.53,3.76
Oct,14,5,6869,,1,1,0.77,2.2,19.73,,15.9,0.0,22.0,,5.85,0.0,0.0,0.61,6.04,6.53,3.76
Oct,14,6,6870,,1,1,0.77,-0.6,19.28,,19.78,0.0,22.0,,7.82,0.0,0.0,0.61,6.04,6.53,3.76
Oct,14,7,6871,,1,1,1.0,1.7,18.34,,179.93,0.0,22.0,,67.0,0.0,14.7,0.8,7.88,6.53,4.91
Oct,14,8,6872,,1,1,1.0,8.3,19.34,,88.67,0.0,22.0,,28.53,0.0,14.7,0.8,7.88,6.53,4.91
Oct,14,9,6873,,1,1,1.0,10.0,19.71,,54.22,0.0,22.0,,16.84,0.0,14.7,0.8,7.88,6.53,4.91
Oct,14,10,6874,,1,1,1.0,12.2,20.22,,13.82,0.0,22.0,,4.1,0.0,14.7,0.8,7.88,6.53,4.91
Oct,14,11,6875,,1,1,1.0,13.3,20.66,,0.0,17.03,22.23,,0.0,2.78,14.7,0.8,7.88,6.53,4.91
Oct,14,12,6876,,1,1,1.0,13.9,21.04,,0.0,42.1,22.57,,0.0,6.98,14.7,0.8,7.88,6.53,4.91
Oct,14,13,6877,,1,1,1.0,15.0,21.48,,0.0,72.19,22.98,,0.0,12.3,14.7,0.8,7.88,6.53,4.91
Oct,14,14,6878,,1,1,1.0,14.4,21.59,,0.0,77.3,23.05,,0.0,12.97,14.7,0.8,7.88,6.53,4.91
Oct,14,15,6879,,1,1,1.0,13.9,21.59,,0.0,74.25,23.01,,0.0,12.31,14.7,0.8,7.88,6.53,4.91
Oct,14,16,6880,,1,1,1.0,13.3,21.46,,0.0,62.22,22.85,,0.0,10.16,14.7,0.8,7.88,6.53,4.91
Oct,14,17,6881,,1,1,1.0,12.8,21.34,,0.0,50.99,22.69,,0.0,8.23,14.7,0.8,7.88,6.53,4.91
Oct,14,18,6882,,1,1,1.0,10.0,20.91,,0.0,17.53,22.24,,0.0,2.65,14.7,0.8,7.88,6.53,4.91
Oct,14,19,6883,,1,1,1.0,8.3,20.58,,9.64,0.0,22.0,,3.1,0.0,14.7,0.8,7.88,6.53,4.91
Oct,14,20,6884,,1,1,1.0,7.2,20.28,,32.48,0.0,22.0,,10.7,0.0,14.7,0.8,7.88,6.53,4.91
Oct,14,21,6885,,1,1,1.0,8.3,20.25,,33.49,0.0,22.0,,10.78,0.0,14.7,0.8,7.88,6.53,4.91
Oct,14,22,6886,,1,1,0.77,7.8,20.47,,1.79,0.0,22.0,,0.58,0.0,0.0,0.61,6.04,6.53,3.76
Oct,14,23,6887,,1,1,0.77,6.7,20.25,,4.58,0.0,22.0,,1.53,0.0,0.0,0.61,6.04,6.53,3.76
Oct,14,24,6888,,1,1,0.77,6.7,20.11,,6.13,0.0,22.0,,2.04,0.0,0.0,0.61,6.04,6.53,3.76
Oct,15,1,6889,,1,1,0.77,3.9,19.74,,10.3,0.0,22.0,,3.65,0.0,0.0,0.61,6.04,6.53,3.76
Oct,15,2,6890,,1,1,0.77,2.8,19.46,,12.82,0.0,22.0,,4.66,0.0,0.0,0.61,6.04,6.53,3.76
Oct,15,3,6891,,1,1,0.77,-1.1,18.93,,18.09,0.0,22.0,,7.27,0.0,0.0,0.61,6.04,6.53,3.76
Oct,15,4,6892,,1,1,0.77,-1.1,18.67,,19.59,0.0,22.0,,7.88,0.0,0.0,0.61,6.04,6.53,3.76
Oct,15,5,6893,,1,1,0.77,-0.6,18.45,,20.38,0.0,22.0,,8.06,0.0,0.0,0.61,6.04,6.53,3.76
Oct,15,6,6894,,1,1,0.77,1.7,18.39,,19.12,0.0,22.0,,7.12,0.0,0.0,0.61,6.04,6.53,3.76
Oct,15,7,6895,,1,1,1.0,3.9,17.66,,166.28,0.0,22.0,,58.93,0.0,14.7,0.8,7.88,6.53,4.91
Oct,15,8,6896,,1,1,1.0,6.1,18.13,,116.49,0.0,22.0,,39.32,0.0,14.7,0.8,7.88,6.53,4.91
Oct,15,9,6897,,1,1,1.0,10.0,18.78,,59.86,0.0,22.0,,18.59,0.0,14.7,0.8,7.88,6.53,4.91
Oct,15,10,6898,,1,1,1.0,11.7,19.27,,21.83,0.0,22.0,,6.54,0.0,14.7,0.8,7.88,6.53,4.91
Oct,15,11,6899,,1,1,1.0,13.3,19.83,,0.0,17.49,22.24,,0.0,2.86,14.7,0.8,7.88,6.53,4.91
Oct,15,12,6900,,1,1,1.0,15.0,20.43,,0.0,57.22,22.78,,0.0,9.75,14.7,0.8,7.88,6.53,4.91
Oct,15,13,6901,,1,1,1.0,16.7,21.01,,0.0,95.79,23.3,,0.0,17.05,14.7,0.8,7.88,6.53,4.91
Oct,15,14,6902,,1,1,1.0,18.9,21.64,,0.0,138.0,23.88,,0.0,26.07,14.7,0.8,7.88,6.53,4.91
Oct,15,15,6903,,1,1,1.0,18.9,21.96,,0.0,156.86,24.0,,0.0,29.64,14.7,0.8,7.88,6.53,4.91
Oct,15,16,6904,,1,1,1.0,17.8,22.01,,0.0,155.09,24.0,,0.0,28.43,14.7,0.8,7.88,6.53,4.91
Oct,15,17,6905,,1,1,1.0,15.6,21.76,,0.0,133.04,23.81,,0.0,23.01,14.7,0.8,7.88,6.53,4.91
Oct,15,18,6906,,1,1,1.0,11.1,21.17,,0.0,85.74,23.17,,0.0,13.3,14.7,0.8,7.88,6.53,4.91
Oct,15,19,6907,,1,1,1.0,10.6,21.01,,0.0,70.17,22.96,,0.0,10.76,14.7,0.8,7.88,6.53,4.91
Oct,15,20,6908,,1,1,1.0,9.4,20.75,,0.0,47.5,22.65,,0.0,7.09,14.7,0.8,7.88,6.53,4.91
Oct,15,21,6909,,1,1,1.0,9.4,20.62,,0.0,34.52,22.47,,0.0,5.15,14.7,0.8,7.88,6.53,4.91
Oct,15,22,6910,,1,1,0.77,7.2,20.68,,0.0,0.0,22.58,,0.0,0.0,0.0,0.61,6.04,6.53,3.76
Oct,15,23,6911,,1,1,0.77,4.4,20.3,,0.0,0.0,22.17,,0.0,0.0,0.0,0.61,6.04,6.53,3.76
Oct,15,24,6912,,1,1,0.77,6.1,20.26,,0.0,0.0,22.09,,0.0,0.0,0.0,0.61,6.04,6.53,3.76
Oct,16,1,6913,,1,1,0.77,5.6,20.06,,1.74,0.0,22.0,,0.59,0.0,0.0,0.61,6.04,6.53,3.76
Oct,16,2,6914,,1,1,0.77,3.9,19.76,,5.65,0.0,22.0,,2.0,0.0,0.0,0.61,6.04,6.53,3.76
Oct,16,3,6915,,1,1,0.77,5.6,19.71,,5.97,0.0,22.0,,2.04,0.0,0.0,0.61,6.04,6.53,3.76
Oct,16,4,6916,,1,1,0.77,4.4,19.46,,8.79,0.0,22.0,,3.08,0.0,0.0,0.61,6.04,6.53,3.76
Oct,16,5,6917,,1,1,0.77,5.0,19.33,,9.68,0.0,22.0,,3.35,0.0,0.0,0.61,6.04,6.53,3.76
Oct,16,6,6918,,1,1,0.77,3.3,19.03,,12.65,0.0,22.0,,4.54,0.0,0.0,0.61,6.04,6.53,3.76
Oct,16,7,6919,,1,1,1.0,5.6,18.37,,125.52,0.0,22.0,,42.85,0.0,14.7,0.8,7.88,6.53,4.91
Oct,16,8,6920,,1,1,1.0,8.3,18.92,,74.79,0.0,22.0,,24.07,0.0,14.7,0.8,7.88,6.53,4.91
Oct,16,9,6921,,1,1,1.0,11.7,19.56,,23.48,0.0,22.0,,7.03,0.0,14.7,0.8,7.88,6.53,4.91
Oct,16,10,6922,,1,1,1.0,13.3,20.12,,0.0,16.27,22.22,,0.0,2.66,14.7,0.8,7.88,6.53,4.91
Oct,16,11,6923,,1,1,1.0,15.6,20.77,,0.0,60.29,22.82,,0.0,10.43,14.7,0.8,7.88,6.53,4.91
Oct,16,12,6924,,1,1,1.0,16.7,21.3,,0.0,95.71,23.3,,0.0,17.04,14.7,0.8,7.88,6.53,4.91
Oct,16,13,6925,,1,1,1.0,17.8,21.82,,0.0,130.64,23.78,,0.0,23.95,14.7,0.8,7.88,6.53,4.91
Oct,16,14,6926,,1,1,1.0,18.3,22.22,,0.0,140.15,24.0,,0.0,26.04,14.7,0.8,7.88,6.53,4.91
Oct,16,15,6927,,1,1,1.0,18.3,22.35,,0.0,135.73,24.0,,0.0,25.22,14.7,0.8,7.88,6.53,4.91
Oct,16,16,6928,,1,1,1.0,18.3,22.45,,0.0,130.8,24.0,,0.0,24.31,14.7,0.8,7.88,6.53,4.91
Oct,16,17,6929,,1,1,1.0,15.0,22.09,,0.0,125.74,23.8,,0.0,21.42,14.7,0.8,7.88,6.53,4.91
Oct,16,18,6930,,1,1,1.0,10.6,21.49,,0.0,84.94,23.16,,0.0,13.03,14.7,0.8,7.88,6.53,4.91
Oct,16,19,6931,,1,1,1.0,7.8,21.01,,0.0,46.84,22.64,,0.0,6.75,14.7,0.8,7.88,6.53,4.91
Oct,16,20,6932,,1,1,1.0,6.1,20.61,,0.0,15.01,22.2,,0.0,2.09,14.7,0.8,7.88,6.53,4.91
Oct,16,21,6933,,1,1,1.0,5.6,20.34,,7.79,0.0,22.0,,2.66,0.0,14.7,0.8,7.88,6.53,4.91
Oct,16,22,6934,,1,1,0.77,3.3,20.49,,0.0,0.0,22.09,,0.0,0.0,0.0,0.61,6.04,6.53,3.76
Oct,16,23,6935,,1,1,0.77,5.0,20.42,,0.09,0.0,22.0,,0.03,0.0,0.0,0.61,6.04,6.53,3.76
Oct,16,24,6936,,1,1,0.77,5.6,20.29,,2.02,0.0,22.0,,0.69,0.0,0.0,0.61,6.04,6.53,3.76
Oct,17,1,6937,,1,1,0.77,3.9,19.98,,5.89,0.0,22.0,,2.09,0.0,0.0,0.61,6.04,6.53,3.76
Oct,17,2,6938,,1,1,0.77,3.9,19.79,,7.89,0.0,22.0,,2.8,0.0,0.0,0.61,6.04,6.53,3.76
Oct,17,3,6939,,1,1,0.77,3.3,19.55,,10.24,0.0,22.0,,3.68,0.0,0.0,0.61,6.04,6.53,3.76
Oct,17,4,6940,,1,1,0.77,2.8,19.32,,12.3,0.0,22.0,,4.47,0.0,0.0,0.61,6.04,6.53,3.76
Oct,17,5,6941,,1,1,0.77,3.9,19.21,,12.58,0.0,22.0,,4.46,0.0,0.0,0.61,6.04,6.53,3.76
Oct,17,6,6942,,1,1,0.77,3.9,19.03,,13.68,0.0,22.0,,4.85,0.0,0.0,0.61,6.04,6.53,3.76
Oct,17,7,6943,,1,1,1.0,5.6,18.34,,133.3,0.0,22.0,,45.5,0.0,14.7,0.8,7.88,6.53,4.91
Oct,17,8,6944,,1,1,1.0,9.4,19.08,,66.79,0.0,22.0,,21.0,0.0,14.7,0.8,7.88,6.53,4.91
Oct,17,9,6945,,1,1,1.0,12.2,19.66,,20.73,0.0,22.0,,6.14,0.0,14.7,0.8,7.88,6.53,4.91
Oct,17,10,6946,,1,1,1.0,14.4,20.26,,0.0,22.31,22.3,,0.0,3.74,14.7,0.8,7.88,6.53,4.91
Oct,17,11,6947,,1,1,1.0,15.6,20.79,,0.0,57.33,22.78,,0.0,9.92,14.7,0.8,7.88,6.53,4.91
Oct,17,12,6948,,1,1,1.0,17.8,21.47,,0.0,103.35,23.41,,0.0,18.94,14.7,0.8,7.88,6.53,4.91
Oct,17,13,6949,,1,1,1.0,18.3,21.95,,0.0,135.71,23.85,,0.0,25.22,14.7,0.8,7.88,6.53,4.91
Oct,17,14,6950,,1,1,1.0,19.4,22.45,,0.0,135.68,24.0,,0.0,26.0,14.7,0.8,7.88,6.53,4.91
Oct,17,15,6951,,1,1,1.0,20.0,22.69,,0.0,129.97,24.0,,0.0,25.34,14.7,0.8,7.88,6.53,4.91
Oct,17,16,6952,,1,1,1.0,19.4,22.77,,0.0,123.09,24.0,,0.0,23.59,14.7,0.8,7.88,6.53,4.91
Oct,17,17,6953,,1,1,1.0,17.2,22.56,,0.0,116.47,24.0,,0.0,21.01,14.7,0.8,7.88,6.53,4.91
Oct,17,18,6954,,1,1,1.0,13.3,22.07,,0.0,112.41,23.6,,0.0,18.36,14.7,0.8,7.88,6.53,4.91
Oct,17,19,6955,,1,1,1.0,10.6,21.65,,0.0,84.18,23.15,,0.0,12.91,14.7,0.8,7.88,6.53,4.91
Oct,17,20,6956,,1,1,1.0,8.9,21.31,,0.0,56.45,22.77,,0.0,8.34,14.7,0.8,7.88,6.53,4.91
Oct,17,21,6957,,1,1,1.0,10.6,21.37,,0.0,58.36,22.79,,0.0,8.95,14.7,0.8,7.88,6.53,4.91
Oct,17,22,6958,,1,1,0.77,5.0,21.14,,0.0,0.0,22.6,,0.0,0.0,0.0,0.61,6.04,6.53,3.76
Oct,17,23,6959,,1,1,0.77,8.3,21.22,,0.0,0.0,22.65,,0.0,0.0,0.0,0.61,6.04,6.53,3.76
Oct,17,24,6960,,1,1,0.77,7.8,21.05,,0.0,0.0,22.45,,0.0,0.0,0.0,0.61,6.04,6.53,3.76
Oct,18,1,6961,,1,1,0.77,7.8,20.91,,0.0,0.0,22.29,,0.0,0.0,0.0,0.61,6.04,6.53,3.76
Oct,18,2,6962,,1,1,0.77,7.8,20.77,,0.0,0.0,22.13,,0.0,0.0,0.0,0.61,6.04,6.53,3.76
Oct,18,3,6963,,1,1,0.77,8.3,20.68,,0.0,0.0,22.01,,0.0,0.0,0.0,0.61,6.04,6.53,3.76
Oct,18,4,6964,,1,1,0.77,7.8,20.52,,2.19,0.0,22.0,,0.71,0.0,0.0,0.61,6.04,6.53,3.76
Oct,18,5,6965,,1,1,0.77,7.8,20.39,,3.81,0.0,22.0,,1.24,0.0,0.0,0.61,6.04,6.53,3.76
Oct,18,6,6966,,1,1,0.77,7.2,20.21,,5.82,0.0,22.0,,1.92,0.0,0.0,0.61,6.04,6.53,3.76
Oct,18,7,6967,,1,1,1.0,8.9,19.66,,78.23,0.0,22.0,,24.86,0.0,14.7,0.8,7.88,6.53,4.91
Oct,18,8,6968,,1,1,1.0,11.7,20.29,,25.8,0.0,22.0,,7.73,0.0,14.7,0.8,7.88,6.53,4.91
Oct,18,9,6969,,1,1,1.0,15.0,20.97,,0.0,24.67,22.34,,0.0,4.2,14.7,0.8,7.88,6.53,4.91
Oct,18,10,6970,,1,1,1.0,17.8,21.65,,0.0,72.34,22.98,,0.0,13.26,14.7,0.8,7.88,6.53,4.91
Oct,18,11,6971,,1,1,1.0,20.6,22.44,,0.0,95.7,23.74,,0.0,18.93,14.7,0.8,7.88,6.53,4.91
Oct,18,12,6972,,1,1,1.0,22.8,22.99,,0.0,93.36,24.0,,0.0,19.54,14.7,0.8,7.88,6.53,4.91
Oct,18,13,6973,,1,1,1.0,24.4,23.55,,0.0,88.94,24.0,,0.0,19.44,14.7,0.8,7.88,6.53,4.91
Oct,18,14,6974,,1,1,1.0,25.0,24.0,,0.0,80.91,24.0,,0.0,17.98,14.7,0.8,7.88,6.53,4.91
Oct,18,15,6975,,1,1,1.0,25.6,24.37,,0.0,96.82,24.0,,0.0,21.82,14.7,0.8,7.88,6.53,4.91
Oct,18,16,6976,,1,1,1.0,24.4,24.48,,0.0,92.63,24.0,,0.0,20.24,14.7,0.8,7.88,6.53,4.91
Oct,18,17,6977,,1,1,1.0,20.6,24.15,,0.0,56.71,24.0,,0.0,11.22,14.7,0.8,7.88,6.53,4.91
Oct,18,18,6978,,1,1,1.0,16.7,23.7,,0.0,38.12,24.0,,0.0,6.79,14.7,0.8,7.88,6.53,4.91
Oct,18,19,6979,,1,1,1.0,16.1,23.6,,0.0,35.41,24.0,,0.0,6.2,14.7,0.8,7.88,6.53,4.91
Oct,18,20,6980,,1,1,1.0,10.6,22.86,,0.0,33.9,23.32,,0.0,5.2,14.7,0.8,7.88,6.53,4.91
Oct,18,21,6981,,1,1,1.0,9.4,22.55,,0.0,33.07,23.0,,0.0,4.94,14.7,0.8,7.88,6.53,4.91
Oct,18,22,6982,,1,1,0.77,12.2,23.08,,0.0,0.0,23.54,,0.0,0.0,0.0,0.61,6.04,6.53,3.76
Oct,18,23,6983,,1,1,0.77,10.6,22.85,,0.0,0.0,23.3,,0.0,0.0,0.0,0.61,6.04,6.53,3.76
Oct,18,24,6984,,1,1,0.77,11.1,22.77,,0.0,0.0,23.22,,0.0,0.0,0.0,0.61,6.04,6.53,3.76
Oct,19,1,6985,,1,1,0.77,8.9,22.48,,0.0,0.0,22.92,,0.0,0.0,0.0,0.61,6.04,6.53,3.76
Oct,19,2,6986,,1,1,0.77,8.9,22.34,,0.0,0.0,22.76,,0.0,0.0,0.0,0.61,6.04,6.53,3.76
Oct,19,3,6987,,1,1,0.77,8.9,22.19,,0.0,0.0,22.61,,0.0,0.0,0.0,0.61,6.04,6.53,3.76
Oct,19,4,6988,,1,1,0.77,10.6,22.19,,0.0,0.0,22.61,,0.0,0.0,0.0,0.61,6.04,6.53,3.76
Oct,19,5,6989,,1,1,0.77,8.9,21.95,,0.0,0.0,22.35,,0.0,0.0,0.0,0.61,6.04,6.53,3.76
Oct,19,6,6990,,1,1,0.77,8.9,21.81,,0.0,0.0,22.21,,0.0,0.0,0.0,0.61,6.04,6.53,3.76
Oct,19,7,6991,,1,1,1.0,10.6,21.28,,25.83,0.0,22.0,,7.92,0.0,14.7,0.8,7.88,6.53,4.91
Oct,19,8,6992,,1,1,1.0,12.8,21.71,,0.0,7.86,22.11,,0.0,1.27,14.7,0.8,7.88,6.53,4.91
Oct,19,9,6993,,1,1,1.0,16.1,22.4,,0.0,28.72,22.79,,0.0,5.03,14.7,0.8,7.88,6.53,4.91
Oct,19,10,6994,,1,1,1.0,20.0,23.04,,0.0,28.02,23.42,,0.0,5.46,14.7,0.8,7.88,6.53,4.91
Oct,19,11,6995,,1,1,1.0,21.1,23.51,,0.0,27.33,23.88,,0.0,5.48,14.7,0.8,7.88,6.53,4.91
Oct,19,12,6996,,1,1,1.0,22.2,23.94,,0.0,26.67,24.0,,0.0,5.5,14.7,0.8,7.88,6.53,4.91
Oct,19,13,6997,,1,1,1.0,22.8,24.29,,0.0,45.2,24.0,,0.0,9.46,14.7,0.8,7.88,6.53,4.91
Oct,19,14,6998,,1,1,1.0,22.2,24.49,,0.0,53.63,24.0,,0.0,11.05,14.7,0.8,7.88,6.53,4.91
Oct,19,15,6999,,1,1,1.0,21.7,24.62,,0.0,57.19,24.0,,0.0,11.63,14.7,0.8,7.88,6.53,4.91
Oct,19,16,7000,,1,1,1.0,21.7,24.69,,0.0,55.69,24.0,,0.0,11.33,14.7,0.8,7.88,6.53,4.91
Oct,19,17,7001,,1,1,1.0,18.3,24.33,,0.0,23.15,24.0,,0.0,4.3,14.7,0.8,7.88,6.53,4.91
Oct,19,18,7002,,1,1,1.0,15.6,23.98,,3.2,0.0,23.93,,0.9,0.0,14.7,0.8,7.88,6.53,4.91
Oct,19,19,7003,,1,1,1.0,15.0,23.85,,3.12,0.0,23.8,,0.87,0.0,14.7,0.8,7.88,6.53,4.91
Oct,19,20,7004,,1,1,1.0,13.9,23.64,,3.04,0.0,23.59,,0.87,0.0,14.7,0.8,7.88,6.53,4.91
Oct,19,21,7005,,1,1,1.0,12.2,23.33,,2.97,0.0,23.28,,0.88,0.0,14.7,0.8,7.88,6.53,4.91
Oct,19,22,7006,,1,1,0.77,13.3,23.66,,0.0,0.0,23.61,,0.0,0.0,0.0,0.61,6.04,6.53,3.76
Oct,19,23,7007,,1,1,0.77,12.8,23.54,,0.0,0.0,23.49,,0.0,0.0,0.0,0.61,6.04,6.53,3.76
Oct,19,24,7008,,1,1,0.77,10.0,23.21,,0.0,0.0,23.16,,0.0,0.0,0.0,0.61,6.04,6.53,3.76
Oct,20,1,7009,,1,1,0.77,7.8,22.89,,0.0,0.0,22.84,,0.0,0.0,0.0,0.61,6.04,6.53,3.76
Oct,20,2,7010,,1,1,0.77,7.8,22.72,,0.0,0.0,22.67,,0.0,0.0,0.0,0.61,6.04,6.53,3.76
Oct,20,3,7011,,1,1,0.77,6.7,22.46,,0.0,0.0,22.41,,0.0,0.0,0.0,0.61,6.04,6.53,3.76
Oct,20,4,7012,,1,1,0.77,6.1,22.22,,0.0,0.0,22.18,,0.0,0.0,0.0,0.61,6.04,6.53,3.76
Oct,20,5,7013,,1,1,0.77,7.2,22.12,,0.0,0.0,22.08,,0.0,0.0,0.0,0.61,6.04,6.53,3.76
Oct,20,6,7014,,1,1,0.77,3.3,21.63,,5.07,0.0,22.0,,1.82,0.0,0.0,0.61,6.04,6.53,3.76
Oct,20,7,7015,,1,1,1.0,5.6,20.85,,84.35,0.0,22.0,,28.79,0.0,14.7,0.8,7.88,6.53,4.91
Oct,20,8,7016,,1,1,1.0,8.9,21.45,,30.58,0.0,22.0,,9.72,0.0,14.7,0.8,7.88,6.53,4.91
Oct,20,9,7017,,1,1,1.0,10.6,21.83,,0.0,0.31,22.0,,0.0,0.05,14.7,0.8,7.88,6.53,4.91
Oct,20,10,7018,,1,1,1.0,12.2,22.3,,0.0,12.6,22.48,,0.0,2.01,14.7,0.8,7.88,6.53,4.91
Oct,20,11,7019,,1,1,1.0,13.9,22.57,,0.0,12.29,22.74,,0.0,2.04,14.7,0.8,7.88,6.53,4.91
Oct,20,12,7020,,1,1,1.0,15.6,22.92,,0.0,11.99,23.08,,0.0,2.07,14.7,0.8,7.88,6.53,4.91
Oct,20,13,7021,,1,1,1.0,17.8,23.38,,0.0,11.69,23.54,,0.0,2.14,14.7,0.8,7.88,6.53,4.91
Oct,20,14,7022,,1,1,1.0,18.9,23.7,,0.0,11.41,23.85,,0.0,2.16,14.7,0.8,7.88,6.53,4.91
Oct,20,15,7023,,1,1,1.0,20.0,23.99,,0.0,11.13,24.0,,0.0,2.17,14.7,0.8,7.88,6.53,4.91
Oct,20,16,7024,,1,1,1.0,19.4,24.03,,0.0,11.79,24.0,,0.0,2.26,14.7,0.8,7.88,6.53,4.91
Oct,20,17,7025,,1,1,1.0,17.2,23.8,,0.0,8.14,23.91,,0.0,1.47,14.7,0.8,7.88,6.53,4.91
Oct,20,18,7026,,1,1,1.0,13.3,23.27,,0.0,7.94,23.38,,0.0,1.3,14.7,0.8,7.88,6.53,4.91
Oct,20,19,7027,,1,1,1.0,8.9,22.61,,0.0,7.74,22.72,,0.0,1.14,14.7,0.8,7.88,6.53,4.91
Oct,20,20,7028,,1,1,1.0,7.8,22.28,,0.0,7.56,22.39,,0.0,1.09,14.7,0.8,7.88,6.53,4.91
Oct,20,21,7029,,1,1,1.0,10.6,22.43,,0.0,7.37,22.54,,0.0,1.13,14.7,0.8,7.88,6.53,4.91
Oct,20,22,7030,,1,1,0.77,7.8,22.46,,0.0,0.0,22.57,,0.0,0.0,0.0,0.61,6.04,6.53,3.76
Oct,20,23,7031,,1,1,0.77,11.1,22.57,,0.0,0.0,22.67,,0.0,0.0,0.0,0.61,6.04,6.53,3.76
Oct,20,24,7032,,1,1,0.77,11.1,22.47,,0.0,0.0,22.57,,0.0,0.0,0.0,0.61,6.04,6.53,3.76
Oct,21,1,7033,,1,1,0.77,10.6,22.32,,0.0,0.0,22.42,,0.0,0.0,0.0,0.61,6.04,6.53,3.76
Oct,21,2,7034,,1,1,0.77,11.1,22.25,,0.0,0.0,22.35,,0.0,0.0,0.0,0.61,6.04,6.53,3.76
Oct,21,3,7035,,1,1,0.77,7.2,21.83,,0.94,0.0,22.0,,0.31,0.0,0.0,0.61,6.04,6.53,3.76
Oct,21,4,7036,,1,1,0.77,3.9,21.39,,6.2,0.0,22.0,,2.2,0.0,0.0,0.61,6.04,6.53,3.76
Oct,21,5,7037,,1,1,0.77,3.9,21.17,,8.17,0.0,22.0,,2.9,0.0,0.0,0.61,6.04,6.53,3.76
Oct,21,6,7038,,1,1,0.77,5.0,21.05,,8.75,0.0,22.0,,3.03,0.0,0.0,0.61,6.04,6.53,3.76
Oct,21,7,7039,,1,1,1.0,5.0,20.11,,116.92,0.0,22.0,,40.46,0.0,14.7,0.8,7.88,6.53,4.91
Oct,21,8,7040,,1,1,1.0,8.3,20.67,,63.42,0.0,22.0,,20.41,0.0,14.7,0.8,7.88,6.53,4.91
Oct,21,9,7041,,1,1,1.0,12.2,21.31,,10.31,0.0,22.0,,3.06,0.0,14.7,0.8,7.88,6.53,4.91
Oct,21,10,7042,,1,1,1.0,16.7,22.16,,0.0,40.59,22.71,,0.0,7.22,14.7,0.8,7.88,6.53,4.91
Oct,21,11,7043,,1,1,1.0,20.0,22.78,,0.0,39.6,23.31,,0.0,7.72,14.7,0.8,7.88,6.53,4.91
Oct,21,12,7044,,1,1,1.0,22.2,23.34,,0.0,38.64,23.86,,0.0,7.96,14.7,0.8,7.88,6.53,4.91
Oct,21,13,7045,,1,1,1.0,22.8,23.72,,0.0,37.69,24.0,,0.0,7.89,14.7,0.8,7.88,6.53,4.91
Oct,21,14,7046,,1,1,1.0,22.8,24.01,,0.0,35.7,24.0,,0.0,7.47,14.7,0.8,7.88,6.53,4.91
Oct,21,15,7047,,1,1,1.0,22.2,24.19,,0.0,43.77,24.0,,0.0,9.02,14.7,0.8,7.88,6.53,4.91
Oct,21,16,7048,,1,1,1.0,20.6,24.13,,0.0,34.06,24.0,,0.0,6.74,14.7,0.8,7.88,6.53,4.91
Oct,21,17,7049,,1,1,1.0,18.3,23.88,,0.0,20.06,24.0,,0.0,3.73,14.7,0.8,7.88,6.53,4.91
Oct,21,18,7050,,1,1,1.0,15.6,23.54,,0.0,18.32,23.79,,0.0,3.17,14.7,0.8,7.88,6.53,4.91
Oct,21,19,7051,,1,1,1.0,13.3,23.2,,0.0,17.87,23.44,,0.0,2.92,14.7,0.8,7.88,6.53,4.91
Oct,21,20,7052,,1,1,1.0,13.9,23.18,,0.0,17.44,23.42,,0.0,2.89,14.7,0.8,7.88,6.53,4.91
Oct,21,21,7053,,1,1,1.0,13.9,23.1,,0.0,17.01,23.33,,0.0,2.82,14.7,0.8,7.88,6.53,4.91
Oct,21,22,7054,,1,1,0.77,12.2,23.15,,0.0,0.0,23.39,,0.0,0.0,0.0,0.61,6.04,6.53,3.76
Oct,21,23,7055,,1,1,0.77,11.1,22.97,,0.0,0.0,23.2,,0.0,0.0,0.0,0.61,6.04,6.53,3.76
Oct,21,24,7056,,1,1,0.77,10.0,22.76,,0.0,0.0,22.99,,0.0,0.0,0.0,0.61,6.04,6.53,3.76
Oct,22,1,7057,,1,1,0.77,9.4,22.58,,0.0,0.0,22.81,,0.0,0.0,0.0,0.61,6.04,6.53,3.76
Oct,22,2,7058,,1,1,0.77,7.8,22.31,,0.0,0.0,22.53,,0.0,0.0,0.0,0.61,6.04,6.53,3.76
Oct,22,3,7059,,1,1,0.77,7.2,22.1,,0.0,0.0,22.32,,0.0,0.0,0.0,0.61,6.04,6.53,3.76
Oct,22,4,7060,,1,1,0.77,6.1,21.84,,0.0,0.0,22.05,,0.0,0.0,0.0,0.61,6.04,6.53,3.76
Oct,22,5,7061,,1,1,0.77,6.7,21.7,,1.06,0.0,22.0,,0.35,0.0,0.0,0.61,6.04,6.53,3.76
Oct,22,6,7062,,1,1,0.77,5.0,21.39,,4.81,0.0,22.0,,1.66,0.0,0.0,0.61,6.04,6.53,3.76
Oct,22,7,7063,,1,1,1.0,6.7,20.61,,84.11,0.0,22.0,,28.02,0.0,14.7,0.8,7.88,6.53,4.91
Oct,22,8,7064,,1,1,1.0,6.7,20.63,,73.56,0.0,22.0,,24.5,0.0,14.7,0.8,7.88,6.53,4.91
Oct,22,9,7065,,1,1,1.0,5.6,20.33,,88.64,0.0,22.0,,30.26,0.0,14.7,0.8,7.88,6.53,4.91
Oct,22,10,7066,,1,1,1.0,5.0,20.09,,97.19,0.0,22.0,,33.63,0.0,14.7,0.8,7.88,6.53,4.91
Oct,22,11,7067,,1,1,1.0,5.6,20.0,,94.13,0.0,22.0,,32.13,0.0,14.7,0.8,7.88,6.53,4.91
Oct,22,12,7068,,1,1,1.0,5.0,19.77,,101.34,0.0,22.0,,35.07,0.0,14.7,0.8,7.88,6.53,4.91
Oct,22,13,7069,,1,1,1.0,5.0,19.61,,103.39,0.0,22.0,,35.78,0.0,14.7,0.8,7.88,6.53,4.91
Oct,22,14,7070,,1,1,1.0,5.0,19.45,,106.06,0.0,22.0,,36.7,0.0,14.7,0.8,7.88,6.53,4.91
Oct,22,15,7071,,1,1,1.0,5.0,19.27,,109.48,0.0,22.0,,37.88,0.0,14.7,0.8,7.88,6.53,4.91
Oct,22,16,7072,,1,1,1.0,4.4,19.0,,119.37,0.0,22.0,,41.84,0.0,14.7,0.8,7.88,6.53,4.91
Oct,22,17,7073,,1,1,1.0,4.4,18.79,,124.0,0.0,22.0,,43.47,0.0,14.7,0.8,7.88,6.53,4.91
Oct,22,18,7074,,1,1,1.0,4.4,18.58,,128.11,0.0,22.0,,44.91,0.0,14.7,0.8,7.88,6.53,4.91
Oct,22,19,7075,,1,1,1.0,3.9,18.32,,136.26,0.0,22.0,,48.29,0.0,14.7,0.8,7.88,6.53,4.91
Oct,22,20,7076,,1,1,1.0,3.9,18.11,,139.49,0.0,22.0,,49.43,0.0,14.7,0.8,7.88,6.53,4.91
Oct,22,21,7077,,1,1,1.0,3.9,17.91,,142.29,0.0,22.0,,50.43,0.0,14.7,0.8,7.88,6.53,4.91
Oct,22,22,7078,,1,1,0.77,3.9,18.23,,16.36,0.0,22.0,,5.8,0.0,0.0,0.61,6.04,6.53,3.76
Oct,22,23,7079,,1,1,0.77,3.9,18.07,,16.95,0.0,22.0,,6.01,0.0,0.0,0.61,6.04,6.53,3.76
Oct,22,24,7080,,1,1,0.77,3.9,17.91,,17.46,0.0,22.0,,6.19,0.0,0.0,0.61,6.04,6.53,3.76
Oct,23,1,7081,,1,1,0.77,4.4,17.8,,17.4,0.0,22.0,,6.1,0.0,0.0,0.61,6.04,6.53,3.76
Oct,23,2,7082,,1,1,0.77,3.9,17.62,,18.24,0.0,22.0,,6.46,0.0,0.0,0.61,6.04,6.53,3.76
Oct,23,3,7083,,1,1,0.77,4.4,17.51,,18.07,0.0,22.0,,6.33,0.0,0.0,0.61,6.04,6.53,3.76
Oct,23,4,7084,,1,1,0.77,4.4,17.38,,18.32,0.0,22.0,,6.42,0.0,0.0,0.61,6.04,6.53,3.76
Oct,23,5,7085,,1,1,0.77,4.4,17.24,,18.53,0.0,22.0,,6.5,0.0,0.0,0.61,6.04,6.53,3.76
Oct,23,6,7086,,1,1,0.77,4.4,17.11,,18.71,0.0,22.0,,6.56,0.0,0.0,0.61,6.04,6.53,3.76
Oct,23,7,7087,,1,1,1.0,5.0,16.44,,165.98,0.0,22.0,,57.43,0.0,14.7,0.8,7.88,6.53,4.91
Oct,23,8,7088,,1,1,1.0,5.0,16.49,,149.92,0.0,22.0,,51.88,0.0,14.7,0.8,7.88,6.53,4.91
Oct,23,9,7089,,1,1,1.0,6.1,16.55,,134.79,0.0,22.0,,45.5,0.0,14.7,0.8,7.88,6.53,4.91
Oct,23,10,7090,,1,1,1.0,7.8,16.88,,102.24,0.0,22.0,,33.25,0.0,14.7,0.8,7.88,6.53,4.91
Oct,23,11,7091,,1,1,1.0,8.9,17.14,,78.45,0.0,22.0,,24.93,0.0,14.7,0.8,7.88,6.53,4.91
Oct,23,12,7092,,1,1,1.0,10.0,17.42,,55.85,0.0,22.0,,17.34,0.0,14.7,0.8,7.88,6.53,4.91
Oct,23,13,7093,,1,1,1.0,11.7,17.83,,26.29,0.0,22.0,,7.87,0.0,14.7,0.8,7.88,6.53,4.91
Oct,23,14,7094,,1,1,1.0,12.8,18.24,,0.37,0.0,22.0,,0.11,0.0,14.7,0.8,7.88,6.53,4.91
Oct,23,15,7095,,1,1,1.0,12.8,18.32,,0.91,0.0,22.0,,0.27,0.0,14.7,0.8,7.88,6.53,4.91
Oct,23,16,7096,,1,1,1.0,13.9,18.48,,0.0,3.91,22.05,,0.0,0.65,14.7,0.8,7.88,6.53,4.91
Oct,23,17,7097,,1,1,1.0,9.4,17.93,,42.87,0.0,22.0,,13.48,0.0,14.7,0.8,7.88,6.53,4.91
Oct,23,18,7098,,1,1,1.0,7.8,17.66,,64.03,0.0,22.0,,20.82,0.0,14.7,0.8,7.88,6.53,4.91
Oct,23,19,7099,,1,1,1.0,7.8,17.56,,70.05,0.0,22.0,,22.78,0.0,14.7,0.8,7.88,6.53,4.91
Oct,23,20,7100,,1,1,1.0,7.8,17.47,,75.25,0.0,22.0,,24.47,0.0,14.7,0.8,7.88,6.53,4.91
Oct,23,21,7101,,1,1,1.0,8.9,17.52,,69.4,0.0,22.0,,22.05,0.0,14.7,0.8,7.88,6.53,4.91
Oct,23,22,7102,,1,1,0.77,8.9,17.7,,6.93,0.0,22.0,,2.2,0.0,0.0,0.61,6.04,6.53,3.76
Oct,23,23,7103,,1,1,0.77,8.9,17.64,,7.65,0.0,22.0,,2.43,0.0,0.0,0.61,6.04,6.53,3.76
Oct,23,24,7104,,1,1,0.77,8.3,17.54,,8.89,0.0,22.0,,2.86,0.0,0.0,0.61,6.04,6.53,3.76
Oct,24,1,7105,,1,1,0.77,8.9,17.53,,8.88,0.0,22.0,,2.82,0.0,0.0,0.61,6.04,6.53,3.76
Oct,24,2,7106,,1,1,0.77,8.9,17.47,,9.34,0.0,22.0,,2.97,0.0,0.0,0.61,6.04,6.53,3.76
Oct,24,3,7107,,1,1,0.77,8.9,17.42,,9.74,0.0,22.0,,3.09,0.0,0.0,0.61,6.04,6.53,3.76
Oct,24,4,7108,,1,1,0.77,8.9,17.37,,10.09,0.0,22.0,,3.21,0.0,0.0,0.61,6.04,6.53,3.76
Oct,24,5,7109,,1,1,0.77,7.8,17.23,,11.5,0.0,22.0,,3.74,0.0,0.0,0.61,6.04,6.53,3.76
Oct,24,6,7110,,1,1,0.77,5.6,16.98,,14.09,0.0,22.0,,4.81,0.0,0.0,0.61,6.04,6.53,3.76
Oct,24,7,7111,,1,1,1.0,6.1,16.38,,138.2,0.0,22.0,,46.65,0.0,14.7,0.8,7.88,6.53,4.91
Oct,24,8,7112,,1,1,1.0,6.7,16.53,,119.02,0.0,22.0,,39.64,0.0,14.7,0.8,7.88,6.53,4.91
Oct,24,9,7113,,1,1,1.0,7.2,16.71,,99.41,0.0,22.0,,32.75,0.0,14.7,0.8,7.88,6.53,4.91
Oct,24,10,7114,,1,1,1.0,8.0,16.77,,91.11,0.0,22.0,,29.5,0.0,14.7,0.8,7.88,6.53,4.91
Oct,24,11,7115,,1,1,1.0,11.7,17.61,,26.24,0.0,22.0,,7.86,0.0,14.7,0.8,7.88,6.53,4.91
Oct,24,12,7116,,1,1,1.0,12.8,18.17,,0.0,10.33,22.14,,0.0,1.67,14.7,0.8,7.88,6.53,4.91
Oct,24,13,7117,,1,1,1.0,14.4,18.74,,0.0,45.59,22.62,,0.0,7.65,14.7,0.8,7.88,6.53,4.91
Oct,24,14,7118,,1,1,1.0,15.6,19.26,,0.0,76.46,23.04,,0.0,13.23,14.7,0.8,7.88,6.53,4.91
Oct,24,15,7119,,1,1,1.0,15.6,19.55,,0.0,91.2,23.24,,0.0,15.78,14.7,0.8,7.88,6.53,4.91
Oct,24,16,7120,,1,1,1.0,15.6,19.68,,0.0,94.38,23.28,,0.0,16.33,14.7,0.8,7.88,6.53,4.91
Oct,24,17,7121,,1,1,1.0,13.3,19.39,,0.0,66.46,22.9,,0.0,10.86,14.7,0.8,7.88,6.53,4.91
Oct,24,18,7122,,1,1,1.0,11.1,19.11,,0.0,39.23,22.53,,0.0,6.09,14.7,0.8,7.88,6.53,4.91
Oct,24,19,7123,,1,1,1.0,10.6,18.99,,0.0,24.8,22.34,,0.0,3.8,14.7,0.8,7.88,6.53,4.91
Oct,24,20,7124,,1,1,1.0,10.0,18.86,,0.0,8.88,22.12,,0.0,1.34,14.7,0.8,7.88,6.53,4.91
Oct,24,21,7125,,1,1,1.0,8.9,18.65,,12.43,0.0,22.0,,3.95,0.0,14.7,0.8,7.88,6.53,4.91
Oct,24,22,7126,,1,1,0.77,8.3,18.8,,0.0,0.0,22.09,,0.0,0.0,0.0,0.61,6.04,6.53,3.76
Oct,24,23,7127,,1,1,0.77,3.9,18.35,,5.17,0.0,22.0,,1.83,0.0,0.0,0.61,6.04,6.53,3.76
Oct,24,24,7128,,1,1,0.77,4.4,18.23,,6.77,0.0,22.0,,2.37,0.0,0.0,0.61,6.04,6.53,3.76
Oct,25,1,7129,,1,1,0.77,3.9,18.04,,9.05,0.0,22.0,,3.21,0.0,0.0,0.61,6.04,6.53,3.76
Oct,25,2,7130,,1,1,0.77,3.3,17.84,,11.24,0.0,22.0,,4.04,0.0,0.0,0.61,6.04,6.53,3.76
Oct,25,3,7131,,1,1,0.77,6.1,17.91,,9.82,0.0,22.0,,3.31,0.0,0.0,0.61,6.04,6.53,3.76
Oct,25,4,7132,,1,1,0.77,5.0,17.7,,11.91,0.0,22.0,,4.12,0.0,0.0,0.61,6.04,6.53,3.76
Oct,25,5,7133,,1,1,0.77,5.0,17.57,,12.85,0.0,22.0,,4.45,0.0,0.0,0.61,6.04,6.53,3.76
Oct,25,6,7134,,1,1,0.77,5.6,17.5,,13.06,0.0,22.0,,4.46,0.0,0.0,0.61,6.04,6.53,3.76
Oct,25,7,7135,,1,1,1.0,6.1,16.89,,131.08,0.0,22.0,,44.24,0.0,14.7,0.8,7.88,6.53,4.91
Oct,25,8,7136,,1,1,1.0,8.3,17.41,,84.52,0.0,22.0,,27.2,0.0,14.7,0.8,7.88,6.53,4.91
Oct,25,9,7137,,1,1,1.0,11.1,18.0,,38.01,0.0,22.0,,11.53,0.0,14.7,0.8,7.88,6.53,4.91
Oct,25,10,7138,,1,1,1.0,13.3,18.67,,0.0,9.22,22.13,,0.0,1.51,14.7,0.8,7.88,6.53,4.91
Oct,25,11,7139,,1,1,1.0,14.4,19.23,,0.0,44.47,22.61,,0.0,7.46,14.7,0.8,7.88,6.53,4.91
Oct,25,12,7140,,1,1,1.0,16.1,19.83,,0.0,82.31,23.12,,0.0,14.42,14.7,0.8,7.88,6.53,4.91
Oct,25,13,7141,,1,1,1.0,15.6,20.21,,0.0,104.53,23.42,,0.0,18.08,14.7,0.8,7.88,6.53,4.91
Oct,25,14,7142,,1,1,1.0,16.1,20.65,,0.0,130.82,23.78,,0.0,22.92,14.7,0.8,7.88,6.53,4.91
Oct,25,15,7143,,1,1,1.0,16.7,20.95,,0.0,147.5,24.0,,0.0,26.25,14.7,0.8,7.88,6.53,4.91
Oct,25,16,7144,,1,1,1.0,15.0,20.94,,0.0,140.89,23.92,,0.0,24.0,14.7,0.8,7.88,6.53,4.91
Oct,25,17,7145,,1,1,1.0,13.9,20.73,,0.0,120.44,23.64,,0.0,19.97,14.7,0.8,7.88,6.53,4.91
Oct,25,18,7146,,1,1,1.0,11.7,20.43,,0.0,93.04,23.27,,0.0,14.63,14.7,0.8,7.88,6.53,4.91
Oct,25,19,7147,,1,1,1.0,10.0,20.15,,0.0,67.08,22.91,,0.0,10.15,14.7,0.8,7.88,6.53,4.91
Oct,25,20,7148,,1,1,1.0,10.0,20.05,,0.0,54.7,22.74,,0.0,8.28,14.7,0.8,7.88,6.53,4.91
Oct,25,21,7149,,1,1,1.0,10.0,19.95,,0.0,42.62,22.58,,0.0,6.45,14.7,0.8,7.88,6.53,4.91
Oct,25,22,7150,,1,1,0.77,6.7,19.89,,0.0,0.0,22.59,,0.0,0.0,0.0,0.61,6.04,6.53,3.76
Oct,25,23,7151,,1,1,0.77,4.4,19.56,,0.0,0.0,22.21,,0.0,0.0,0.0,0.61,6.04,6.53,3.76
Oct,25,24,7152,,1,1,0.77,6.1,19.52,,0.0,0.0,22.13,,0.0,0.0,0.0,0.61,6.04,6.53,3.76
Oct,26,1,7153,,1,1,0.77,2.2,19.06,,4.73,0.0,22.0,,1.74,0.0,0.0,0.61,6.04,6.53,3.76
Oct,26,2,7154,,1,1,0.77,4.4,19.04,,5.06,0.0,22.0,,1.77,0.0,0.0,0.61,6.04,6.53,3.76
Oct,26,3,7155,,1,1,0.77,5.6,18.97,,5.85,0.0,22.0,,2.0,0.0,0.0,0.61,6.04,6.53,3.76
Oct,26,4,7156,,1,1,0.77,4.4,18.73,,8.69,0.0,22.0,,3.05,0.0,0.0,0.61,6.04,6.53,3.76
Oct,26,5,7157,,1,1,0.77,4.4,18.57,,10.21,0.0,22.0,,3.58,0.0,0.0,0.61,6.04,6.53,3.76
Oct,26,6,7158,,1,1,0.77,3.9,18.37,,12.02,0.0,22.0,,4.26,0.0,0.0,0.61,6.04,6.53,3.76
Oct,26,7,7159,,1,1,1.0,3.9,17.54,,138.19,0.0,22.0,,48.97,0.0,14.7,0.8,7.88,6.53,4.91
Oct,26,8,7160,,1,1,1.0,7.2,18.19,,80.11,0.0,22.0,,26.39,0.0,14.7,0.8,7.88,6.53,4.91
Oct,26,9,7161,,1,1,1.0,10.0,18.75,,35.18,0.0,22.0,,10.93,0.0,14.7,0.8,7.88,6.53,4.91
Oct,26,10,7162,,1,1,1.0,11.7,19.27,,0.0,1.98,22.03,,0.0,0.31,14.7,0.8,7.88,6.53,4.91
Oct,26,11,7163,,1,1,1.0,13.3,19.85,,0.0,39.57,22.54,,0.0,6.46,14.7,0.8,7.88,6.53,4.91
Oct,26,12,7164,,1,1,1.0,15.0,20.43,,0.0,77.96,23.06,,0.0,13.28,14.7,0.8,7.88,6.53,4.91
Oct,26,13,7165,,1,1,1.0,16.1,20.96,,0.0,111.59,23.52,,0.0,19.55,14.7,0.8,7.88,6.53,4.91
Oct,26,14,7166,,1,1,1.0,16.1,21.3,,0.0,132.26,23.8,,0.0,23.18,14.7,0.8,7.88,6.53,4.91
Oct,26,15,7167,,1,1,1.0,17.2,21.7,,0.0,157.41,24.0,,0.0,28.39,14.7,0.8,7.88,6.53,4.91
Oct,26,16,7168,,1,1,1.0,16.7,21.82,,0.0,160.16,24.0,,0.0,28.51,14.7,0.8,7.88,6.53,4.91
Oct,26,17,7169,,1,1,1.0,12.8,21.28,,0.0,114.88,23.56,,0.0,18.54,14.7,0.8,7.88,6.53,4.91
Oct,26,18,7170,,1,1,1.0,9.4,20.78,,0.0,74.29,23.01,,0.0,11.09,14.7,0.8,7.88,6.53,4.91
Oct,26,19,7171,,1,1,1.0,9.4,20.65,,0.0,60.66,22.83,,0.0,9.06,14.7,0.8,7.88,6.53,4.91
Oct,26,20,7172,,1,1,1.0,7.2,20.24,,0.0,26.65,22.36,,0.0,3.79,14.7,0.8,7.88,6.53,4.91
Oct,26,21,7173,,1,1,1.0,5.6,19.86,,4.82,0.0,22.0,,1.65,0.0,14.7,0.8,7.88,6.53,4.91
Oct,26,22,7174,,1,1,0.77,7.8,20.37,,0.0,0.0,22.5,,0.0,0.0,0.0,0.61,6.04,6.53,3.76
Oct,26,23,7175,,1,1,0.77,6.7,20.15,,0.0,0.0,22.25,,0.0,0.0,0.0,0.61,6.04,6.53,3.76
Oct,26,24,7176,,1,1,0.77,5.0,19.87,,0.92,0.0,22.0,,0.32,0.0,0.0,0.61,6.04,6.53,3.76
Oct,27,1,7177,,1,1,0.77,3.9,19.61,,4.47,0.0,22.0,,1.58,0.0,0.0,0.61,6.04,6.53,3.76
Oct,27,2,7178,,1,1,0.77,5.6,19.57,,4.95,0.0,22.0,,1.69,0.0,0.0,0.61,6.04,6.53,3.76
Oct,27,3,7179,,1,1,0.77,3.9,19.27,,8.42,0.0,22.0,,2.98,0.0,0.0,0.61,6.04,6.53,3.76
Oct,27,4,7180,,1,1,0.77,2.8,19.0,,11.2,0.0,22.0,,4.07,0.0,0.0,0.61,6.04,6.53,3.76
Oct,27,5,7181,,1,1,0.77,6.1,19.08,,9.4,0.0,22.0,,3.17,0.0,0.0,0.61,6.04,6.53,3.76
Oct,27,6,7182,,1,1,0.77,4.4,18.81,,12.15,0.0,22.0,,4.26,0.0,0.0,0.61,6.04,6.53,3.76
Oct,27,7,7183,,1,1,1.0,4.4,17.96,,137.94,0.0,22.0,,48.35,0.0,14.7,0.8,7.88,6.53,4.91
Oct,27,8,7184,,1,1,1.0,7.8,18.53,,84.41,0.0,22.0,,27.45,0.0,14.7,0.8,7.88,6.53,4.91
Oct,27,9,7185,,1,1,1.0,9.4,18.91,,51.36,0.0,22.0,,16.15,0.0,14.7,0.8,7.88,6.53,4.91
Oct,27,10,7186,,1,1,1.0,11.1,19.34,,18.8,0.0,22.0,,5.7,0.0,14.7,0.8,7.88,6.53,4.91
Oct,27,11,7187,,1,1,1.0,12.8,19.88,,0.0,18.57,22.25,,0.0,3.0,14.7,0.8,7.88,6.53,4.91
Oct,27,12,7188,,1,1,1.0,15.0,20.44,,0.0,55.97,22.76,,0.0,9.54,14.7,0.8,7.88,6.53,4.91
Oct,27,13,7189,,1,1,1.0,16.1,20.97,,0.0,90.57,23.23,,0.0,15.87,14.7,0.8,7.88,6.53,4.91
Oct,27,14,7190,,1,1,1.0,16.1,21.3,,0.0,110.91,23.51,,0.0,19.43,14.7,0.8,7.88,6.53,4.91
Oct,27,15,7191,,1,1,1.0,15.6,21.31,,0.0,107.26,23.46,,0.0,18.55,14.7,0.8,7.88,6.53,4.91
Oct,27,16,7192,,1,1,1.0,14.4,21.16,,0.0,92.44,23.26,,0.0,15.51,14.7,0.8,7.88,6.53,4.91
Oct,27,17,7193,,1,1,1.0,12.8,20.92,,0.0,71.56,22.97,,0.0,11.55,14.7,0.8,7.88,6.53,4.91
Oct,27,18,7194,,1,1,1.0,10.0,20.51,,0.0,37.71,22.51,,0.0,5.71,14.7,0.8,7.88,6.53,4.91
Oct,27,19,7195,,1,1,1.0,9.4,20.33,,0.0,20.4,22.28,,0.0,3.05,14.7,0.8,7.88,6.53,4.91
Oct,27,20,7196,,1,1,1.0,7.8,20.0,,6.98,0.0,22.0,,2.27,0.0,14.7,0.8,7.88,6.53,4.91
Oct,27,21,7197,,1,1,1.0,8.9,19.99,,10.37,0.0,22.0,,3.29,0.0,14.7,0.8,7.88,6.53,4.91
Oct,27,22,7198,,1,1,0.77,6.1,20.0,,0.81,0.0,22.0,,0.27,0.0,0.0,0.61,6.04,6.53,3.76
Oct,27,23,7199,,1,1,0.77,6.1,19.85,,3.0,0.0,22.0,,1.01,0.0,0.0,0.61,6.04,6.53,3.76
Oct,27,24,7200,,1,1,0.77,6.1,19.7,,4.9,0.0,22.0,,1.65,0.0,0.0,0.61,6.04,6.53,3.76
Oct,28,1,7201,,1,1,0.77,8.3,19.74,,4.31,0.0,22.0,,1.39,0.0,0.0,0.61,6.04,6.53,3.76
Oct,28,2,7202,,1,1,0.77,9.4,19.72,,4.42,0.0,22.0,,1.39,0.0,0.0,0.61,6.04,6.53,3.76
Oct,28,3,7203,,1,1,0.77,9.4,19.64,,5.37,0.0,22.0,,1.69,0.0,0.0,0.61,6.04,6.53,3.76
Oct,28,4,7204,,1,1,0.77,8.9,19.52,,6.7,0.0,22.0,,2.13,0.0,0.0,0.61,6.04,6.53,3.76
Oct,28,5,7205,,1,1,0.77,8.3,19.38,,8.06,0.0,22.0,,2.59,0.0,0.0,0.61,6.04,6.53,3.76
Oct,28,6,7206,,1,1,0.77,8.3,19.28,,8.77,0.0,22.0,,2.82,0.0,0.0,0.61,6.04,6.53,3.76
Oct,28,7,7207,,1,1,1.0,9.4,18.78,,93.02,0.0,22.0,,29.25,0.0,14.7,0.8,7.88,6.53,4.91
Oct,28,8,7208,,1,1,1.0,10.0,18.96,,73.12,0.0,22.0,,22.71,0.0,14.7,0.8,7.88,6.53,4.91
Oct,28,9,7209,,1,1,1.0,8.3,18.74,,85.32,0.0,22.0,,27.45,0.0,14.7,0.8,7.88,6.53,4.91
Oct,28,10,7210,,1,1,1.0,10.6,19.08,,54.33,0.0,22.0,,16.66,0.0,14.7,0.8,7.88,6.53,4.91
Oct,28,11,7211,,1,1,1.0,11.7,19.33,,33.66,0.0,22.0,,10.08,0.0,14.7,0.8,7.88,6.53,4.91
Oct,28,12,7212,,1,1,1.0,15.0,19.73,,4.53,0.0,22.0,,1.27,0.0,14.7,0.8,7.88,6.53,4.91
Oct,28,13,7213,,1,1,1.0,14.4,19.9,,0.0,4.06,22.06,,0.0,0.68,14.7,0.8,7.88,6.53,4.91
Oct,28,14,7214,,1,1,1.0,12.2,19.68,,15.59,0.0,22.0,,4.62,0.0,14.7,0.8,7.88,6.53,4.91
Oct,28,15,7215,,1,1,1.0,12.8,19.87,,3.85,0.0,22.0,,1.13,0.0,14.7,0.8,7.88,6.53,4.91
Oct,28,16,7216,,1,1,1.0,13.3,20.02,,0.0,4.18,22.06,,0.0,0.68,14.7,0.8,7.88,6.53,4.91
Oct,28,17,7217,,1,1,1.0,12.2,19.82,,14.11,0.0,22.0,,4.18,0.0,14.7,0.8,7.88,6.53,4.91
Oct,28,18,7218,,1,1,1.0,10.0,19.5,,39.77,0.0,22.0,,12.35,0.0,14.7,0.8,7.88,6.53,4.91
Oct,28,19,7219,,1,1,1.0,9.4,19.34,,50.77,0.0,22.0,,15.96,0.0,14.7,0.8,7.88,6.53,4.91
Oct,28,20,7220,,1,1,1.0,9.4,19.24,,55.72,0.0,22.0,,17.52,0.0,14.7,0.8,7.88,6.53,4.91
Oct,28,21,7221,,1,1,1.0,8.9,19.09,,64.7,0.0,22.0,,20.56,0.0,14.7,0.8,7.88,6.53,4.91
Oct,28,22,7222,,1,1,0.77,8.3,19.25,,6.82,0.0,22.0,,2.19,0.0,0.0,0.61,6.04,6.53,3.76
Oct,28,23,7223,,1,1,0.77,7.2,19.07,,8.81,0.0,22.0,,2.9,0.0,0.0,0.61,6.04,6.53,3.76
Oct,28,24,7224,,1,1,0.77,7.8,19.0,,9.06,0.0,22.0,,2.95,0.0,0.0,0.61,6.04,6.53,3.76
Oct,29,1,7225,,1,1,0.77,8.3,18.94,,9.25,0.0,22.0,,2.98,0.0,0.0,0.61,6.04,6.53,3.76
Oct,29,2,7226,,1,1,0.77,8.3,18.85,,9.8,0.0,22.0,,3.15,0.0,0.0,0.61,6.04,6.53,3.76
Oct,29,3,7227,,1,1,0.77,8.3,18.77,,10.27,0.0,22.0,,3.3,0.0,0.0,0.61,6.04,6.53,3.76
Oct,29,4,7228,,1,1,0.77,8.3,18.68,,10.68,0.0,22.0,,3.44,0.0,0.0,0.61,6.04,6.53,3.76
Oct,29,5,7229,,1,1,0.77,8.3,18.59,,11.04,0.0,22.0,,3.55,0.0,0.0,0.61,6.04,6.53,3.76
Oct,29,6,7230,,1,1,0.77,8.3,18.51,,11.35,0.0,22.0,,3.65,0.0,0.0,0.61,6.04,6.53,3.76
Oct,29,7,7231,,1,1,1.0,7.2,17.78,,126.4,0.0,22.0,,41.64,0.0,14.7,0.8,7.88,6.53,4.91
Oct,29,8,7232,,1,1,1.0,7.8,17.97,,103.56,0.0,22.0,,33.68,0.0,14.7,0.8,7.88,6.53,4.91
Oct,29,9,7233,,1,1,1.0,8.3,18.01,,93.37,0.0,22.0,,30.04,0.0,14.7,0.8,7.88,6.53,4.91
Oct,29,10,7234,,1,1,1.0,9.4,18.22,,72.72,0.0,22.0,,22.87,0.0,14.7,0.8,7.88,6.53,4.91
Oct,29,11,7235,,1,1,1.0,12.2,18.91,,18.77,0.0,22.0,,5.56,0.0,14.7,0.8,7.88,6.53,4.91
Oct,29,12,7236,,1,1,1.0,15.6,19.72,,0.0,37.33,22.51,,0.0,6.46,14.7,0.8,7.88,6.53,4.91
Oct,29,13,7237,,1,1,1.0,17.8,20.39,,0.0,81.8,23.11,,0.0,14.99,14.7,0.8,7.88,6.53,4.91
Oct,29,14,7238,,1,1,1.0,17.8,20.75,,0.0,103.47,23.41,,0.0,18.97,14.7,0.8,7.88,6.53,4.91
Oct,29,15,7239,,1,1,1.0,17.2,20.99,,0.0,116.39,23.58,,0.0,20.99,14.7,0.8,7.88,6.53,4.91
Oct,29,16,7240,,1,1,1.0,17.2,21.19,,0.0,126.25,23.72,,0.0,22.77,14.7,0.8,7.88,6.53,4.91
Oct,29,17,7241,,1,1,1.0,14.4,20.82,,0.0,94.58,23.29,,0.0,15.87,14.7,0.8,7.88,6.53,4.91
Oct,29,18,7242,,1,1,1.0,12.2,20.53,,0.0,68.63,22.93,,0.0,10.92,14.7,0.8,7.88,6.53,4.91
Oct,29,19,7243,,1,1,1.0,6.7,19.77,,0.0,8.39,22.11,,0.0,1.18,14.7,0.8,7.88,6.53,4.91
Oct,29,20,7244,,1,1,1.0,12.2,20.3,,0.0,43.29,22.59,,0.0,6.89,14.7,0.8,7.88,6.53,4.91
Oct,29,21,7245,,1,1,1.0,5.0,19.32,,32.33,0.0,22.0,,11.19,0.0,14.7,0.8,7.88,6.53,4.91
Oct,29,22,7246,,1,1,0.77,6.1,19.74,,0.0,0.0,22.09,,0.0,0.0,0.0,0.61,6.04,6.53,3.76
Oct,29,23,7247,,1,1,0.77,6.1,19.6,,1.25,0.0,22.0,,0.42,0.0,0.0,0.61,6.04,6.53,3.76
Oct,29,24,7248,,1,1,0.77,5.6,19.41,,3.89,0.0,22.0,,1.33,0.0,0.0,0.61,6.04,6.53,3.76
Oct,30,1,7249,,1,1,0.77,4.4,19.16,,7.0,0.0,22.0,,2.45,0.0,0.0,0.61,6.04,6.53,3.76
Oct,30,2,7250,,1,1,0.77,5.6,19.09,,7.53,0.0,22.0,,2.57,0.0,0.0,0.61,6.04,6.53,3.76
Oct,30,3,7251,,1,1,0.77,4.4,18.85,,10.14,0.0,22.0,,3.55,0.0,0.0,0.61,6.04,6.53,3.76
Oct,30,4,7252,,1,1,0.77,4.4,18.69,,11.46,0.0,22.0,,4.02,0.0,0.0,0.61,6.04,6.53,3.76
Oct,30,5,7253,,1,1,0.77,1.7,18.31,,15.33,0.0,22.0,,5.71,0.0,0.0,0.61,6.04,6.53,3.76
Oct,30,6,7254,,1,1,0.77,3.9,18.29,,14.34,0.0,22.0,,5.08,0.0,0.0,0.61,6.04,6.53,3.76
Oct,30,7,7255,,1,1,1.0,3.3,17.35,,157.94,0.0,22.0,,56.72,0.0,14.7,0.8,7.88,6.53,4.91
Oct,30,8,7256,,1,1,1.0,5.0,17.61,,125.73,0.0,22.0,,43.51,0.0,14.7,0.8,7.88,6.53,4.91
Oct,30,9,7257,,1,1,1.0,7.2,18.09,,81.89,0.0,22.0,,26.98,0.0,14.7,0.8,7.88,6.53,4.91
Oct,30,10,7258,,1,1,1.0,9.4,18.65,,36.37,0.0,22.0,,11.44,0.0,14.7,0.8,7.88,6.53,4.91
Oct,30,11,7259,,1,1,1.0,11.1,19.17,,0.0,1.03,22.01,,0.0,0.16,14.7,0.8,7.88,6.53,4.91
Oct,30,12,7260,,1,1,1.0,12.2,19.68,,0.0,33.1,22.45,,0.0,5.27,14.7,0.8,7.88,6.53,4.91
Oct,30,13,7261,,1,1,1.0,12.8,19.96,,0.0,48.79,22.66,,0.0,7.88,14.7,0.8,7.88,6.53,4.91
Oct,30,14,7262,,1,1,1.0,15.0,20.56,,0.0,88.19,23.2,,0.0,15.02,14.7,0.8,7.88,6.53,4.91
Oct,30,15,7263,,1,1,1.0,15.6,20.88,,0.0,106.38,23.45,,0.0,18.4,14.7,0.8,7.88,6.53,4.91
Oct,30,16,7264,,1,1,1.0,15.0,20.91,,0.0,104.56,23.42,,0.0,17.81,14.7,0.8,7.88,6.53,4.91
Oct,30,17,7265,,1,1,1.0,11.7,20.44,,0.0,65.64,22.89,,0.0,10.32,14.7,0.8,7.88,6.53,4.91
Oct,30,18,7266,,1,1,1.0,10.6,20.24,,0.0,45.93,22.63,,0.0,7.04,14.7,0.8,7.88,6.53,4.91
Oct,30,19,7267,,1,1,1.0,9.4,19.99,,0.0,23.85,22.32,,0.0,3.56,14.7,0.8,7.88,6.53,4.91
Oct,30,20,7268,,1,1,1.0,9.4,19.88,,0.0,11.45,22.16,,0.0,1.71,14.7,0.8,7.88,6.53,4.91
Oct,30,21,7269,,1,1,1.0,7.8,19.57,,15.71,0.0,22.0,,5.11,0.0,14.7,0.8,7.88,6.53,4.91
Oct,30,22,7270,,1,1,0.77,6.1,19.69,,0.15,0.0,22.0,,0.05,0.0,0.0,0.61,6.04,6.53,3.76
Oct,30,23,7271,,1,1,0.77,6.1,19.54,,2.43,0.0,22.0,,0.82,0.0,0.0,0.61,6.04,6.53,3.76
Oct,30,24,7272,,1,1,0.77,6.1,19.4,,4.41,0.0,22.0,,1.49,0.0,0.0,0.61,6.04,6.53,3.76
Oct,31,1,7273,,1,1,0.77,4.4,19.12,,7.83,0.0,22.0,,2.74,0.0,0.0,0.61,6.04,6.53,3.76
Oct,31,2,7274,,1,1,0.77,4.4,18.95,,9.46,0.0,22.0,,3.32,0.0,0.0,0.61,6.04,6.53,3.76
Oct,31,3,7275,,1,1,0.77,2.8,18.66,,12.49,0.0,22.0,,4.54,0.0,0.0,0.61,6.04,6.53,3.76
Oct,31,4,7276,,1,1,0.77,2.8,18.47,,13.86,0.0,22.0,,5.03,0.0,0.0,0.61,6.04,6.53,3.76
Oct,31,5,7277,,1,1,0.77,2.2,18.24,,15.65,0.0,22.0,,5.76,0.0,0.0,0.61,6.04,6.53,3.76
Oct,31,6,7278,,1,1,0.77,2.8,18.1,,16.12,0.0,22.0,,5.85,0.0,0.0,0.61,6.04,6.53,3.76
Oct,31,7,7279,,1,1,1.0,4.4,17.39,,150.85,0.0,22.0,,52.88,0.0,14.7,0.8,7.88,6.53,4.91
Oct,31,8,7280,,1,1,1.0,4.4,17.55,,126.7,0.0,22.0,,44.41,0.0,14.7,0.8,7.88,6.53,4.91
Oct,31,9,7281,,1,1,1.0,5.0,17.56,,116.49,0.0,22.0,,40.31,0.0,14.7,0.8,7.88,6.53,4.91
Oct,31,10,7282,,1,1,1.0,5.0,17.51,,112.71,0.0,22.0,,39.0,0.0,14.7,0.8,7.88,6.53,4.91
Oct,31,11,7283,,1,1,1.0,5.0,17.39,,114.28,0.0,22.0,,39.54,0.0,14.7,0.8,7.88,6.53,4.91
Oct,31,12,7284,,1,1,1.0,6.0,17.41,,105.42,0.0,22.0,,35.66,0.0,14.7,0.8,7.88,6.53,4.91
Oct,31,13,7285,,1,1,1.0,6.0,17.33,,105.47,0.0,22.0,,35.68,0.0,14.7,0.8,7.88,6.53,4.91
Oct,31,14,7286,,1,1,1.0,5.6,17.21,,108.5,0.0,22.0,,37.04,0.0,14.7,0.8,7.88,6.53,4.91
Oct,31,15,7287,,1,1,1.0,6.1,17.16,,105.79,0.0,22.0,,35.71,0.0,14.7,0.8,7.88,6.53,4.91
Oct,31,16,7288,,1,1,1.0,6.7,17.14,,101.94,0.0,22.0,,33.96,0.0,14.7,0.8,7.88,6.53,4.91
Oct,31,17,7289,,1,1,1.0,6.1,16.94,,111.14,0.0,22.0,,37.51,0.0,14.7,0.8,7.88,6.53,4.91
Oct,31,18,7290,,1,1,1.0,5.6,16.76,,118.54,0.0,22.0,,40.46,0.0,14.7,0.8,7.88,6.53,4.91
Oct,31,19,7291,,1,1,1.0,5.6,16.63,,121.13,0.0,22.0,,41.35,0.0,14.7,0.8,7.88,6.53,4.91
Oct,31,20,7292,,1,1,1.0,3.9,16.29,,139.37,0.0,22.0,,49.39,0.0,14.7,0.8,7.88,6.53,4.91
Oct,31,21,7293,,1,1,1.0,2.8,16.0,,152.54,0.0,22.0,,55.4,0.0,14.7,0.8,7.88,6.53,4.91
Oct,31,22,7294,,1,1,0.77,1.2,16.16,,19.18,0.0,22.0,,7.23,0.0,0.0,0.61,6.04,6.53,3.76
Oct,31,23,7295,,1,1,0.77,-0.3,15.87,,21.52,0.0,22.0,,8.42,0.0,0.0,0.61,6.04,6.53,3.76
Oct,31,24,7296,,1,1,0.77,-1.9,15.54,,23.99,0.0,22.0,,9.91,0.0,0.0,0.61,6.04,6.53,3.76
Nov,1,1,7297,,1,1,0.77,-3.4,15.2,,26.39,0.0,22.0,,11.5,0.0,0.0,0.61,6.04,6.53,3.88
Nov,1,2,7298,,1,1,0.77,-5.0,14.83,,28.91,0.0,22.0,,13.38,0.0,0.0,0.61,6.04,6.53,3.88
Nov,1,3,7299,,1,1,0.77,-6.6,14.44,,31.45,0.0,22.0,,13.4,0.0,0.0,0.61,6.04,6.53,3.88
Nov,1,4,7300,,1,1,0.77,-8.3,14.01,,34.12,0.0,22.0,,15.17,0.0,0.0,0.61,6.04,6.53,3.88
Nov,1,5,7301,,1,1,0.77,-8.3,13.7,,35.09,0.0,22.0,,15.61,0.0,0.0,0.61,6.04,6.53,3.88
Nov,1,6,7302,,1,1,0.77,-8.3,13.4,,35.93,0.0,22.0,,15.98,0.0,0.0,0.61,6.04,6.53,3.88
Nov,1,7,7303,,1,1,1.0,-8.3,12.05,,319.16,0.0,22.0,,161.94,0.0,14.7,0.8,7.88,6.53,5.07
Nov,1,8,7304,,1,1,1.0,-7.8,12.0,,297.05,0.0,22.0,,150.47,0.0,14.7,0.8,7.88,6.53,5.07
Nov,1,9,7305,,1,1,1.0,-6.7,11.82,,288.32,0.0,22.0,,134.0,0.0,14.7,0.8,7.88,6.53,5.07
Nov,1,10,7306,,1,1,1.0,-6.1,11.64,,280.29,0.0,22.0,,121.75,0.0,14.7,0.8,7.88,6.53,5.07
Nov,1,11,7307,,1,1,1.0,-5.0,11.63,,262.23,0.0,22.0,,121.4,0.0,14.7,0.8,7.88,6.53,5.07
Nov,1,12,7308,,1,1,1.0,-3.3,11.65,,243.47,0.0,22.0,,105.73,0.0,14.7,0.8,7.88,6.53,5.07
Nov,1,13,7309,,1,1,1.0,-5.0,11.26,,257.9,0.0,22.0,,119.4,0.0,14.7,0.8,7.88,6.53,5.07
Nov,1,14,7310,,1,1,1.0,-6.1,10.94,,265.51,0.0,22.0,,111.74,0.0,14.7,0.8,7.88,6.53,5.07
Nov,1,15,7311,,1,1,1.0,-6.7,10.63,,272.59,0.0,22.0,,118.27,0.0,14.7,0.8,7.88,6.53,5.07
Nov,1,16,7312,,1,1,1.0,-6.7,10.37,,274.68,0.0,22.0,,120.36,0.0,14.7,0.8,7.88,6.53,5.07
Nov,1,17,7313,,1,1,1.0,-7.2,10.03,,283.65,0.0,22.0,,132.85,0.0,14.7,0.8,7.88,6.53,5.07
Nov,1,18,7314,,1,1,1.0,-7.2,9.76,,286.85,0.0,22.0,,136.05,0.0,14.7,0.8,7.88,6.53,5.07
Nov,1,19,7315,,1,1,1.0,-7.2,9.49,,289.61,0.0,22.0,,138.81,0.0,14.7,0.8,7.88,6.53,5.07
Nov,1,20,7316,,1,1,1.0,-6.7,9.29,,287.29,0.0,22.0,,132.97,0.0,14.7,0.8,7.88,6.53,5.07
Nov,1,21,7317,,1,1,1.0,-6.7,9.05,,289.09,0.0,22.0,,134.77,0.0,14.7,0.8,7.88,6.53,5.07
Nov,1,22,7318,,1,1,0.77,-6.7,9.41,,35.19,0.0,22.0,,15.03,0.0,0.0,0.61,6.04,6.53,3.88
Nov,1,23,7319,,1,1,0.77,-6.7,9.22,,35.65,0.0,22.0,,15.23,0.0,0.0,0.61,6.04,6.53,3.88
Nov,1,24,7320,,1,1,0.77,-6.1,9.08,,35.44,0.0,22.0,,14.91,0.0,0.0,0.61,6.04,6.53,3.88
Nov,2,1,7321,,1,1,0.77,-6.1,8.91,,35.73,0.0,22.0,,15.04,0.0,0.0,0.61,6.04,6.53,3.88
Nov,2,2,7322,,1,1,0.77,-6.1,8.74,,35.98,0.0,22.0,,15.14,0.0,0.0,0.61,6.04,6.53,3.88
Nov,2,3,7323,,1,1,0.77,-6.1,8.57,,36.2,0.0,22.0,,15.23,0.0,0.0,0.61,6.04,6.53,3.88
Nov,2,4,7324,,1,1,0.77,-6.1,8.4,,36.38,0.0,22.0,,15.31,0.0,0.0,0.61,6.04,6.53,3.88
Nov,2,5,7325,,1,1,0.77,-6.1,8.24,,36.55,0.0,22.0,,15.38,0.0,0.0,0.61,6.04,6.53,3.88
Nov,2,6,7326,,1,1,0.77,-6.1,8.08,,36.69,0.0,22.0,,15.44,0.0,0.0,0.61,6.04,6.53,3.88
Nov,2,7,7327,,1,1,1.0,-6.1,7.23,,312.1,0.0,22.0,,146.46,0.0,14.7,0.8,7.88,6.53,5.07
Nov,2,8,7328,,1,1,1.0,-5.6,7.28,,292.7,0.0,22.0,,130.63,0.0,14.7,0.8,7.88,6.53,5.07
Nov,2,9,7329,,1,1,1.0,-5.0,7.26,,280.85,0.0,22.0,,135.42,0.0,14.7,0.8,7.88,6.53,5.07
Nov,2,10,7330,,1,1,1.0,-4.4,7.27,,268.46,0.0,22.0,,121.45,0.0,14.7,0.8,7.88,6.53,5.07
Nov,2,11,7331,,1,1,1.0,-4.4,7.19,,264.88,0.0,22.0,,119.83,0.0,14.7,0.8,7.88,6.53,5.07
Nov,2,12,7332,,1,1,1.0,-4.4,7.12,,260.36,0.0,22.0,,117.79,0.0,14.7,0.8,7.88,6.53,5.07
Nov,2,13,7333,,1,1,1.0,-4.4,7.08,,254.92,0.0,22.0,,115.33,0.0,14.7,0.8,7.88,6.53,5.07
Nov,2,14,7334,,1,1,1.0,-3.9,7.16,,241.3,0.0,22.0,,107.13,0.0,14.7,0.8,7.88,6.53,5.07
Nov,2,15,7335,,1,1,1.0,-2.8,7.29,,225.75,0.0,22.0,,96.28,0.0,14.7,0.8,7.88,6.53,5.07
Nov,2,16,7336,,1,1,1.0,-2.8,7.26,,223.58,0.0,22.0,,95.35,0.0,14.7,0.8,7.88,6.53,5.07
Nov,2,17,7337,,1,1,1.0,-3.9,6.99,,239.51,0.0,22.0,,106.34,0.0,14.7,0.8,7.88,6.53,5.07
Nov,2,18,7338,,1,1,1.0,-3.9,6.87,,242.8,0.0,22.0,,107.8,0.0,14.7,0.8,7.88,6.53,5.07
Nov,2,19,7339,,1,1,1.0,-3.3,6.83,,239.95,0.0,22.0,,104.2,0.0,14.7,0.8,7.88,6.53,5.07
Nov,2,20,7340,,1,1,1.0,-3.3,6.73,,242.07,0.0,22.0,,105.12,0.0,14.7,0.8,7.88,6.53,5.07
Nov,2,21,7341,,1,1,1.0,-3.3,6.63,,243.89,0.0,22.0,,105.91,0.0,14.7,0.8,7.88,6.53,5.07
Nov,2,22,7342,,1,1,0.77,-3.3,6.84,,29.44,0.0,22.0,,12.78,0.0,0.0,0.61,6.04,6.53,3.88
Nov,2,23,7343,,1,1,0.77,-5.0,6.62,,31.62,0.0,22.0,,14.64,0.0,0.0,0.61,6.04,6.53,3.88
Nov,2,24,7344,,1,1,0.77,-5.6,6.46,,32.79,0.0,22.0,,13.63,0.0,0.0,0.61,6.04,6.53,3.88
Nov,3,1,7345,,1,1,0.77,-4.4,6.45,,32.11,0.0,22.0,,14.53,0.0,0.0,0.61,6.04,6.53,3.88
Nov,3,2,7346,,1,1,0.77,-4.4,6.35,,32.46,0.0,22.0,,14.69,0.0,0.0,0.61,6.04,6.53,3.88
Nov,3,3,7347,,1,1,0.77,-5.0,6.21,,33.37,0.0,22.0,,15.45,0.0,0.0,0.61,6.04,6.53,3.88
Nov,3,4,7348,,1,1,0.77,-4.4,6.16,,33.08,0.0,22.0,,14.97,0.0,0.0,0.61,6.04,6.53,3.88
Nov,3,5,7349,,1,1,0.77,-4.4,6.07,,33.3,0.0,22.0,,15.07,0.0,0.0,0.61,6.04,6.53,3.88
Nov,3,6,7350,,1,1,0.77,-6.7,5.79,,35.82,0.0,22.0,,15.3,0.0,0.0,0.61,6.04,6.53,3.88
Nov,3,7,7351,,1,1,1.0,-7.8,4.92,,321.17,0.0,22.0,,158.42,0.0,14.7,0.8,7.88,6.53,5.07
Nov,3,8,7352,,1,1,1.0,-6.7,5.07,,296.78,0.0,22.0,,142.46,0.0,14.7,0.8,7.88,6.53,5.07
Nov,3,9,7353,,1,1,1.0,-5.6,5.1,,284.83,0.0,22.0,,122.76,0.0,14.7,0.8,7.88,6.53,5.07
Nov,3,10,7354,,1,1,1.0,-2.8,5.39,,255.36,0.0,22.0,,108.9,0.0,14.7,0.8,7.88,6.53,5.07
Nov,3,11,7355,,1,1,1.0,-1.1,5.63,,233.36,0.0,22.0,,93.81,0.0,14.7,0.8,7.88,6.53,5.07
Nov,3,12,7356,,1,1,1.0,0.0,5.85,,214.32,0.0,22.0,,83.07,0.0,14.7,0.8,7.88,6.53,5.07
Nov,3,13,7357,,1,1,1.0,1.1,6.24,,185.88,0.0,22.0,,70.19,0.0,14.7,0.8,7.88,6.53,5.07
Nov,3,14,7358,,1,1,1.0,1.7,6.49,,170.97,0.0,22.0,,63.67,0.0,14.7,0.8,7.88,6.53,5.07
Nov,3,15,7359,,1,1,1.0,2.2,6.69,,160.51,0.0,22.0,,59.09,0.0,14.7,0.8,7.88,6.53,5.07
Nov,3,16,7360,,1,1,1.0,1.1,6.7,,166.0,0.0,22.0,,62.68,0.0,14.7,0.8,7.88,6.53,5.07
Nov,3,17,7361,,1,1,1.0,-3.3,6.1,,214.47,0.0,22.0,,93.13,0.0,14.7,0.8,7.88,6.53,5.07
Nov,3,18,7362,,1,1,1.0,-3.9,5.94,,225.74,0.0,22.0,,100.22,0.0,14.7,0.8,7.88,6.53,5.07
Nov,3,19,7363,,1,1,1.0,-3.3,5.93,,225.21,0.0,22.0,,97.8,0.0,14.7,0.8,7.88,6.53,5.07
Nov,3,20,7364,,1,1,1.0,-5.0,5.63,,245.32,0.0,22.0,,113.57,0.0,14.7,0.8,7.88,6.53,5.07
Nov,3,21,7365,,1,1,1.0,-6.1,5.38,,260.1,0.0,22.0,,109.46,0.0,14.7,0.8,7.88,6.53,5.07
Nov,3,22,7366,,1,1,0.77,-7.2,5.54,,32.1,0.0,22.0,,13.88,0.0,0.0,0.61,6.04,6.53,3.88
Nov,3,23,7367,,1,1,0.77,-6.7,5.45,,32.59,0.0,22.0,,13.92,0.0,0.0,0.61,6.04,6.53,3.88
Nov,3,24,7368,,1,1,0.77,-6.7,5.33,,33.4,0.0,22.0,,14.26,0.0,0.0,0.61,6.04,6.53,3.88
Nov,4,1,7369,,1,1,0.77,-5.0,5.35,,32.38,0.0,22.0,,14.99,0.0,0.0,0.61,6.04,6.53,3.88
Nov,4,2,7370,,1,1,0.77,-5.0,5.27,,32.84,0.0,22.0,,15.2,0.0,0.0,0.61,6.04,6.53,3.88
Nov,4,3,7371,,1,1,0.77,-3.9,5.28,,32.11,0.0,22.0,,14.26,0.0,0.0,0.61,6.04,6.53,3.88
Nov,4,4,7372,,1,1,0.77,-2.8,5.31,,31.24,0.0,22.0,,13.32,0.0,0.0,0.61,6.04,6.53,3.88
Nov,4,5,7373,,1,1,0.77,-4.4,5.13,,32.96,0.0,22.0,,14.91,0.0,0.0,0.61,6.04,6.53,3.88
Nov,4,6,7374,,1,1,0.77,-6.1,4.92,,34.92,0.0,22.0,,14.7,0.0,0.0,0.61,6.04,6.53,3.88
Nov,4,7,7375,,1,1,1.0,-5.0,4.42,,293.05,0.0,22.0,,147.62,0.0,14.7,0.8,7.88,6.53,5.07
Nov,4,8,7376,,1,1,1.0,-4.4,4.61,,271.15,0.0,22.0,,122.67,0.0,14.7,0.8,7.88,6.53,5.07
Nov,4,9,7377,,1,1,1.0,-3.3,4.75,,255.4,0.0,22.0,,110.91,0.0,14.7,0.8,7.88,6.53,5.07
Nov,4,10,7378,,1,1,1.0,-2.2,4.88,,241.92,0.0,22.0,,101.0,0.0,14.7,0.8,7.88,6.53,5.07
Nov,4,11,7379,,1,1,1.0,-1.1,5.1,,223.75,0.0,22.0,,89.95,0.0,14.7,0.8,7.88,6.53,5.07
Nov,4,12,7380,,1,1,1.0,0.6,5.4,,202.1,0.0,22.0,,77.22,0.0,14.7,0.8,7.88,6.53,5.07
Nov,4,13,7381,,1,1,1.0,2.8,5.99,,161.07,0.0,22.0,,58.49,0.0,14.7,0.8,7.88,6.53,5.07
Nov,4,14,7382,,1,1,1.0,2.8,6.32,,143.35,0.0,22.0,,52.06,0.0,14.7,0.8,7.88,6.53,5.07
Nov,4,15,7383,,1,1,1.0,2.2,6.49,,139.94,0.0,22.0,,51.52,0.0,14.7,0.8,7.88,6.53,5.07
Nov,4,16,7384,,1,1,1.0,1.1,6.46,,151.13,0.0,22.0,,57.07,0.0,14.7,0.8,7.88,6.53,5.07
Nov,4,17,7385,,1,1,1.0,1.1,6.44,,160.18,0.0,22.0,,60.49,0.0,14.7,0.8,7.88,6.53,5.07
Nov,4,18,7386,,1,1,1.0,1.1,6.45,,165.2,0.0,22.0,,62.38,0.0,14.7,0.8,7.88,6.53,5.07
Nov,4,19,7387,,1,1,1.0,0.0,6.33,,179.89,0.0,22.0,,69.72,0.0,14.7,0.8,7.88,6.53,5.07
Nov,4,20,7388,,1,1,1.0,-1.7,6.1,,200.22,0.0,22.0,,82.15,0.0,14.7,0.8,7.88,6.53,5.07
Nov,4,21,7389,,1,1,1.0,-1.7,6.06,,204.84,0.0,22.0,,84.05,0.0,14.7,0.8,7.88,6.53,5.07
Nov,4,22,7390,,1,1,0.77,-1.7,6.21,,24.03,0.0,22.0,,9.86,0.0,0.0,0.61,6.04,6.53,3.88
Nov,4,23,7391,,1,1,0.77,-0.6,6.26,,23.75,0.0,22.0,,9.39,0.0,0.0,0.61,6.04,6.53,3.88
Nov,4,24,7392,,1,1,0.77,-1.7,6.15,,25.48,0.0,22.0,,10.45,0.0,0.0,0.61,6.04,6.53,3.88
Nov,5,1,7393,,1,1,0.77,-1.1,6.16,,25.51,0.0,22.0,,10.25,0.0,0.0,0.61,6.04,6.53,3.88
Nov,5,2,7394,,1,1,0.77,-1.1,6.14,,26.0,0.0,22.0,,10.45,0.0,0.0,0.61,6.04,6.53,3.88
Nov,5,3,7395,,1,1,0.77,-1.1,6.11,,26.43,0.0,22.0,,10.62,0.0,0.0,0.61,6.04,6.53,3.88
Nov,5,4,7396,,1,1,0.77,-1.1,6.08,,26.8,0.0,22.0,,10.77,0.0,0.0,0.61,6.04,6.53,3.88
Nov,5,5,7397,,1,1,0.77,-5.0,5.74,,31.06,0.0,22.0,,14.38,0.0,0.0,0.61,6.04,6.53,3.88
Nov,5,6,7398,,1,1,0.77,-3.3,5.78,,29.97,0.0,22.0,,13.01,0.0,0.0,0.61,6.04,6.53,3.88
Nov,5,7,7399,,1,1,1.0,-2.2,5.42,,254.83,0.0,22.0,,106.39,0.0,14.7,0.8,7.88,6.53,5.07
Nov,5,8,7400,,1,1,1.0,0.6,6.05,,203.42,0.0,22.0,,77.72,0.0,14.7,0.8,7.88,6.53,5.07
Nov,5,9,7401,,1,1,1.0,2.2,6.38,,180.11,0.0,22.0,,66.3,0.0,14.7,0.8,7.88,6.53,5.07
Nov,5,10,7402,,1,1,1.0,3.9,6.83,,150.99,0.0,22.0,,53.51,0.0,14.7,0.8,7.88,6.53,5.07
Nov,5,11,7403,,1,1,1.0,6.1,7.46,,111.74,0.0,22.0,,37.72,0.0,14.7,0.8,7.88,6.53,5.07
Nov,5,12,7404,,1,1,1.0,7.8,8.12,,73.93,0.0,22.0,,24.04,0.0,14.7,0.8,7.88,6.53,5.07
Nov,5,13,7405,,1,1,1.0,8.3,8.69,,46.98,0.0,22.0,,15.12,0.0,14.7,0.8,7.88,6.53,5.07
Nov,5,14,7406,,1,1,1.0,9.4,9.3,,19.87,0.0,22.0,,6.25,0.0,14.7,0.8,7.88,6.53,5.07
Nov,5,15,7407,,1,1,1.0,10.0,9.78,,4.13,0.0,22.0,,1.28,0.0,14.7,0.8,7.88,6.53,5.07
Nov,5,16,7408,,1,1,1.0,9.4,10.01,,8.64,0.0,22.0,,2.72,0.0,14.7,0.8,7.88,6.53,5.07
Nov,5,17,7409,,1,1,1.0,6.1,9.66,,55.02,0.0,22.0,,18.57,0.0,14.7,0.8,7.88,6.53,5.07
Nov,5,18,7410,,1,1,1.0,3.9,9.44,,86.13,0.0,22.0,,30.52,0.0,14.7,0.8,7.88,6.53,5.07
Nov,5,19,7411,,1,1,1.0,1.1,9.09,,122.51,0.0,22.0,,46.26,0.0,14.7,0.8,7.88,6.53,5.07
Nov,5,20,7412,,1,1,1.0,2.2,9.18,,122.27,0.0,22.0,,45.01,0.0,14.7,0.8,7.88,6.53,5.07
Nov,5,21,7413,,1,1,1.0,2.8,9.23,,124.81,0.0,22.0,,45.33,0.0,14.7,0.8,7.88,6.53,5.07
Nov,5,22,7414,,1,1,0.77,3.3,9.39,,12.85,0.0,22.0,,4.61,0.0,0.0,0.61,6.04,6.53,3.88
Nov,5,23,7415,,1,1,0.77,2.8,9.35,,14.56,0.0,22.0,,5.29,0.0,0.0,0.61,6.04,6.53,3.88
Nov,5,24,7416,,1,1,0.77,3.9,9.42,,14.53,0.0,22.0,,5.15,0.0,0.0,0.61,6.04,6.53,3.88
Nov,6,1,7417,,1,1,0.77,3.3,9.38,,15.98,0.0,22.0,,5.74,0.0,0.0,0.61,6.04,6.53,3.88
Nov,6,2,7418,,1,1,0.77,2.8,9.33,,17.26,0.0,22.0,,6.27,0.0,0.0,0.61,6.04,6.53,3.88
Nov,6,3,7419,,1,1,0.77,3.3,9.36,,17.47,0.0,22.0,,6.27,0.0,0.0,0.61,6.04,6.53,3.88
Nov,6,4,7420,,1,1,0.77,3.3,9.36,,18.05,0.0,22.0,,6.48,0.0,0.0,0.61,6.04,6.53,3.88
Nov,6,5,7421,,1,1,0.77,4.4,9.44,,17.44,0.0,22.0,,6.11,0.0,0.0,0.61,6.04,6.53,3.88
Nov,6,6,7422,,1,1,0.77,3.3,9.37,,18.88,0.0,22.0,,6.78,0.0,0.0,0.61,6.04,6.53,3.88
Nov,6,7,7423,,1,1,1.0,2.8,9.0,,182.6,0.0,22.0,,66.31,0.0,14.7,0.8,7.88,6.53,5.07
Nov,6,8,7424,,1,1,1.0,4.0,9.5,,144.25,0.0,22.0,,51.01,0.0,14.7,0.8,7.88,6.53,5.07
Nov,6,9,7425,,1,1,1.0,6.1,10.13,,101.03,0.0,22.0,,34.1,0.0,14.7,0.8,7.88,6.53,5.07
Nov,6,10,7426,,1,1,1.0,8.9,10.88,,53.19,0.0,22.0,,16.9,0.0,14.7,0.8,7.88,6.53,5.07
Nov,6,11,7427,,1,1,1.0,12.2,11.81,,0.0,2.54,22.03,,0.0,0.4,14.7,0.8,7.88,6.53,5.07
Nov,6,12,7428,,1,1,1.0,13.9,12.58,,0.0,40.24,22.55,,0.0,6.67,14.7,0.8,7.88,6.53,5.07
Nov,6,13,7429,,1,1,1.0,15.0,13.28,,0.0,73.67,23.0,,0.0,12.55,14.7,0.8,7.88,6.53,5.07
Nov,6,14,7430,,1,1,1.0,15.6,13.87,,0.0,99.72,23.36,,0.0,17.25,14.7,0.8,7.88,6.53,5.07
Nov,6,15,7431,,1,1,1.0,15.6,14.29,,0.0,113.83,23.55,,0.0,19.69,14.7,0.8,7.88,6.53,5.07
Nov,6,16,7432,,1,1,1.0,13.3,14.33,,0.0,99.86,23.36,,0.0,16.31,14.7,0.8,7.88,6.53,5.07
Nov,6,17,7433,,1,1,1.0,8.3,13.75,,0.0,41.03,22.56,,0.0,5.98,14.7,0.8,7.88,6.53,5.07
Nov,6,18,7434,,1,1,1.0,5.0,13.34,,4.94,0.0,22.0,,1.71,0.0,14.7,0.8,7.88,6.53,5.07
Nov,6,19,7435,,1,1,1.0,4.4,13.2,,29.62,0.0,22.0,,10.38,0.0,14.7,0.8,7.88,6.53,5.07
Nov,6,20,7436,,1,1,1.0,3.3,12.99,,56.75,0.0,22.0,,20.38,0.0,14.7,0.8,7.88,6.53,5.07
Nov,6,21,7437,,1,1,1.0,5.6,13.2,,50.18,0.0,22.0,,17.13,0.0,14.7,0.8,7.88,6.53,5.07
Nov,6,22,7438,,1,1,0.77,5.6,13.35,,2.94,0.0,22.0,,1.0,0.0,0.0,0.61,6.04,6.53,3.88
Nov,6,23,7439,,1,1,0.77,4.4,13.21,,6.18,0.0,22.0,,2.17,0.0,0.0,0.61,6.04,6.53,3.88
Nov,6,24,7440,,1,1,0.77,5.6,13.25,,6.82,0.0,22.0,,2.33,0.0,0.0,0.61,6.04,6.53,3.88
Nov,7,1,7441,,1,1,0.77,5.0,13.17,,8.92,0.0,22.0,,3.09,0.0,0.0,0.61,6.04,6.53,3.88
Nov,7,2,7442,,1,1,0.77,5.0,13.13,,10.27,0.0,22.0,,3.55,0.0,0.0,0.61,6.04,6.53,3.88
Nov,7,3,7443,,1,1,0.77,5.6,13.13,,10.82,0.0,22.0,,3.69,0.0,0.0,0.61,6.04,6.53,3.88
Nov,7,4,7444,,1,1,0.77,5.0,13.05,,12.38,0.0,22.0,,4.28,0.0,0.0,0.61,6.04,6.53,3.88
Nov,7,5,7445,,1,1,0.77,5.6,13.06,,12.65,0.0,22.0,,4.32,0.0,0.0,0.61,6.04,6.53,3.88
Nov,7,6,7446,,1,1,0.77,5.6,13.03,,13.36,0.0,22.0,,4.56,0.0,0.0,0.61,6.04,6.53,3.88
Nov,7,7,7447,,1,1,1.0,6.7,12.77,,128.96,0.0,22.0,,42.96,0.0,14.7,0.8,7.88,6.53,5.07
Nov,7,8,7448,,1,1,1.0,8.3,13.27,,91.72,0.0,22.0,,29.51,0.0,14.7,0.8,7.88,6.53,5.07
Nov,7,9,7449,,1,1,1.0,12.2,14.06,,36.94,0.0,22.0,,10.95,0.0,14.7,0.8,7.88,6.53,5.07
Nov,7,10,7450,,1,1,1.0,15.0,14.75,,0.0,4.79,22.07,,0.0,0.82,14.7,0.8,7.88,6.53,5.07
Nov,7,11,7451,,1,1,1.0,16.1,15.28,,0.0,30.25,22.41,,0.0,5.3,14.7,0.8,7.88,6.53,5.07
Nov,7,12,7452,,1,1,1.0,17.8,15.8,,0.0,56.07,22.76,,0.0,10.28,14.7,0.8,7.88,6.53,5.07
Nov,7,13,7453,,1,1,1.0,16.7,15.93,,0.0,53.33,22.73,,0.0,9.49,14.7,0.8,7.88,6.53,5.07
Nov,7,14,7454,,1,1,1.0,17.2,16.37,,0.0,72.84,22.99,,0.0,13.14,14.7,0.8,7.88,6.53,5.07
Nov,7,15,7455,,1,1,1.0,15.6,16.36,,0.0,60.35,22.82,,0.0,10.44,14.7,0.8,7.88,6.53,5.07
Nov,7,16,7456,,1,1,1.0,15.0,16.4,,0.0,52.28,22.71,,0.0,8.91,14.7,0.8,7.88,6.53,5.07
Nov,7,17,7457,,1,1,1.0,11.1,16.01,,0.0,12.09,22.16,,0.0,1.88,14.7,0.8,7.88,6.53,5.07
Nov,7,18,7458,,1,1,1.0,11.1,16.04,,0.0,3.03,22.04,,0.0,0.47,14.7,0.8,7.88,6.53,5.07
Nov,7,19,7459,,1,1,1.0,11.1,16.06,,5.82,0.0,22.0,,1.77,0.0,14.7,0.8,7.88,6.53,5.07
Nov,7,20,7460,,1,1,1.0,10.6,16.03,,18.51,0.0,22.0,,5.67,0.0,14.7,0.8,7.88,6.53,5.07
Nov,7,21,7461,,1,1,1.0,9.4,15.89,,36.96,0.0,22.0,,11.62,0.0,14.7,0.8,7.88,6.53,5.07
Nov,7,22,7462,,1,1,0.77,12.8,16.29,,0.0,0.0,22.1,,0.0,0.0,0.0,0.61,6.04,6.53,3.88
Nov,7,23,7463,,1,1,0.77,8.3,15.96,,4.08,0.0,22.0,,1.31,0.0,0.0,0.61,6.04,6.53,3.88
Nov,7,24,7464,,1,1,0.77,7.2,15.83,,6.44,0.0,22.0,,2.12,0.0,0.0,0.61,6.04,6.53,3.88
Nov,8,1,7465,,1,1,0.77,7.2,15.78,,7.62,0.0,22.0,,2.51,0.0,0.0,0.61,6.04,6.53,3.88
Nov,8,2,7466,,1,1,0.77,6.7,15.69,,9.15,0.0,22.0,,3.05,0.0,0.0,0.61,6.04,6.53,3.88
Nov,8,3,7467,,1,1,0.77,5.6,15.54,,11.19,0.0,22.0,,3.82,0.0,0.0,0.61,6.04,6.53,3.88
Nov,8,4,7468,,1,1,0.77,3.9,15.32,,13.82,0.0,22.0,,4.9,0.0,0.0,0.61,6.04,6.53,3.88
Nov,8,5,7469,,1,1,0.77,6.7,15.45,,11.92,0.0,22.0,,3.97,0.0,0.0,0.61,6.04,6.53,3.88
Nov,8,6,7470,,1,1,0.77,5.0,15.25,,14.19,0.0,22.0,,4.91,0.0,0.0,0.61,6.04,6.53,3.88
Nov,8,7,7471,,1,1,1.0,2.2,14.31,,172.73,0.0,22.0,,63.59,0.0,14.7,0.8,7.88,6.53,5.07
Nov,8,8,7472,,1,1,1.0,10.0,15.46,,78.43,0.0,22.0,,24.36,0.0,14.7,0.8,7.88,6.53,5.07
Nov,8,9,7473,,1,1,1.0,8.9,15.33,,88.8,0.0,22.0,,28.21,0.0,14.7,0.8,7.88,6.53,5.07
Nov,8,10,7474,,1,1,1.0,12.2,15.78,,55.57,0.0,22.0,,16.47,0.0,14.7,0.8,7.88,6.53,5.07
Nov,8,11,7475,,1,1,1.0,15.0,16.48,,8.21,0.0,22.0,,2.3,0.0,14.7,0.8,7.88,6.53,5.07
Nov,8,12,7476,,1,1,1.0,15.6,17.0,,0.0,21.43,22.29,,0.0,3.71,14.7,0.8,7.88,6.53,5.07
Nov,8,13,7477,,1,1,1.0,17.8,17.39,,0.0,40.53,22.55,,0.0,7.43,14.7,0.8,7.88,6.53,5.07
Nov,8,14,7478,,1,1,1.0,17.8,17.77,,0.0,59.21,22.81,,0.0,10.85,14.7,0.8,7.88,6.53,5.07
Nov,8,15,7479,,1,1,1.0,15.6,17.89,,0.0,58.99,22.8,,0.0,10.2,14.7,0.8,7.88,6.53,5.07
Nov,8,16,7480,,1,1,1.0,14.4,17.96,,0.0,55.6,22.76,,0.0,9.33,14.7,0.8,7.88,6.53,5.07
Nov,8,17,7481,,1,1,1.0,12.2,17.68,,0.0,26.38,22.36,,0.0,4.2,14.7,0.8,7.88,6.53,5.07
Nov,8,18,7482,,1,1,1.0,10.6,17.49,,0.0,3.85,22.05,,0.0,0.59,14.7,0.8,7.88,6.53,5.07
Nov,8,19,7483,,1,1,1.0,11.7,17.61,,0.0,4.45,22.06,,0.0,0.7,14.7,0.8,7.88,6.53,5.07
Nov,8,20,7484,,1,1,1.0,7.2,17.04,,45.71,0.0,22.0,,15.06,0.0,14.7,0.8,7.88,6.53,5.07
Nov,8,21,7485,,1,1,1.0,6.1,16.8,,65.64,0.0,22.0,,22.16,0.0,14.7,0.8,7.88,6.53,5.07
Nov,8,22,7486,,1,1,0.77,8.3,17.21,,3.22,0.0,22.0,,1.04,0.0,0.0,0.61,6.04,6.53,3.88
Nov,8,23,7487,,1,1,0.77,9.4,17.25,,3.47,0.0,22.0,,1.09,0.0,0.0,0.61,6.04,6.53,3.88
Nov,8,24,7488,,1,1,0.77,7.2,17.03,,6.78,0.0,22.0,,2.23,0.0,0.0,0.61,6.04,6.53,3.88
Nov,9,1,7489,,1,1,0.77,7.2,16.95,,7.92,0.0,22.0,,2.61,0.0,0.0,0.61,6.04,6.53,3.88
Nov,9,2,7490,,1,1,0.77,7.2,16.88,,8.9,0.0,22.0,,2.93,0.0,0.0,0.61,6.04,6.53,3.88
Nov,9,3,7491,,1,1,0.77,8.9,16.95,,8.02,0.0,22.0,,2.55,0.0,0.0,0.61,6.04,6.53,3.88
Nov,9,4,7492,,1,1,0.77,8.3,16.86,,9.21,0.0,22.0,,2.96,0.0,0.0,0.61,6.04,6.53,3.88
Nov,9,5,7493,,1,1,0.77,6.1,16.62,,11.99,0.0,22.0,,4.05,0.0,0.0,0.61,6.04,6.53,3.88
Nov,9,6,7494,,1,1,0.77,5.6,16.49,,13.18,0.0,22.0,,4.5,0.0,0.0,0.61,6.04,6.53,3.88
Nov,9,7,7495,,1,1,1.0,6.1,15.93,,133.72,0.0,22.0,,45.14,0.0,14.7,0.8,7.88,6.53,5.07
Nov,9,8,7496,,1,1,1.0,8.9,16.49,,84.92,0.0,22.0,,26.98,0.0,14.7,0.8,7.88,6.53,5.07
Nov,9,9,7497,,1,1,1.0,11.1,17.02,,44.31,0.0,22.0,,13.44,0.0,14.7,0.8,7.88,6.53,5.07
Nov,9,10,7498,,1,1,1.0,13.9,17.55,,8.57,0.0,22.0,,2.45,0.0,14.7,0.8,7.88,6.53,5.07
Nov,9,11,7499,,1,1,1.0,14.4,17.9,,0.0,10.0,22.14,,0.0,1.68,14.7,0.8,7.88,6.53,5.07
Nov,9,12,7500,,1,1,1.0,12.2,17.9,,0.0,2.72,22.04,,0.0,0.43,14.7,0.8,7.88,6.53,5.07
Nov,9,13,7501,,1,1,1.0,10.0,17.83,,10.0,0.0,22.0,,3.11,0.0,14.7,0.8,7.88,6.53,5.07
Nov,9,14,7502,,1,1,1.0,8.3,17.74,,22.32,0.0,22.0,,7.18,0.0,14.7,0.8,7.88,6.53,5.07
Nov,9,15,7503,,1,1,1.0,10.0,18.0,,8.35,0.0,22.0,,2.59,0.0,14.7,0.8,7.88,6.53,5.07
Nov,9,16,7504,,1,1,1.0,7.8,17.71,,35.32,0.0,22.0,,11.49,0.0,14.7,0.8,7.88,6.53,5.07
Nov,9,17,7505,,1,1,1.0,6.7,17.45,,57.48,0.0,22.0,,19.15,0.0,14.7,0.8,7.88,6.53,5.07
Nov,9,18,7506,,1,1,1.0,5.6,17.19,,76.72,0.0,22.0,,26.19,0.0,14.7,0.8,7.88,6.53,5.07
Nov,9,19,7507,,1,1,1.0,4.4,16.9,,96.26,0.0,22.0,,33.74,0.0,14.7,0.8,7.88,6.53,5.07
Nov,9,20,7508,,1,1,1.0,3.9,16.68,,108.72,0.0,22.0,,38.53,0.0,14.7,0.8,7.88,6.53,5.07
Nov,9,21,7509,,1,1,1.0,3.3,16.44,,121.33,0.0,22.0,,43.57,0.0,14.7,0.8,7.88,6.53,5.07
Nov,9,22,7510,,1,1,0.77,3.3,16.73,,12.99,0.0,22.0,,4.66,0.0,0.0,0.61,6.04,6.53,3.88
Nov,9,23,7511,,1,1,0.77,3.9,16.64,,13.56,0.0,22.0,,4.81,0.0,0.0,0.61,6.04,6.53,3.88
Nov,9,24,7512,,1,1,0.77,3.3,16.46,,15.14,0.0,22.0,,5.44,0.0,0.0,0.61,6.04,6.53,3.88
Nov,10,1,7513,,1,1,0.77,1.7,16.19,,17.65,0.0,22.0,,6.57,0.0,0.0,0.61,6.04,6.53,3.88
Nov,10,2,7514,,1,1,0.77,-1.1,15.8,,21.41,0.0,22.0,,8.61,0.0,0.0,0.61,6.04,6.53,3.88
Nov,10,3,7515,,1,1,0.77,2.8,15.92,,18.51,0.0,22.0,,6.72,0.0,0.0,0.61,6.04,6.53,3.88
Nov,10,4,7516,,1,1,0.77,1.1,15.64,,20.78,0.0,22.0,,7.85,0.0,0.0,0.61,6.04,6.53,3.88
Nov,10,5,7517,,1,1,0.77,0.6,15.43,,21.92,0.0,22.0,,8.38,0.0,0.0,0.61,6.04,6.53,3.88
Nov,10,6,7518,,1,1,0.77,0.6,15.27,,22.51,0.0,22.0,,8.6,0.0,0.0,0.61,6.04,6.53,3.88
Nov,10,7,7519,,1,1,1.0,0.6,14.38,,209.11,0.0,22.0,,79.9,0.0,14.7,0.8,7.88,6.53,5.07
Nov,10,8,7520,,1,1,1.0,2.8,14.71,,170.19,0.0,22.0,,61.81,0.0,14.7,0.8,7.88,6.53,5.07
Nov,10,9,7521,,1,1,1.0,6.1,15.13,,129.25,0.0,22.0,,43.63,0.0,14.7,0.8,7.88,6.53,5.07
Nov,10,10,7522,,1,1,1.0,6.7,15.34,,108.7,0.0,22.0,,36.21,0.0,14.7,0.8,7.88,6.53,5.07
Nov,10,11,7523,,1,1,1.0,7.2,15.57,,89.34,0.0,22.0,,29.43,0.0,14.7,0.8,7.88,6.53,5.07
Nov,10,12,7524,,1,1,1.0,7.2,15.77,,73.88,0.0,22.0,,24.34,0.0,14.7,0.8,7.88,6.53,5.07
Nov,10,13,7525,,1,1,1.0,8.3,16.08,,52.54,0.0,22.0,,16.91,0.0,14.7,0.8,7.88,6.53,5.07
Nov,10,14,7526,,1,1,1.0,8.9,16.29,,40.68,0.0,22.0,,12.92,0.0,14.7,0.8,7.88,6.53,5.07
Nov,10,15,7527,,1,1,1.0,8.9,16.36,,39.91,0.0,22.0,,12.68,0.0,14.7,0.8,7.88,6.53,5.07
Nov,10,16,7528,,1,1,1.0,8.3,16.3,,49.52,0.0,22.0,,15.93,0.0,14.7,0.8,7.88,6.53,5.07
Nov,10,17,7529,,1,1,1.0,6.1,15.94,,79.17,0.0,22.0,,26.72,0.0,14.7,0.8,7.88,6.53,5.07
Nov,10,18,7530,,1,1,1.0,5.0,15.71,,96.55,0.0,22.0,,33.41,0.0,14.7,0.8,7.88,6.53,5.07
Nov,10,19,7531,,1,1,1.0,3.9,15.45,,113.54,0.0,22.0,,40.24,0.0,14.7,0.8,7.88,6.53,5.07
Nov,10,20,7532,,1,1,1.0,3.3,15.24,,125.5,0.0,22.0,,45.07,0.0,14.7,0.8,7.88,6.53,5.07
Nov,10,21,7533,,1,1,1.0,1.7,14.89,,146.33,0.0,22.0,,54.49,0.0,14.7,0.8,7.88,6.53,5.07
Nov,10,22,7534,,1,1,0.77,2.2,15.23,,15.75,0.0,22.0,,5.8,0.0,0.0,0.61,6.04,6.53,3.88
Nov,10,23,7535,,1,1,0.77,0.0,14.91,,19.04,0.0,22.0,,7.38,0.0,0.0,0.61,6.04,6.53,3.88
Nov,10,24,7536,,1,1,0.77,0.0,14.74,,20.16,0.0,22.0,,7.81,0.0,0.0,0.61,6.04,6.53,3.88
Nov,11,1,7537,,1,1,0.77,0.6,14.62,,20.52,0.0,22.0,,7.84,0.0,0.0,0.61,6.04,6.53,3.88
Nov,11,2,7538,,1,1,0.77,0.0,14.42,,21.91,0.0,22.0,,8.49,0.0,0.0,0.61,6.04,6.53,3.88
Nov,11,3,7539,,1,1,0.77,-0.6,14.21,,23.24,0.0,22.0,,9.19,0.0,0.0,0.61,6.04,6.53,3.88
Nov,11,4,7540,,1,1,0.77,-1.7,13.95,,25.04,0.0,22.0,,10.27,0.0,0.0,0.61,6.04,6.53,3.88
Nov,11,5,7541,,1,1,0.77,-2.2,13.73,,26.24,0.0,22.0,,10.96,0.0,0.0,0.61,6.04,6.53,3.88
Nov,11,6,7542,,1,1,0.77,-0.6,13.67,,25.27,0.0,22.0,,9.99,0.0,0.0,0.61,6.04,6.53,3.88
Nov,11,7,7543,,1,1,1.0,-1.1,12.75,,233.35,0.0,22.0,,93.81,0.0,14.7,0.8,7.88,6.53,5.07
Nov,11,8,7544,,1,1,1.0,2.8,13.32,,176.58,0.0,22.0,,64.13,0.0,14.7,0.8,7.88,6.53,5.07
Nov,11,9,7545,,1,1,1.0,3.9,13.59,,148.04,0.0,22.0,,52.46,0.0,14.7,0.8,7.88,6.53,5.07
Nov,11,10,7546,,1,1,1.0,4.4,13.86,,123.46,0.0,22.0,,43.28,0.0,14.7,0.8,7.88,6.53,5.07
Nov,11,11,7547,,1,1,1.0,3.9,14.09,,104.42,0.0,22.0,,37.0,0.0,14.7,0.8,7.88,6.53,5.07
Nov,11,12,7548,,1,1,1.0,5.6,14.54,,71.71,0.0,22.0,,24.48,0.0,14.7,0.8,7.88,6.53,5.07
Nov,11,13,7549,,1,1,1.0,4.4,14.58,,72.59,0.0,22.0,,25.45,0.0,14.7,0.8,7.88,6.53,5.07
Nov,11,14,7550,,1,1,1.0,5.0,14.71,,66.38,0.0,22.0,,22.97,0.0,14.7,0.8,7.88,6.53,5.07
Nov,11,15,7551,,1,1,1.0,4.4,14.65,,74.96,0.0,22.0,,26.28,0.0,14.7,0.8,7.88,6.53,5.07
Nov,11,16,7552,,1,1,1.0,3.9,14.48,,90.4,0.0,22.0,,32.04,0.0,14.7,0.8,7.88,6.53,5.07
Nov,11,17,7553,,1,1,1.0,1.1,14.0,,127.07,0.0,22.0,,47.98,0.0,14.7,0.8,7.88,6.53,5.07
Nov,11,18,7554,,1,1,1.0,1.1,13.83,,136.58,0.0,22.0,,51.57,0.0,14.7,0.8,7.88,6.53,5.07
Nov,11,19,7555,,1,1,1.0,0.0,13.52,,155.15,0.0,22.0,,60.14,0.0,14.7,0.8,7.88,6.53,5.07
Nov,11,20,7556,,1,1,1.0,-0.6,13.26,,168.47,0.0,22.0,,66.6,0.0,14.7,0.8,7.88,6.53,5.07
Nov,11,21,7557,,1,1,1.0,-1.7,12.93,,185.77,0.0,22.0,,76.22,0.0,14.7,0.8,7.88,6.53,5.07
Nov,11,22,7558,,1,1,0.77,-1.1,13.31,,20.53,0.0,22.0,,8.25,0.0,0.0,0.61,6.04,6.53,3.88
Nov,11,23,7559,,1,1,0.77,-1.7,13.1,,22.31,0.0,22.0,,9.15,0.0,0.0,0.61,6.04,6.53,3.88
Nov,11,24,7560,,1,1,0.77,-4.4,12.71,,26.11,0.0,22.0,,11.81,0.0,0.0,0.61,6.04,6.53,3.88
Nov,12,1,7561,,1,1,0.77,-2.8,12.63,,25.65,0.0,22.0,,10.94,0.0,0.0,0.61,6.04,6.53,3.88
Nov,12,2,7562,,1,1,0.77,-2.8,12.45,,26.51,0.0,22.0,,11.31,0.0,0.0,0.61,6.04,6.53,3.88
Nov,12,3,7563,,1,1,0.77,-3.3,12.24,,27.76,0.0,22.0,,12.05,0.0,0.0,0.61,6.04,6.53,3.88
Nov,12,4,7564,,1,1,0.77,-3.9,12.01,,29.06,0.0,22.0,,12.9,0.0,0.0,0.61,6.04,6.53,3.88
Nov,12,5,7565,,1,1,0.77,-3.9,11.82,,29.71,0.0,22.0,,13.19,0.0,0.0,0.61,6.04,6.53,3.88
Nov,12,6,7566,,1,1,0.77,-5.0,11.54,,31.39,0.0,22.0,,14.53,0.0,0.0,0.61,6.04,6.53,3.88
Nov,12,7,7567,,1,1,1.0,-3.9,10.67,,270.21,0.0,22.0,,119.97,0.0,14.7,0.8,7.88,6.53,5.07
Nov,12,8,7568,,1,1,1.0,-1.1,11.12,,220.99,0.0,22.0,,88.84,0.0,14.7,0.8,7.88,6.53,5.07
Nov,12,9,7569,,1,1,1.0,2.2,11.7,,167.81,0.0,22.0,,61.78,0.0,14.7,0.8,7.88,6.53,5.07
Nov,12,10,7570,,1,1,1.0,5.6,12.35,,116.47,0.0,22.0,,39.76,0.0,14.7,0.8,7.88,6.53,5.07
Nov,12,11,7571,,1,1,1.0,7.2,12.89,,78.11,0.0,22.0,,25.73,0.0,14.7,0.8,7.88,6.53,5.07
Nov,12,12,7572,,1,1,1.0,8.9,13.49,,39.41,0.0,22.0,,12.52,0.0,14.7,0.8,7.88,6.53,5.07
Nov,12,13,7573,,1,1,1.0,9.4,13.96,,15.23,0.0,22.0,,4.79,0.0,14.7,0.8,7.88,6.53,5.07
Nov,12,14,7574,,1,1,1.0,11.1,14.53,,0.0,14.11,22.19,,0.0,2.19,14.7,0.8,7.88,6.53,5.07
Nov,12,15,7575,,1,1,1.0,10.6,14.79,,0.0,19.9,22.27,,0.0,3.05,14.7,0.8,7.88,6.53,5.07
Nov,12,16,7576,,1,1,1.0,10.6,14.98,,0.0,19.96,22.27,,0.0,3.06,14.7,0.8,7.88,6.53,5.07
Nov,12,17,7577,,1,1,1.0,8.3,14.66,,16.44,0.0,22.0,,5.29,0.0,14.7,0.8,7.88,6.53,5.07
Nov,12,18,7578,,1,1,1.0,4.4,14.15,,64.77,0.0,22.0,,22.7,0.0,14.7,0.8,7.88,6.53,5.07
Nov,12,19,7579,,1,1,1.0,4.4,14.06,,76.79,0.0,22.0,,26.92,0.0,14.7,0.8,7.88,6.53,5.07
Nov,12,20,7580,,1,1,1.0,6.1,14.19,,71.18,0.0,22.0,,24.03,0.0,14.7,0.8,7.88,6.53,5.07
Nov,12,21,7581,,1,1,1.0,2.2,13.64,,115.99,0.0,22.0,,42.7,0.0,14.7,0.8,7.88,6.53,5.07
Nov,12,22,7582,,1,1,0.77,3.3,13.98,,10.71,0.0,22.0,,3.85,0.0,0.0,0.61,6.04,6.53,3.88
Nov,12,23,7583,,1,1,0.77,4.4,13.98,,11.09,0.0,22.0,,3.89,0.0,0.0,0.61,6.04,6.53,3.88
Nov,12,24,7584,,1,1,0.77,5.6,14.01,,11.06,0.0,22.0,,3.78,0.0,0.0,0.61,6.04,6.53,3.88
Nov,13,1,7585,,1,1,0.77,6.1,14.0,,11.48,0.0,22.0,,3.87,0.0,0.0,0.61,6.04,6.53,3.88
Nov,13,2,7586,,1,1,0.77,7.2,14.05,,11.11,0.0,22.0,,3.66,0.0,0.0,0.61,6.04,6.53,3.88
Nov,13,3,7587,,1,1,0.77,6.7,13.99,,12.17,0.0,22.0,,4.05,0.0,0.0,0.61,6.04,6.53,3.88
Nov,13,4,7588,,1,1,0.77,7.8,14.05,,11.57,0.0,22.0,,3.76,0.0,0.0,0.61,6.04,6.53,3.88
Nov,13,5,7589,,1,1,0.77,8.3,14.09,,11.42,0.0,22.0,,3.67,0.0,0.0,0.61,6.04,6.53,3.88
Nov,13,6,7590,,1,1,0.77,8.3,14.09,,11.67,0.0,22.0,,3.76,0.0,0.0,0.61,6.04,6.53,3.88
Nov,13,7,7591,,1,1,1.0,6.1,13.52,,138.36,0.0,22.0,,46.7,0.0,14.7,0.8,7.88,6.53,5.07
Nov,13,8,7592,,1,1,1.0,3.3,13.29,,151.34,0.0,22.0,,54.35,0.0,14.7,0.8,7.88,6.53,5.07
Nov,13,9,7593,,1,1,1.0,4.4,13.37,,140.81,0.0,22.0,,49.36,0.0,14.7,0.8,7.88,6.53,5.07
Nov,13,10,7594,,1,1,1.0,7.8,13.98,,92.73,0.0,22.0,,30.16,0.0,14.7,0.8,7.88,6.53,5.07
Nov,13,11,7595,,1,1,1.0,11.1,14.5,,56.35,0.0,22.0,,17.09,0.0,14.7,0.8,7.88,6.53,5.07
Nov,13,12,7596,,1,1,1.0,11.7,14.78,,41.72,0.0,22.0,,12.49,0.0,14.7,0.8,7.88,6.53,5.07
Nov,13,13,7597,,1,1,1.0,11.7,14.91,,39.05,0.0,22.0,,11.7,0.0,14.7,0.8,7.88,6.53,5.07
Nov,13,14,7598,,1,1,1.0,13.3,15.39,,11.11,0.0,22.0,,3.22,0.0,14.7,0.8,7.88,6.53,5.07
Nov,13,15,7599,,1,1,1.0,11.7,15.25,,31.83,0.0,22.0,,9.53,0.0,14.7,0.8,7.88,6.53,5.07
Nov,13,16,7600,,1,1,1.0,10.0,15.1,,50.8,0.0,22.0,,15.78,0.0,14.7,0.8,7.88,6.53,5.07
Nov,13,17,7601,,1,1,1.0,9.4,15.04,,60.6,0.0,22.0,,19.05,0.0,14.7,0.8,7.88,6.53,5.07
Nov,13,18,7602,,1,1,1.0,10.0,15.13,,58.56,0.0,22.0,,18.19,0.0,14.7,0.8,7.88,6.53,5.07
Nov,13,19,7603,,1,1,1.0,7.8,14.87,,82.09,0.0,22.0,,26.7,0.0,14.7,0.8,7.88,6.53,5.07
Nov,13,20,7604,,1,1,1.0,7.2,14.76,,91.31,0.0,22.0,,30.08,0.0,14.7,0.8,7.88,6.53,5.07
Nov,13,21,7605,,1,1,1.0,6.7,14.66,,99.42,0.0,22.0,,33.12,0.0,14.7,0.8,7.88,6.53,5.07
Nov,13,22,7606,,1,1,0.77,4.0,14.6,,13.5,0.0,22.0,,4.77,0.0,0.0,0.61,6.04,6.53,3.88
Nov,13,23,7607,,1,1,0.77,3.3,14.45,,15.16,0.0,22.0,,5.44,0.0,0.0,0.61,6.04,6.53,3.88
Nov,13,24,7608,,1,1,0.77,2.8,14.31,,16.56,0.0,22.0,,6.01,0.0,0.0,0.61,6.04,6.53,3.88
Nov,14,1,7609,,1,1,0.77,2.8,14.2,,17.37,0.0,22.0,,6.31,0.0,0.0,0.61,6.04,6.53,3.88
Nov,14,2,7610,,1,1,0.77,2.8,14.1,,18.08,0.0,22.0,,6.57,0.0,0.0,0.61,6.04,6.53,3.88
Nov,14,3,7611,,1,1,0.77,2.8,14.0,,18.69,0.0,22.0,,6.79,0.0,0.0,0.61,6.04,6.53,3.88
Nov,14,4,7612,,1,1,0.77,0.6,13.71,,21.44,0.0,22.0,,8.19,0.0,0.0,0.61,6.04,6.53,3.88
Nov,14,5,7613,,1,1,0.77,1.1,13.62,,21.59,0.0,22.0,,8.15,0.0,0.0,0.61,6.04,6.53,3.88
Nov,14,6,7614,,1,1,0.77,1.1,13.49,,22.11,0.0,22.0,,8.35,0.0,0.0,0.61,6.04,6.53,3.88
Nov,14,7,7615,,1,1,1.0,1.7,12.84,,199.05,0.0,22.0,,74.12,0.0,14.7,0.8,7.88,6.53,5.07
Nov,14,8,7616,,1,1,1.0,1.1,12.82,,189.6,0.0,22.0,,71.6,0.0,14.7,0.8,7.88,6.53,5.07
Nov,14,9,7617,,1,1,1.0,3.3,13.33,,143.02,0.0,22.0,,51.36,0.0,14.7,0.8,7.88,6.53,5.07
Nov,14,10,7618,,1,1,1.0,4.4,13.7,,112.1,0.0,22.0,,39.29,0.0,14.7,0.8,7.88,6.53,5.07
Nov,14,11,7619,,1,1,1.0,4.4,13.64,,116.08,0.0,22.0,,40.69,0.0,14.7,0.8,7.88,6.53,5.07
Nov,14,12,7620,,1,1,1.0,6.7,14.34,,63.95,0.0,22.0,,21.3,0.0,14.7,0.8,7.88,6.53,5.07
Nov,14,13,7621,,1,1,1.0,6.1,14.57,,52.39,0.0,22.0,,17.68,0.0,14.7,0.8,7.88,6.53,5.07
Nov,14,14,7622,,1,1,1.0,7.2,14.83,,39.47,0.0,22.0,,13.0,0.0,14.7,0.8,7.88,6.53,5.07
Nov,14,15,7623,,1,1,1.0,6.7,15.0,,34.83,0.0,22.0,,11.6,0.0,14.7,0.8,7.88,6.53,5.07
Nov,14,16,7624,,1,1,1.0,5.6,14.87,,51.92,0.0,22.0,,17.72,0.0,14.7,0.8,7.88,6.53,5.07
Nov,14,17,7625,,1,1,1.0,2.8,14.39,,93.06,0.0,22.0,,33.8,0.0,14.7,0.8,7.88,6.53,5.07
Nov,14,18,7626,,1,1,1.0,1.7,14.11,,114.5,0.0,22.0,,42.64,0.0,14.7,0.8,7.88,6.53,5.07
Nov,14,19,7627,,1,1,1.0,0.6,13.81,,134.98,0.0,22.0,,51.57,0.0,14.7,0.8,7.88,6.53,5.07
Nov,14,20,7628,,1,1,1.0,0.0,13.56,,149.95,0.0,22.0,,58.12,0.0,14.7,0.8,7.88,6.53,5.07
Nov,14,21,7629,,1,1,1.0,0.6,13.45,,152.68,0.0,22.0,,58.34,0.0,14.7,0.8,7.88,6.53,5.07
Nov,14,22,7630,,1,1,0.77,0.0,13.69,,17.48,0.0,22.0,,6.78,0.0,0.0,0.61,6.04,6.53,3.88
Nov,14,23,7631,,1,1,0.77,0.0,13.55,,18.81,0.0,22.0,,7.29,0.0,0.0,0.61,6.04,6.53,3.88
Nov,14,24,7632,,1,1,0.77,0.0,13.4,,19.96,0.0,22.0,,7.74,0.0,0.0,0.61,6.04,6.53,3.88
Nov,15,1,7633,,1,1,0.77,0.0,13.26,,20.95,0.0,22.0,,8.12,0.0,0.0,0.61,6.04,6.53,3.88
Nov,15,2,7634,,1,1,0.77,-0.6,13.07,,22.42,0.0,22.0,,8.86,0.0,0.0,0.61,6.04,6.53,3.88
Nov,15,3,7635,,1,1,0.77,0.0,12.97,,22.61,0.0,22.0,,8.76,0.0,0.0,0.61,6.04,6.53,3.88
Nov,15,4,7636,,1,1,0.77,0.0,12.84,,23.24,0.0,22.0,,9.01,0.0,0.0,0.61,6.04,6.53,3.88
Nov,15,5,7637,,1,1,0.77,0.0,12.71,,23.79,0.0,22.0,,9.22,0.0,0.0,0.61,6.04,6.53,3.88
Nov,15,6,7638,,1,1,0.77,1.7,12.72,,22.54,0.0,22.0,,8.39,0.0,0.0,0.61,6.04,6.53,3.88
Nov,15,7,7639,,1,1,1.0,1.7,12.08,,203.86,0.0,22.0,,75.91,0.0,14.7,0.8,7.88,6.53,5.07
Nov,15,8,7640,,1,1,1.0,1.7,12.14,,189.77,0.0,22.0,,70.67,0.0,14.7,0.8,7.88,6.53,5.07
Nov,15,9,7641,,1,1,1.0,1.7,12.27,,172.13,0.0,22.0,,64.1,0.0,14.7,0.8,7.88,6.53,5.07
Nov,15,10,7642,,1,1,1.0,2.8,12.33,,162.38,0.0,22.0,,58.97,0.0,14.7,0.8,7.88,6.53,5.07
Nov,15,11,7643,,1,1,1.0,3.3,12.54,,142.18,0.0,22.0,,51.06,0.0,14.7,0.8,7.88,6.53,5.07
Nov,15,12,7644,,1,1,1.0,5.0,12.73,,125.71,0.0,22.0,,43.5,0.0,14.7,0.8,7.88,6.53,5.07
Nov,15,13,7645,,1,1,1.0,4.4,12.71,,126.46,0.0,22.0,,44.33,0.0,14.7,0.8,7.88,6.53,5.07
Nov,15,14,7646,,1,1,1.0,5.6,13.15,,93.76,0.0,22.0,,32.0,0.0,14.7,0.8,7.88,6.53,5.07
Nov,15,15,7647,,1,1,1.0,2.8,12.97,,110.69,0.0,22.0,,40.2,0.0,14.7,0.8,7.88,6.53,5.07
Nov,15,16,7648,,1,1,1.0,2.8,13.0,,109.21,0.0,22.0,,39.66,0.0,14.7,0.8,7.88,6.53,5.07
Nov,15,17,7649,,1,1,1.0,1.7,12.7,,132.83,0.0,22.0,,49.46,0.0,14.7,0.8,7.88,6.53,5.07
Nov,15,18,7650,,1,1,1.0,2.2,12.64,,135.77,0.0,22.0,,49.98,0.0,14.7,0.8,7.88,6.53,5.07
Nov,15,19,7651,,1,1,1.0,0.0,12.25,,162.83,0.0,22.0,,63.11,0.0,14.7,0.8,7.88,6.53,5.07
Nov,15,20,7652,,1,1,1.0,-0.6,12.02,,175.11,0.0,22.0,,69.22,0.0,14.7,0.8,7.88,6.53,5.07
Nov,15,21,7653,,1,1,1.0,-0.6,11.86,,181.16,0.0,22.0,,71.62,0.0,14.7,0.8,7.88,6.53,5.07
Nov,15,22,7654,,1,1,0.77,-1.1,12.1,,21.3,0.0,22.0,,8.56,0.0,0.0,0.61,6.04,6.53,3.88
Nov,15,23,7655,,1,1,0.77,-4.4,11.69,,25.71,0.0,22.0,,11.63,0.0,0.0,0.61,6.04,6.53,3.88
Nov,15,24,7656,,1,1,0.77,-5.6,11.4,,28.14,0.0,22.0,,11.7,0.0,0.0,0.61,6.04,6.53,3.88
Nov,16,1,7657,,1,1,0.77,-2.8,11.42,,26.47,0.0,22.0,,11.29,0.0,0.0,0.61,6.04,6.53,3.88
Nov,16,2,7658,,1,1,0.77,-2.8,11.26,,27.22,0.0,22.0,,11.61,0.0,0.0,0.61,6.04,6.53,3.88
Nov,16,3,7659,,1,1,0.77,-2.8,11.11,,27.87,0.0,22.0,,11.89,0.0,0.0,0.61,6.04,6.53,3.88
Nov,16,4,7660,,1,1,0.77,-2.2,11.01,,27.82,0.0,22.0,,11.61,0.0,0.0,0.61,6.04,6.53,3.88
Nov,16,5,7661,,1,1,0.77,-1.7,10.91,,27.75,0.0,22.0,,11.39,0.0,0.0,0.61,6.04,6.53,3.88
Nov,16,6,7662,,1,1,0.77,-2.2,10.74,,28.58,0.0,22.0,,11.93,0.0,0.0,0.61,6.04,6.53,3.88
Nov,16,7,7663,,1,1,1.0,-2.2,9.97,,252.89,0.0,22.0,,105.58,0.0,14.7,0.8,7.88,6.53,5.07
Nov,16,8,7664,,1,1,1.0,0.6,10.37,,210.99,0.0,22.0,,80.62,0.0,14.7,0.8,7.88,6.53,5.07
Nov,16,9,7665,,1,1,1.0,4.4,11.12,,148.57,0.0,22.0,,52.08,0.0,14.7,0.8,7.88,6.53,5.07
Nov,16,10,7666,,1,1,1.0,8.9,11.96,,86.13,0.0,22.0,,27.37,0.0,14.7,0.8,7.88,6.53,5.07
Nov,16,11,7667,,1,1,1.0,10.6,12.59,,46.06,0.0,22.0,,14.12,0.0,14.7,0.8,7.88,6.53,5.07
Nov,16,12,7668,,1,1,1.0,12.2,13.3,,4.83,0.0,22.0,,1.43,0.0,14.7,0.8,7.88,6.53,5.07
Nov,16,13,7669,,1,1,1.0,13.9,13.97,,0.0,29.47,22.4,,0.0,4.89,14.7,0.8,7.88,6.53,5.07
Nov,16,14,7670,,1,1,1.0,13.9,14.38,,0.0,44.58,22.61,,0.0,7.39,14.7,0.8,7.88,6.53,5.07
Nov,16,15,7671,,1,1,1.0,13.3,14.65,,0.0,49.4,22.67,,0.0,8.07,14.7,0.8,7.88,6.53,5.07
Nov,16,16,7672,,1,1,1.0,10.6,14.54,,0.0,26.97,22.37,,0.0,4.14,14.7,0.8,7.88,6.53,5.07
Nov,16,17,7673,,1,1,1.0,9.4,14.38,,0.0,1.38,22.02,,0.0,0.21,14.7,0.8,7.88,6.53,5.07
Nov,16,18,7674,,1,1,1.0,5.6,13.92,,46.27,0.0,22.0,,15.79,0.0,14.7,0.8,7.88,6.53,5.07
Nov,16,19,7675,,1,1,1.0,3.9,13.64,,74.64,0.0,22.0,,26.45,0.0,14.7,0.8,7.88,6.53,5.07
Nov,16,20,7676,,1,1,1.0,4.4,13.62,,81.51,0.0,22.0,,28.57,0.0,14.7,0.8,7.88,6.53,5.07
Nov,16,21,7677,,1,1,1.0,3.9,13.47,,95.97,0.0,22.0,,34.01,0.0,14.7,0.8,7.88,6.53,5.07
Nov,16,22,7678,,1,1,0.77,5.0,13.77,,8.22,0.0,22.0,,2.84,0.0,0.0,0.61,6.04,6.53,3.88
Nov,16,23,7679,,1,1,0.77,5.0,13.71,,9.66,0.0,22.0,,3.34,0.0,0.0,0.61,6.04,6.53,3.88
Nov,16,24,7680,,1,1,0.77,5.0,13.66,,10.91,0.0,22.0,,3.78,0.0,0.0,0.61,6.04,6.53,3.88
Nov,17,1,7681,,1,1,0.77,5.0,13.6,,11.99,0.0,22.0,,4.15,0.0,0.0,0.61,6.04,6.53,3.88
Nov,17,2,7682,,1,1,0.77,7.2,13.73,,10.69,0.0,22.0,,3.52,0.0,0.0,0.61,6.04,6.53,3.88
Nov,17,3,7683,,1,1,0.77,5.6,13.59,,12.92,0.0,22.0,,4.41,0.0,0.0,0.61,6.04,6.53,3.88
Nov,17,4,7684,,1,1,0.77,6.1,13.59,,13.08,0.0,22.0,,4.42,0.0,0.0,0.61,6.04,6.53,3.88
Nov,17,5,7685,,1,1,0.77,6.7,13.61,,13.01,0.0,22.0,,4.33,0.0,0.0,0.61,6.04,6.53,3.88
Nov,17,6,7686,,1,1,0.77,8.9,13.77,,11.18,0.0,22.0,,3.55,0.0,0.0,0.61,6.04,6.53,3.88
Nov,17,7,7687,,1,1,1.0,3.9,12.9,,159.35,0.0,22.0,,56.47,0.0,14.7,0.8,7.88,6.53,5.07
Nov,17,8,7688,,1,1,1.0,2.8,12.86,,157.06,0.0,22.0,,57.04,0.0,14.7,0.8,7.88,6.53,5.07
Nov,17,9,7689,,1,1,1.0,3.9,13.12,,133.06,0.0,22.0,,47.15,0.0,14.7,0.8,7.88,6.53,5.07
Nov,17,10,7690,,1,1,1.0,9.4,14.02,,65.22,0.0,22.0,,20.51,0.0,14.7,0.8,7.88,6.53,5.07
Nov,17,11,7691,,1,1,1.0,12.2,14.67,,22.44,0.0,22.0,,6.65,0.0,14.7,0.8,7.88,6.53,5.07
Nov,17,12,7692,,1,1,1.0,14.4,15.44,,0.0,23.7,22.32,,0.0,3.98,14.7,0.8,7.88,6.53,5.07
Nov,17,13,7693,,1,1,1.0,14.4,15.91,,0.0,45.83,22.62,,0.0,7.69,14.7,0.8,7.88,6.53,5.07
Nov,17,14,7694,,1,1,1.0,15.0,16.35,,0.0,65.95,22.9,,0.0,11.24,14.7,0.8,7.88,6.53,5.07
Nov,17,15,7695,,1,1,1.0,14.4,16.59,,0.0,72.26,22.98,,0.0,12.13,14.7,0.8,7.88,6.53,5.07
Nov,17,16,7696,,1,1,1.0,13.3,16.58,,0.0,59.7,22.81,,0.0,9.75,14.7,0.8,7.88,6.53,5.07
Nov,17,17,7697,,1,1,1.0,10.0,16.19,,0.0,20.05,22.27,,0.0,3.03,14.7,0.8,7.88,6.53,5.07
Nov,17,18,7698,,1,1,1.0,8.3,15.97,,7.18,0.0,22.0,,2.31,0.0,14.7,0.8,7.88,6.53,5.07
Nov,17,19,7699,,1,1,1.0,8.3,15.93,,20.0,0.0,22.0,,6.44,0.0,14.7,0.8,7.88,6.53,5.07
Nov,17,20,7700,,1,1,1.0,6.1,15.61,,51.79,0.0,22.0,,17.48,0.0,14.7,0.8,7.88,6.53,5.07
Nov,17,21,7701,,1,1,1.0,5.6,15.46,,67.22,0.0,22.0,,22.95,0.0,14.7,0.8,7.88,6.53,5.07
Nov,17,22,7702,,1,1,0.77,7.8,15.85,,3.3,0.0,22.0,,1.07,0.0,0.0,0.61,6.04,6.53,3.88
Nov,17,23,7703,,1,1,0.77,6.7,15.71,,5.88,0.0,22.0,,1.96,0.0,0.0,0.61,6.04,6.53,3.88
Nov,17,24,7704,,1,1,0.77,7.2,15.7,,6.75,0.0,22.0,,2.22,0.0,0.0,0.61,6.04,6.53,3.88
Nov,18,1,7705,,1,1,0.77,5.6,15.51,,9.51,0.0,22.0,,3.25,0.0,0.0,0.61,6.04,6.53,3.88
Nov,18,2,7706,,1,1,0.77,5.0,15.39,,11.24,0.0,22.0,,3.89,0.0,0.0,0.61,6.04,6.53,3.88
Nov,18,3,7707,,1,1,0.77,2.2,15.07,,15.11,0.0,22.0,,5.56,0.0,0.0,0.61,6.04,6.53,3.88
Nov,18,4,7708,,1,1,0.77,0.6,14.81,,17.88,0.0,22.0,,6.83,0.0,0.0,0.61,6.04,6.53,3.88
Nov,18,5,7709,,1,1,0.77,-2.2,14.42,,21.85,0.0,22.0,,9.12,0.0,0.0,0.61,6.04,6.53,3.88
Nov,18,6,7710,,1,1,0.77,-2.2,14.22,,23.09,0.0,22.0,,9.64,0.0,0.0,0.61,6.04,6.53,3.88
Nov,18,7,7711,,1,1,1.0,-2.2,13.22,,225.82,0.0,22.0,,94.28,0.0,14.7,0.8,7.88,6.53,5.07
Nov,18,8,7712,,1,1,1.0,0.6,13.54,,187.44,0.0,22.0,,71.62,0.0,14.7,0.8,7.88,6.53,5.07
Nov,18,9,7713,,1,1,1.0,3.3,14.06,,138.94,0.0,22.0,,49.9,0.0,14.7,0.8,7.88,6.53,5.07
Nov,18,10,7714,,1,1,1.0,5.6,14.56,,97.76,0.0,22.0,,33.37,0.0,14.7,0.8,7.88,6.53,5.07
Nov,18,11,7715,,1,1,1.0,6.7,14.99,,65.96,0.0,22.0,,21.97,0.0,14.7,0.8,7.88,6.53,5.07
Nov,18,12,7716,,1,1,1.0,7.8,15.29,,47.36,0.0,22.0,,15.4,0.0,14.7,0.8,7.88,6.53,5.07
Nov,18,13,7717,,1,1,1.0,10.0,15.94,,5.16,0.0,22.0,,1.6,0.0,14.7,0.8,7.88,6.53,5.07
Nov,18,14,7718,,1,1,1.0,10.6,16.38,,0.0,16.57,22.23,,0.0,2.54,14.7,0.8,7.88,6.53,5.07
Nov,18,15,7719,,1,1,1.0,11.1,16.67,,0.0,27.52,22.37,,0.0,4.27,14.7,0.8,7.88,6.53,5.07
Nov,18,16,7720,,1,1,1.0,10.0,16.68,,0.0,17.73,22.24,,0.0,2.68,14.7,0.8,7.88,6.53,5.07
Nov,18,17,7721,,1,1,1.0,7.8,16.32,,18.74,0.0,22.0,,6.09,0.0,14.7,0.8,7.88,6.53,5.07
Nov,18,18,7722,,1,1,1.0,5.6,15.97,,51.59,0.0,22.0,,17.61,0.0,14.7,0.8,7.88,6.53,5.07
Nov,18,19,7723,,1,1,1.0,6.7,16.01,,52.89,0.0,22.0,,17.62,0.0,14.7,0.8,7.88,6.53,5.07
Nov,18,20,7724,,1,1,1.0,6.1,15.85,,68.04,0.0,22.0,,22.97,0.0,14.7,0.8,7.88,6.53,5.07
Nov,18,21,7725,,1,1,1.0,5.6,15.69,,81.27,0.0,22.0,,27.74,0.0,14.7,0.8,7.88,6.53,5.07
Nov,18,22,7726,,1,1,0.77,5.6,15.91,,7.66,0.0,22.0,,2.61,0.0,0.0,0.61,6.04,6.53,3.88
Nov,18,23,7727,,1,1,0.77,4.4,15.73,,10.25,0.0,22.0,,3.59,0.0,0.0,0.61,6.04,6.53,3.88
Nov,18,24,7728,,1,1,0.77,5.0,15.67,,10.95,0.0,22.0,,3.79,0.0,0.0,0.61,6.04,6.53,3.88
Nov,19,1,7729,,1,1,0.77,5.6,15.63,,11.41,0.0,22.0,,3.89,0.0,0.0,0.61,6.04,6.53,3.88
Nov,19,2,7730,,1,1,0.77,6.7,15.64,,11.17,0.0,22.0,,3.72,0.0,0.0,0.61,6.04,6.53,3.88
Nov,19,3,7731,,1,1,0.77,6.7,15.58,,11.83,0.0,22.0,,3.94,0.0,0.0,0.61,6.04,6.53,3.88
Nov,19,4,7732,,1,1,0.77,3.9,15.3,,15.23,0.0,22.0,,5.4,0.0,0.0,0.61,6.04,6.53,3.88
Nov,19,5,7733,,1,1,0.77,5.6,15.33,,14.25,0.0,22.0,,4.86,0.0,0.0,0.61,6.04,6.53,3.88
Nov,19,6,7734,,1,1,0.77,5.0,15.21,,15.35,0.0,22.0,,5.31,0.0,0.0,0.61,6.04,6.53,3.88
Nov,19,7,7735,,1,1,1.0,3.9,14.48,,162.43,0.0,22.0,,57.56,0.0,14.7,0.8,7.88,6.53,5.07
Nov,19,8,7736,,1,1,1.0,5.0,14.69,,138.97,0.0,22.0,,48.09,0.0,14.7,0.8,7.88,6.53,5.07
Nov,19,9,7737,,1,1,1.0,6.7,15.15,,99.3,0.0,22.0,,33.08,0.0,14.7,0.8,7.88,6.53,5.07
Nov,19,10,7738,,1,1,1.0,7.8,15.55,,68.81,0.0,22.0,,22.38,0.0,14.7,0.8,7.88,6.53,5.07
Nov,19,11,7739,,1,1,1.0,9.4,16.07,,32.86,0.0,22.0,,10.33,0.0,14.7,0.8,7.88,6.53,5.07
Nov,19,12,7740,,1,1,1.0,10.6,16.6,,0.0,0.23,22.0,,0.0,0.04,14.7,0.8,7.88,6.53,5.07
Nov,19,13,7741,,1,1,1.0,11.7,17.14,,0.0,30.05,22.41,,0.0,4.73,14.7,0.8,7.88,6.53,5.07
Nov,19,14,7742,,1,1,1.0,12.8,17.59,,0.0,53.56,22.73,,0.0,8.65,14.7,0.8,7.88,6.53,5.07
Nov,19,15,7743,,1,1,1.0,13.3,17.94,,0.0,70.04,22.95,,0.0,11.44,14.7,0.8,7.88,6.53,5.07
Nov,19,16,7744,,1,1,1.0,12.2,17.98,,0.0,63.63,22.87,,0.0,10.13,14.7,0.8,7.88,6.53,5.07
Nov,19,17,7745,,1,1,1.0,8.9,17.5,,0.0,19.59,22.27,,0.0,2.89,14.7,0.8,7.88,6.53,5.07
Nov,19,18,7746,,1,1,1.0,7.8,17.29,,4.01,0.0,22.0,,1.3,0.0,14.7,0.8,7.88,6.53,5.07
Nov,19,19,7747,,1,1,1.0,6.1,16.99,,34.15,0.0,22.0,,11.53,0.0,14.7,0.8,7.88,6.53,5.07
Nov,19,20,7748,,1,1,1.0,4.4,16.65,,63.26,0.0,22.0,,22.17,0.0,14.7,0.8,7.88,6.53,5.07
Nov,19,21,7749,,1,1,1.0,4.4,16.5,,75.49,0.0,22.0,,26.46,0.0,14.7,0.8,7.88,6.53,5.07
Nov,19,22,7750,,1,1,0.77,5.0,16.82,,5.78,0.0,22.0,,2.0,0.0,0.0,0.61,6.04,6.53,3.88
Nov,19,23,7751,,1,1,0.77,3.3,16.56,,9.28,0.0,22.0,,3.33,0.0,0.0,0.61,6.04,6.53,3.88
Nov,19,24,7752,,1,1,0.77,3.9,16.47,,10.36,0.0,22.0,,3.67,0.0,0.0,0.61,6.04,6.53,3.88
Nov,20,1,7753,,1,1,0.77,5.0,16.44,,10.65,0.0,22.0,,3.69,0.0,0.0,0.61,6.04,6.53,3.88
Nov,20,2,7754,,1,1,0.77,5.6,16.38,,11.15,0.0,22.0,,3.81,0.0,0.0,0.61,6.04,6.53,3.88
Nov,20,3,7755,,1,1,0.77,6.1,16.33,,11.55,0.0,22.0,,3.9,0.0,0.0,0.61,6.04,6.53,3.88
Nov,20,4,7756,,1,1,0.77,5.0,16.16,,13.41,0.0,22.0,,4.64,0.0,0.0,0.61,6.04,6.53,3.88
Nov,20,5,7757,,1,1,0.77,4.4,16.01,,14.75,0.0,22.0,,5.17,0.0,0.0,0.61,6.04,6.53,3.88
Nov,20,6,7758,,1,1,0.77,3.9,15.86,,15.95,0.0,22.0,,5.65,0.0,0.0,0.61,6.04,6.53,3.88
Nov,20,7,7759,,1,1,1.0,1.7,14.88,,181.21,0.0,22.0,,67.48,0.0,14.7,0.8,7.88,6.53,5.07
Nov,20,8,7760,,1,1,1.0,2.2,15.19,,146.08,0.0,22.0,,53.78,0.0,14.7,0.8,7.88,6.53,5.07
Nov,20,9,7761,,1,1,1.0,8.3,16.12,,70.58,0.0,22.0,,22.71,0.0,14.7,0.8,7.88,6.53,5.07
Nov,20,10,7762,,1,1,1.0,11.1,16.78,,22.77,0.0,22.0,,6.91,0.0,14.7,0.8,7.88,6.53,5.07
Nov,20,11,7763,,1,1,1.0,12.8,17.4,,0.0,16.14,22.22,,0.0,2.61,14.7,0.8,7.88,6.53,5.07
Nov,20,12,7764,,1,1,1.0,14.4,18.01,,0.0,52.5,22.71,,0.0,8.81,14.7,0.8,7.88,6.53,5.07
Nov,20,13,7765,,1,1,1.0,14.4,18.4,,0.0,72.94,22.99,,0.0,12.24,14.7,0.8,7.88,6.53,5.07
Nov,20,14,7766,,1,1,1.0,15.0,18.84,,0.0,96.6,23.32,,0.0,16.46,14.7,0.8,7.88,6.53,5.07
Nov,20,15,7767,,1,1,1.0,14.4,19.07,,0.0,105.47,23.44,,0.0,17.7,14.7,0.8,7.88,6.53,5.07
Nov,20,16,7768,,1,1,1.0,13.3,19.09,,0.0,99.49,23.35,,0.0,16.25,14.7,0.8,7.88,6.53,5.07
Nov,20,17,7769,,1,1,1.0,11.1,18.76,,0.0,67.26,22.92,,0.0,10.43,14.7,0.8,7.88,6.53,5.07
Nov,20,18,7770,,1,1,1.0,10.0,18.58,,0.0,46.4,22.63,,0.0,7.02,14.7,0.8,7.88,6.53,5.07
Nov,20,19,7771,,1,1,1.0,7.8,18.23,,0.0,13.82,22.19,,0.0,1.99,14.7,0.8,7.88,6.53,5.07
Nov,20,20,7772,,1,1,1.0,2.2,17.41,,53.91,0.0,22.0,,19.85,0.0,14.7,0.8,7.88,6.53,5.07
Nov,20,21,7773,,1,1,1.0,5.6,17.62,,39.34,0.0,22.0,,13.43,0.0,14.7,0.8,7.88,6.53,5.07
Nov,20,22,7774,,1,1,0.77,5.0,17.83,,1.91,0.0,22.0,,0.66,0.0,0.0,0.61,6.04,6.53,3.88
Nov,20,23,7775,,1,1,0.77,5.0,17.7,,4.2,0.0,22.0,,1.45,0.0,0.0,0.61,6.04,6.53,3.88
Nov,20,24,7776,,1,1,0.77,1.1,17.25,,10.14,0.0,22.0,,3.83,0.0,0.0,0.61,6.04,6.53,3.88
Nov,21,1,7777,,1,1,0.77,0.6,17.02,,12.72,0.0,22.0,,4.86,0.0,0.0,0.61,6.04,6.53,3.88
Nov,21,2,7778,,1,1,0.77,1.1,16.86,,14.05,0.0,22.0,,5.31,0.0,0.0,0.61,6.04,6.53,3.88
Nov,21,3,7779,,1,1,0.77,3.9,16.91,,12.75,0.0,22.0,,4.52,0.0,0.0,0.61,6.04,6.53,3.88
Nov,21,4,7780,,1,1,0.77,3.3,16.72,,14.44,0.0,22.0,,5.19,0.0,0.0,0.61,6.04,6.53,3.88
Nov,21,5,7781,,1,1,0.77,2.2,16.49,,16.54,0.0,22.0,,6.09,0.0,0.0,0.61,6.04,6.53,3.88
Nov,21,6,7782,,1,1,0.77,2.2,16.33,,17.5,0.0,22.0,,6.44,0.0,0.0,0.61,6.04,6.53,3.88
Nov,21,7,7783,,1,1,1.0,2.8,15.56,,170.85,0.0,22.0,,62.05,0.0,14.7,0.8,7.88,6.53,5.07
Nov,21,8,7784,,1,1,1.0,5.0,16.08,,121.25,0.0,22.0,,41.96,0.0,14.7,0.8,7.88,6.53,5.07
Nov,21,9,7785,,1,1,1.0,8.9,16.73,,67.47,0.0,22.0,,21.44,0.0,14.7,0.8,7.88,6.53,5.07
Nov,21,10,7786,,1,1,1.0,12.2,17.46,,14.22,0.0,22.0,,4.21,0.0,14.7,0.8,7.88,6.53,5.07
Nov,21,11,7787,,1,1,1.0,13.9,18.06,,0.0,23.5,22.32,,0.0,3.9,14.7,0.8,7.88,6.53,5.07
Nov,21,12,7788,,1,1,1.0,13.9,18.47,,0.0,45.94,22.63,,0.0,7.62,14.7,0.8,7.88,6.53,5.07
Nov,21,13,7789,,1,1,1.0,15.0,18.99,,0.0,76.75,23.04,,0.0,13.08,14.7,0.8,7.88,6.53,5.07
Nov,21,14,7790,,1,1,1.0,14.4,19.26,,0.0,89.24,23.21,,0.0,14.98,14.7,0.8,7.88,6.53,5.07
Nov,21,15,7791,,1,1,1.0,13.9,19.45,,0.0,96.0,23.31,,0.0,15.91,14.7,0.8,7.88,6.53,5.07
Nov,21,16,7792,,1,1,1.0,13.3,19.51,,0.0,93.42,23.27,,0.0,15.26,14.7,0.8,7.88,6.53,5.07
Nov,21,17,7793,,1,1,1.0,12.2,19.31,,0.0,71.92,22.98,,0.0,11.45,14.7,0.8,7.88,6.53,5.07
Nov,21,18,7794,,1,1,1.0,8.3,18.78,,0.0,26.6,22.36,,0.0,3.88,14.7,0.8,7.88,6.53,5.07
Nov,21,19,7795,,1,1,1.0,3.9,18.11,,29.25,0.0,22.0,,10.37,0.0,14.7,0.8,7.88,6.53,5.07
Nov,21,20,7796,,1,1,1.0,5.0,18.05,,36.62,0.0,22.0,,12.67,0.0,14.7,0.8,7.88,6.53,5.07
Nov,21,21,7797,,1,1,1.0,3.3,17.66,,67.37,0.0,22.0,,24.19,0.0,14.7,0.8,7.88,6.53,5.07
Nov,21,22,7798,,1,1,0.77,0.6,17.76,,7.54,0.0,22.0,,2.88,0.0,0.0,0.61,6.04,6.53,3.88
Nov,21,23,7799,,1,1,0.77,2.8,17.73,,7.85,0.0,22.0,,2.85,0.0,0.0,0.61,6.04,6.53,3.88
Nov,21,24,7800,,1,1,0.77,1.7,17.47,,10.96,0.0,22.0,,4.08,0.0,0.0,0.61,6.04,6.53,3.88
Nov,22,1,7801,,1,1,0.77,2.2,17.33,,12.27,0.0,22.0,,4.52,0.0,0.0,0.61,6.04,6.53,3.88
Nov,22,2,7802,,1,1,0.77,5.6,17.43,,10.36,0.0,22.0,,3.54,0.0,0.0,0.61,6.04,6.53,3.88
Nov,22,3,7803,,1,1,0.77,5.0,17.27,,11.99,0.0,22.0,,4.15,0.0,0.0,0.61,6.04,6.53,3.88
Nov,22,4,7804,,1,1,0.77,5.0,17.15,,12.92,0.0,22.0,,4.47,0.0,0.0,0.61,6.04,6.53,3.88
Nov,22,5,7805,,1,1,0.77,5.0,17.03,,13.72,0.0,22.0,,4.75,0.0,0.0,0.61,6.04,6.53,3.88
Nov,22,6,7806,,1,1,0.77,6.1,17.01,,13.31,0.0,22.0,,4.49,0.0,0.0,0.61,6.04,6.53,3.88
Nov,22,7,7807,,1,1,1.0,6.1,16.38,,136.59,0.0,22.0,,46.1,0.0,14.7,0.8,7.88,6.53,5.07
Nov,22,8,7808,,1,1,1.0,8.3,16.93,,87.29,0.0,22.0,,28.09,0.0,14.7,0.8,7.88,6.53,5.07
Nov,22,9,7809,,1,1,1.0,13.3,17.76,,23.8,0.0,22.0,,6.9,0.0,14.7,0.8,7.88,6.53,5.07
Nov,22,10,7810,,1,1,1.0,17.8,18.65,,0.0,36.91,22.5,,0.0,6.77,14.7,0.8,7.88,6.53,5.07
Nov,22,11,7811,,1,1,1.0,20.0,19.47,,0.0,90.77,23.24,,0.0,17.69,14.7,0.8,7.88,6.53,5.07
Nov,22,12,7812,,1,1,1.0,21.1,20.09,,0.0,129.36,23.76,,0.0,25.92,14.7,0.8,7.88,6.53,5.07
Nov,22,13,7813,,1,1,1.0,21.1,20.64,,0.0,163.02,24.0,,0.0,32.66,14.7,0.8,7.88,6.53,5.07
Nov,22,14,7814,,1,1,1.0,19.4,20.89,,0.0,173.08,24.0,,0.0,33.16,14.7,0.8,7.88,6.53,5.07
Nov,22,15,7815,,1,1,1.0,18.9,20.96,,0.0,169.03,24.0,,0.0,31.94,14.7,0.8,7.88,6.53,5.07
Nov,22,16,7816,,1,1,1.0,18.3,21.05,,0.0,167.24,24.0,,0.0,31.08,14.7,0.8,7.88,6.53,5.07
Nov,22,17,7817,,1,1,1.0,17.8,21.03,,0.0,158.17,24.0,,0.0,28.99,14.7,0.8,7.88,6.53,5.07
Nov,22,18,7818,,1,1,1.0,15.6,20.82,,0.0,135.6,23.85,,0.0,23.46,14.7,0.8,7.88,6.53,5.07
Nov,22,19,7819,,1,1,1.0,9.4,20.04,,0.0,73.24,23.0,,0.0,10.93,14.7,0.8,7.88,6.53,5.07
Nov,22,20,7820,,1,1,1.0,10.0,20.01,,0.0,65.28,22.89,,0.0,9.88,14.7,0.8,7.88,6.53,5.07
Nov,22,21,7821,,1,1,1.0,6.7,19.49,,0.0,21.88,22.3,,0.0,3.08,14.7,0.8,7.88,6.53,5.07
Nov,22,22,7822,,1,1,0.77,4.4,19.58,,0.0,0.0,22.47,,0.0,0.0,0.0,0.61,6.04,6.53,3.88
Nov,22,23,7823,,1,1,0.77,5.0,19.46,,0.0,0.0,22.29,,0.0,0.0,0.0,0.61,6.04,6.53,3.88
Nov,22,24,7824,,1,1,0.77,6.1,19.39,,0.0,0.0,22.17,,0.0,0.0,0.0,0.61,6.04,6.53,3.88
Nov,23,1,7825,,1,1,0.77,4.4,19.11,,2.03,0.0,22.0,,0.71,0.0,0.0,0.61,6.04,6.53,3.88
Nov,23,2,7826,,1,1,0.77,3.9,18.9,,4.95,0.0,22.0,,1.75,0.0,0.0,0.61,6.04,6.53,3.88
Nov,23,3,7827,,1,1,0.77,2.2,18.59,,8.81,0.0,22.0,,3.24,0.0,0.0,0.61,6.04,6.53,3.88
Nov,23,4,7828,,1,1,0.77,0.6,18.26,,12.43,0.0,22.0,,4.75,0.0,0.0,0.61,6.04,6.53,3.88
Nov,23,5,7829,,1,1,0.77,-0.6,17.94,,15.52,0.0,22.0,,6.14,0.0,0.0,0.61,6.04,6.53,3.88
Nov,23,6,7830,,1,1,0.77,0.0,17.75,,16.65,0.0,22.0,,6.45,0.0,0.0,0.61,6.04,6.53,3.88
Nov,23,7,7831,,1,1,1.0,-0.6,16.58,,188.82,0.0,22.0,,74.64,0.0,14.7,0.8,7.88,6.53,5.07
Nov,23,8,7832,,1,1,1.0,0.6,16.62,,170.06,0.0,22.0,,64.98,0.0,14.7,0.8,7.88,6.53,5.07
Nov,23,9,7833,,1,1,1.0,6.1,17.32,,105.68,0.0,22.0,,35.67,0.0,14.7,0.8,7.88,6.53,5.07
Nov,23,10,7834,,1,1,1.0,8.9,17.71,,71.24,0.0,22.0,,22.63,0.0,14.7,0.8,7.88,6.53,5.07
Nov,23,11,7835,,1,1,1.0,8.3,17.88,,56.41,0.0,22.0,,18.15,0.0,14.7,0.8,7.88,6.53,5.07
Nov,23,12,7836,,1,1,1.0,8.9,18.22,,31.52,0.0,22.0,,10.01,0.0,14.7,0.8,7.88,6.53,5.07
Nov,23,13,7837,,1,1,1.0,8.9,18.48,,14.64,0.0,22.0,,4.65,0.0,14.7,0.8,7.88,6.53,5.07
Nov,23,14,7838,,1,1,1.0,10.0,18.76,,0.0,1.25,22.02,,0.0,0.19,14.7,0.8,7.88,6.53,5.07
Nov,23,15,7839,,1,1,1.0,10.6,18.96,,0.0,10.1,22.14,,0.0,1.55,14.7,0.8,7.88,6.53,5.07
Nov,23,16,7840,,1,1,1.0,8.9,18.8,,6.76,0.0,22.0,,2.15,0.0,14.7,0.8,7.88,6.53,5.07
Nov,23,17,7841,,1,1,1.0,6.1,18.3,,48.87,0.0,22.0,,16.5,0.0,14.7,0.8,7.88,6.53,5.07
Nov,23,18,7842,,1,1,1.0,3.9,17.86,,80.7,0.0,22.0,,28.6,0.0,14.7,0.8,7.88,6.53,5.07
Nov,23,19,7843,,1,1,1.0,3.3,17.59,,97.1,0.0,22.0,,34.87,0.0,14.7,0.8,7.88,6.53,5.07
Nov,23,20,7844,,1,1,1.0,0.6,17.04,,132.13,0.0,22.0,,50.49,0.0,14.7,0.8,7.88,6.53,5.07
Nov,23,21,7845,,1,1,1.0,-1.7,16.5,,163.49,0.0,22.0,,67.08,0.0,14.7,0.8,7.88,6.53,5.07
Nov,23,22,7846,,1,1,0.77,-2.2,16.88,,18.27,0.0,22.0,,7.63,0.0,0.0,0.61,6.04,6.53,3.88
Nov,23,23,7847,,1,1,0.77,-2.2,16.64,,19.99,0.0,22.0,,8.35,0.0,0.0,0.61,6.04,6.53,3.88
Nov,23,24,7848,,1,1,0.77,-1.7,16.43,,20.98,0.0,22.0,,8.61,0.0,0.0,0.61,6.04,6.53,3.88
Nov,24,1,7849,,1,1,0.77,-1.7,16.2,,22.22,0.0,22.0,,9.12,0.0,0.0,0.61,6.04,6.53,3.88
Nov,24,2,7850,,1,1,0.77,-2.2,15.94,,23.8,0.0,22.0,,9.94,0.0,0.0,0.61,6.04,6.53,3.88
Nov,24,3,7851,,1,1,0.77,-3.3,15.62,,25.89,0.0,22.0,,11.24,0.0,0.0,0.61,6.04,6.53,3.88
Nov,24,4,7852,,1,1,0.77,-5.0,15.23,,28.56,0.0,22.0,,13.22,0.0,0.0,0.61,6.04,6.53,3.88
Nov,24,5,7853,,1,1,0.77,-5.6,14.91,,30.13,0.0,22.0,,12.53,0.0,0.0,0.61,6.04,6.53,3.88
Nov,24,6,7854,,1,1,0.77,-5.6,14.64,,31.03,0.0,22.0,,12.9,0.0,0.0,0.61,6.04,6.53,3.88
Nov,24,7,7855,,1,1,1.0,-6.1,13.32,,286.44,0.0,22.0,,127.9,0.0,14.7,0.8,7.88,6.53,5.07
Nov,24,8,7856,,1,1,1.0,-6.0,13.16,,274.59,0.0,22.0,,115.34,0.0,14.7,0.8,7.88,6.53,5.07
Nov,24,9,7857,,1,1,1.0,-5.6,12.96,,267.98,0.0,22.0,,111.42,0.0,14.7,0.8,7.88,6.53,5.07
Nov,24,10,7858,,1,1,1.0,-5.0,12.92,,251.33,0.0,22.0,,116.36,0.0,14.7,0.8,7.88,6.53,5.07
Nov,24,11,7859,,1,1,1.0,-4.4,12.78,,243.87,0.0,22.0,,110.33,0.0,14.7,0.8,7.88,6.53,5.07
Nov,24,12,7860,,1,1,1.0,-4.4,12.55,,243.97,0.0,22.0,,110.37,0.0,14.7,0.8,7.88,6.53,5.07
Nov,24,13,7861,,1,1,1.0,-3.9,12.44,,236.19,0.0,22.0,,104.86,0.0,14.7,0.8,7.88,6.53,5.07
Nov,24,14,7862,,1,1,1.0,-3.9,12.25,,235.23,0.0,22.0,,104.44,0.0,14.7,0.8,7.88,6.53,5.07
Nov,24,15,7863,,1,1,1.0,-3.9,12.01,,238.77,0.0,22.0,,106.01,0.0,14.7,0.8,7.88,6.53,5.07
Nov,24,16,7864,,1,1,1.0,-3.9,11.78,,240.59,0.0,22.0,,106.81,0.0,14.7,0.8,7.88,6.53,5.07
Nov,24,17,7865,,1,1,1.0,-3.9,11.54,,244.24,0.0,22.0,,108.44,0.0,14.7,0.8,7.88,6.53,5.07
Nov,24,18,7866,,1,1,1.0,-4.4,11.25,,251.56,0.0,22.0,,113.81,0.0,14.7,0.8,7.88,6.53,5.07
Nov,24,19,7867,,1,1,1.0,-5.0,10.93,,259.72,0.0,22.0,,120.24,0.0,14.7,0.8,7.88,6.53,5.07
Nov,24,20,7868,,1,1,1.0,-5.0,10.69,,262.21,0.0,22.0,,121.39,0.0,14.7,0.8,7.88,6.53,5.07
Nov,24,21,7869,,1,1,1.0,-6.0,10.33,,273.77,0.0,22.0,,114.93,0.0,14.7,0.8,7.88,6.53,5.07
Nov,24,22,7870,,1,1,0.77,-5.6,10.74,,32.69,0.0,22.0,,13.59,0.0,0.0,0.61,6.04,6.53,3.88
Nov,24,23,7871,,1,1,0.77,-6.1,10.5,,33.74,0.0,22.0,,14.2,0.0,0.0,0.61,6.04,6.53,3.88
Nov,24,24,7872,,1,1,0.77,-6.1,10.3,,34.26,0.0,22.0,,14.42,0.0,0.0,0.61,6.04,6.53,3.88
Nov,25,1,7873,,1,1,0.77,-6.1,10.1,,34.71,0.0,22.0,,14.61,0.0,0.0,0.61,6.04,6.53,3.88
Nov,25,2,7874,,1,1,0.77,-6.1,9.91,,35.1,0.0,22.0,,14.77,0.0,0.0,0.61,6.04,6.53,3.88
Nov,25,3,7875,,1,1,0.77,-6.1,9.72,,35.44,0.0,22.0,,14.91,0.0,0.0,0.61,6.04,6.53,3.88
Nov,25,4,7876,,1,1,0.77,-6.7,9.48,,36.33,0.0,22.0,,15.52,0.0,0.0,0.61,6.04,6.53,3.88
Nov,25,5,7877,,1,1,0.77,-6.7,9.29,,36.64,0.0,22.0,,15.65,0.0,0.0,0.61,6.04,6.53,3.88
Nov,25,6,7878,,1,1,0.77,-6.7,9.1,,36.9,0.0,22.0,,15.76,0.0,0.0,0.61,6.04,6.53,3.88
Nov,25,7,7879,,1,1,1.0,-7.2,8.08,,320.85,0.0,22.0,,154.2,0.0,14.7,0.8,7.88,6.53,5.07
Nov,25,8,7880,,1,1,1.0,-7.2,8.0,,307.81,0.0,22.0,,154.2,0.0,14.7,0.8,7.88,6.53,5.07
Nov,25,9,7881,,1,1,1.0,-7.2,7.84,,303.43,0.0,22.0,,152.63,0.0,14.7,0.8,7.88,6.53,5.07
Nov,25,10,7882,,1,1,1.0,-6.7,7.71,,297.32,0.0,22.0,,143.0,0.0,14.7,0.8,7.88,6.53,5.07
Nov,25,11,7883,,1,1,1.0,-5.6,8.12,,252.24,0.0,22.0,,104.87,0.0,14.7,0.8,7.88,6.53,5.07
Nov,25,12,7884,,1,1,1.0,-3.9,8.57,,209.76,0.0,22.0,,93.13,0.0,14.7,0.8,7.88,6.53,5.07
Nov,25,13,7885,,1,1,1.0,-3.3,8.85,,184.92,0.0,22.0,,80.3,0.0,14.7,0.8,7.88,6.53,5.07
Nov,25,14,7886,,1,1,1.0,-1.7,8.86,,183.31,0.0,22.0,,75.21,0.0,14.7,0.8,7.88,6.53,5.07
Nov,25,15,7887,,1,1,1.0,-1.7,8.94,,175.92,0.0,22.0,,72.18,0.0,14.7,0.8,7.88,6.53,5.07
Nov,25,16,7888,,1,1,1.0,-1.7,8.98,,172.79,0.0,22.0,,70.9,0.0,14.7,0.8,7.88,6.53,5.07
Nov,25,17,7889,,1,1,1.0,-6.7,8.17,,232.2,0.0,22.0,,99.17,0.0,14.7,0.8,7.88,6.53,5.07
Nov,25,18,7890,,1,1,1.0,-7.8,7.81,,251.84,0.0,22.0,,110.57,0.0,14.7,0.8,7.88,6.53,5.07
Nov,25,19,7891,,1,1,1.0,-7.2,7.65,,254.77,0.0,22.0,,110.18,0.0,14.7,0.8,7.88,6.53,5.07
Nov,25,20,7892,,1,1,1.0,-8.3,7.3,,272.23,0.0,22.0,,129.17,0.0,14.7,0.8,7.88,6.53,5.07
Nov,25,21,7893,,1,1,1.0,-4.4,7.56,,242.23,0.0,22.0,,109.59,0.0,14.7,0.8,7.88,6.53,5.07
Nov,25,22,7894,,1,1,0.77,-7.2,7.59,,31.67,0.0,22.0,,13.7,0.0,0.0,0.61,6.04,6.53,3.88
Nov,25,23,7895,,1,1,0.77,-9.4,7.24,,34.94,0.0,22.0,,15.99,0.0,0.0,0.61,6.04,6.53,3.88
Nov,25,24,7896,,1,1,0.77,-10.6,6.94,,37.27,0.0,22.0,,15.76,0.0,0.0,0.61,6.04,6.53,3.88
Nov,26,1,7897,,1,1,0.77,-11.1,6.68,,38.84,0.0,22.0,,16.63,0.0,0.0,0.61,6.04,6.53,3.88
Nov,26,2,7898,,1,1,0.77,-14.4,6.19,,43.15,0.0,22.0,,20.12,0.0,0.0,0.61,6.04,6.53,3.88
Nov,26,3,7899,,1,1,0.77,-14.4,5.91,,44.29,0.0,22.0,,20.65,0.0,0.0,0.61,6.04,6.53,3.88
Nov,26,4,7900,,1,1,0.77,-13.9,5.68,,44.77,0.0,22.0,,20.6,0.0,0.0,0.61,6.04,6.53,3.88
Nov,26,5,7901,,1,1,0.77,-15.6,5.28,,47.3,0.0,22.0,,22.73,0.0,0.0,0.61,6.04,6.53,3.88
Nov,26,6,7902,,1,1,0.77,-16.1,4.96,,48.66,0.0,22.0,,23.65,0.0,0.0,0.61,6.04,6.53,3.88
Nov,26,7,7903,,1,1,1.0,-16.1,3.65,,420.52,0.0,22.0,,195.87,0.0,14.7,0.8,7.88,6.53,5.07
Nov,26,8,7904,,1,1,1.0,-15.6,3.53,,405.24,0.0,22.0,,193.11,0.0,14.7,0.8,7.88,6.53,5.07
Nov,26,9,7905,,1,1,1.0,-11.1,4.18,,335.67,0.0,22.0,,164.48,0.0,14.7,0.8,7.88,6.53,5.07
Nov,26,10,7906,,1,1,1.0,-8.3,4.69,,284.48,0.0,22.0,,141.42,0.0,14.7,0.8,7.88,6.53,5.07
Nov,26,11,7907,,1,1,1.0,-7.2,5.07,,249.2,0.0,22.0,,107.77,0.0,14.7,0.8,7.88,6.53,5.07
Nov,26,12,7908,,1,1,1.0,-3.9,5.76,,195.36,0.0,22.0,,86.73,0.0,14.7,0.8,7.88,6.53,5.07
Nov,26,13,7909,,1,1,1.0,-2.2,6.29,,158.87,0.0,22.0,,66.33,0.0,14.7,0.8,7.88,6.53,5.07
Nov,26,14,7910,,1,1,1.0,-1.7,6.49,,151.03,0.0,22.0,,61.97,0.0,14.7,0.8,7.88,6.53,5.07
Nov,26,15,7911,,1,1,1.0,-1.7,6.64,,147.34,0.0,22.0,,60.45,0.0,14.7,0.8,7.88,6.53,5.07
Nov,26,16,7912,,1,1,1.0,-3.3,6.52,,164.13,0.0,22.0,,71.27,0.0,14.7,0.8,7.88,6.53,5.07
Nov,26,17,7913,,1,1,1.0,-5.6,6.07,,202.44,0.0,22.0,,84.17,0.0,14.7,0.8,7.88,6.53,5.07
Nov,26,18,7914,,1,1,1.0,-6.7,5.79,,224.11,0.0,22.0,,95.72,0.0,14.7,0.8,7.88,6.53,5.07
Nov,26,19,7915,,1,1,1.0,-7.8,5.49,,244.82,0.0,22.0,,107.49,0.0,14.7,0.8,7.88,6.53,5.07
Nov,26,20,7916,,1,1,1.0,-9.4,5.11,,269.4,0.0,22.0,,134.05,0.0,14.7,0.8,7.88,6.53,5.07
Nov,26,21,7917,,1,1,1.0,-6.1,5.32,,247.41,0.0,22.0,,104.12,0.0,14.7,0.8,7.88,6.53,5.07
Nov,26,22,7918,,1,1,0.77,-6.1,5.57,,29.07,0.0,22.0,,12.23,0.0,0.0,0.61,6.04,6.53,3.88
Nov,26,23,7919,,1,1,0.77,-5.6,5.51,,29.71,0.0,22.0,,12.35,0.0,0.0,0.61,6.04,6.53,3.88
Nov,26,24,7920,,1,1,0.77,-7.8,5.23,,32.89,0.0,22.0,,14.44,0.0,0.0,0.61,6.04,6.53,3.88
Nov,27,1,7921,,1,1,0.77,-6.1,5.23,,32.19,0.0,22.0,,13.55,0.0,0.0,0.61,6.04,6.53,3.88
Nov,27,2,7922,,1,1,0.77,-5.0,5.22,,31.81,0.0,22.0,,14.73,0.0,0.0,0.61,6.04,6.53,3.88
Nov,27,3,7923,,1,1,0.77,-3.9,5.23,,31.22,0.0,22.0,,13.86,0.0,0.0,0.61,6.04,6.53,3.88
Nov,27,4,7924,,1,1,0.77,-4.4,5.12,,32.09,0.0,22.0,,14.52,0.0,0.0,0.61,6.04,6.53,3.88
Nov,27,5,7925,,1,1,0.77,-4.4,5.06,,32.44,0.0,22.0,,14.68,0.0,0.0,0.61,6.04,6.53,3.88
Nov,27,6,7926,,1,1,0.77,-4.4,4.99,,32.75,0.0,22.0,,14.82,0.0,0.0,0.61,6.04,6.53,3.88
Nov,27,7,7927,,1,1,1.0,-2.2,4.74,,263.6,0.0,22.0,,110.05,0.0,14.7,0.8,7.88,6.53,5.07
Nov,27,8,7928,,1,1,1.0,-1.7,4.93,,244.64,0.0,22.0,,100.38,0.0,14.7,0.8,7.88,6.53,5.07
Nov,27,9,7929,,1,1,1.0,-0.6,5.45,,204.03,0.0,22.0,,80.66,0.0,14.7,0.8,7.88,6.53,5.07
Nov,27,10,7930,,1,1,1.0,1.1,6.03,,163.38,0.0,22.0,,61.69,0.0,14.7,0.8,7.88,6.53,5.07
Nov,27,11,7931,,1,1,1.0,1.7,6.43,,140.64,0.0,22.0,,52.37,0.0,14.7,0.8,7.88,6.53,5.07
Nov,27,12,7932,,1,1,1.0,4.4,7.28,,87.65,0.0,22.0,,30.72,0.0,14.7,0.8,7.88,6.53,5.07
Nov,27,13,7933,,1,1,1.0,5.6,7.9,,56.57,0.0,22.0,,19.31,0.0,14.7,0.8,7.88,6.53,5.07
Nov,27,14,7934,,1,1,1.0,5.6,8.32,,42.72,0.0,22.0,,14.58,0.0,14.7,0.8,7.88,6.53,5.07
Nov,27,15,7935,,1,1,1.0,6.7,8.83,,24.36,0.0,22.0,,8.11,0.0,14.7,0.8,7.88,6.53,5.07
Nov,27,16,7936,,1,1,1.0,6.7,9.07,,27.08,0.0,22.0,,9.02,0.0,14.7,0.8,7.88,6.53,5.07
Nov,27,17,7937,,1,1,1.0,2.8,8.59,,81.86,0.0,22.0,,29.73,0.0,14.7,0.8,7.88,6.53,5.07
Nov,27,18,7938,,1,1,1.0,-0.6,8.16,,126.43,0.0,22.0,,49.98,0.0,14.7,0.8,7.88,6.53,5.07
Nov,27,19,7939,,1,1,1.0,-1.7,7.95,,149.42,0.0,22.0,,61.31,0.0,14.7,0.8,7.88,6.53,5.07
Nov,27,20,7940,,1,1,1.0,-2.8,7.72,,171.27,0.0,22.0,,73.04,0.0,14.7,0.8,7.88,6.53,5.07
Nov,27,21,7941,,1,1,1.0,-3.9,7.47,,192.14,0.0,22.0,,85.3,0.0,14.7,0.8,7.88,6.53,5.07
Nov,27,22,7942,,1,1,0.77,-2.8,7.81,,20.28,0.0,22.0,,8.65,0.0,0.0,0.61,6.04,6.53,3.88
Nov,27,23,7943,,1,1,0.77,-4.4,7.59,,23.49,0.0,22.0,,10.63,0.0,0.0,0.61,6.04,6.53,3.88
Nov,27,24,7944,,1,1,0.77,-5.0,7.42,,25.62,0.0,22.0,,11.86,0.0,0.0,0.61,6.04,6.53,3.88
Nov,28,1,7945,,1,1,0.77,-5.0,7.3,,26.99,0.0,22.0,,12.5,0.0,0.0,0.61,6.04,6.53,3.88
Nov,28,2,7946,,1,1,0.77,-3.9,7.27,,27.05,0.0,22.0,,12.01,0.0,0.0,0.61,6.04,6.53,3.88
Nov,28,3,7947,,1,1,0.77,-3.3,7.22,,27.37,0.0,22.0,,11.89,0.0,0.0,0.61,6.04,6.53,3.88
Nov,28,4,7948,,1,1,0.77,-3.9,7.08,,28.72,0.0,22.0,,12.75,0.0,0.0,0.61,6.04,6.53,3.88
Nov,28,5,7949,,1,1,0.77,-1.7,7.17,,27.19,0.0,22.0,,11.16,0.0,0.0,0.61,6.04,6.53,3.88
Nov,28,6,7950,,1,1,0.77,-1.1,7.16,,26.99,0.0,22.0,,10.85,0.0,0.0,0.61,6.04,6.53,3.88
Nov,28,7,7951,,1,1,1.0,-0.6,6.77,,234.88,0.0,22.0,,92.85,0.0,14.7,0.8,7.88,6.53,5.07
Nov,28,8,7952,,1,1,1.0,1.1,7.11,,205.65,0.0,22.0,,77.66,0.0,14.7,0.8,7.88,6.53,5.07
Nov,28,9,7953,,1,1,1.0,3.9,7.86,,149.57,0.0,22.0,,53.01,0.0,14.7,0.8,7.88,6.53,5.07
Nov,28,10,7954,,1,1,1.0,7.8,8.78,,86.72,0.0,22.0,,28.2,0.0,14.7,0.8,7.88,6.53,5.07
Nov,28,11,7955,,1,1,1.0,11.1,9.74,,28.47,0.0,22.0,,8.64,0.0,14.7,0.8,7.88,6.53,5.07
Nov,28,12,7956,,1,1,1.0,12.8,10.58,,0.0,15.46,22.21,,0.0,2.5,14.7,0.8,7.88,6.53,5.07
Nov,28,13,7957,,1,1,1.0,13.9,11.34,,0.0,50.1,22.68,,0.0,8.31,14.7,0.8,7.88,6.53,5.07
Nov,28,14,7958,,1,1,1.0,14.4,11.95,,0.0,74.5,23.01,,0.0,12.5,14.7,0.8,7.88,6.53,5.07
Nov,28,15,7959,,1,1,1.0,15.0,12.48,,0.0,94.19,23.28,,0.0,16.05,14.7,0.8,7.88,6.53,5.07
Nov,28,16,7960,,1,1,1.0,12.2,12.47,,0.0,73.64,23.0,,0.0,11.72,14.7,0.8,7.88,6.53,5.07
Nov,28,17,7961,,1,1,1.0,7.2,11.9,,0.0,13.26,22.18,,0.0,1.89,14.7,0.8,7.88,6.53,5.07
Nov,28,18,7962,,1,1,1.0,5.6,11.73,,17.88,0.0,22.0,,6.1,0.0,14.7,0.8,7.88,6.53,5.07
Nov,28,19,7963,,1,1,1.0,3.9,11.51,,50.09,0.0,22.0,,17.75,0.0,14.7,0.8,7.88,6.53,5.07
Nov,28,20,7964,,1,1,1.0,4.4,11.54,,60.29,0.0,22.0,,21.13,0.0,14.7,0.8,7.88,6.53,5.07
Nov,28,21,7965,,1,1,1.0,6.1,11.73,,56.91,0.0,22.0,,19.21,0.0,14.7,0.8,7.88,6.53,5.07
Nov,28,22,7966,,1,1,0.77,5.0,11.73,,5.24,0.0,22.0,,1.81,0.0,0.0,0.61,6.04,6.53,3.88
Nov,28,23,7967,,1,1,0.77,5.0,11.71,,7.08,0.0,22.0,,2.45,0.0,0.0,0.61,6.04,6.53,3.88
Nov,28,24,7968,,1,1,0.77,3.9,11.61,,9.79,0.0,22.0,,3.47,0.0,0.0,0.61,6.04,6.53,3.88
Nov,29,1,7969,,1,1,0.77,3.3,11.52,,11.88,0.0,22.0,,4.27,0.0,0.0,0.61,6.04,6.53,3.88
Nov,29,2,7970,,1,1,0.77,5.0,11.62,,11.49,0.0,22.0,,3.98,0.0,0.0,0.61,6.04,6.53,3.88
Nov,29,3,7971,,1,1,0.77,5.0,11.6,,12.49,0.0,22.0,,4.32,0.0,0.0,0.61,6.04,6.53,3.88
Nov,29,4,7972,,1,1,0.77,5.0,11.59,,13.36,0.0,22.0,,4.62,0.0,0.0,0.61,6.04,6.53,3.88
Nov,29,5,7973,,1,1,0.77,5.6,11.62,,13.49,0.0,22.0,,4.6,0.0,0.0,0.61,6.04,6.53,3.88
Nov,29,6,7974,,1,1,0.77,6.1,11.66,,13.58,0.0,22.0,,4.58,0.0,0.0,0.61,6.04,6.53,3.88
Nov,29,7,7975,,1,1,1.0,6.1,11.39,,137.93,0.0,22.0,,46.56,0.0,14.7,0.8,7.88,6.53,5.07
Nov,29,8,7976,,1,1,1.0,6.1,11.56,,125.8,0.0,22.0,,42.46,0.0,14.7,0.8,7.88,6.53,5.07
Nov,29,9,7977,,1,1,1.0,8.9,12.32,,71.38,0.0,22.0,,22.68,0.0,14.7,0.8,7.88,6.53,5.07
Nov,29,10,7978,,1,1,1.0,11.7,13.14,,19.13,0.0,22.0,,5.73,0.0,14.7,0.8,7.88,6.53,5.07
Nov,29,11,7979,,1,1,1.0,13.3,13.87,,0.0,21.07,22.29,,0.0,3.44,14.7,0.8,7.88,6.53,5.07
Nov,29,12,7980,,1,1,1.0,12.2,14.25,,0.0,34.24,22.47,,0.0,5.45,14.7,0.8,7.88,6.53,5.07
Nov,29,13,7981,,1,1,1.0,13.3,14.87,,0.0,64.88,22.88,,0.0,10.6,14.7,0.8,7.88,6.53,5.07
Nov,29,14,7982,,1,1,1.0,12.2,15.16,,0.0,71.61,22.97,,0.0,11.4,14.7,0.8,7.88,6.53,5.07
Nov,29,15,7983,,1,1,1.0,12.2,15.46,,0.0,79.89,23.09,,0.0,12.71,14.7,0.8,7.88,6.53,5.07
Nov,29,16,7984,,1,1,1.0,10.0,15.38,,0.0,60.61,22.83,,0.0,9.17,14.7,0.8,7.88,6.53,5.07
Nov,29,17,7985,,1,1,1.0,4.4,14.62,,8.94,0.0,22.0,,3.13,0.0,14.7,0.8,7.88,6.53,5.07
Nov,29,18,7986,,1,1,1.0,2.2,14.23,,49.22,0.0,22.0,,18.12,0.0,14.7,0.8,7.88,6.53,5.07
Nov,29,19,7987,,1,1,1.0,2.8,14.16,,61.64,0.0,22.0,,22.39,0.0,14.7,0.8,7.88,6.53,5.07
Nov,29,20,7988,,1,1,1.0,0.6,13.75,,97.66,0.0,22.0,,37.31,0.0,14.7,0.8,7.88,6.53,5.07
Nov,29,21,7989,,1,1,1.0,0.6,13.58,,112.04,0.0,22.0,,42.81,0.0,14.7,0.8,7.88,6.53,5.07
Nov,29,22,7990,,1,1,0.77,-1.1,13.73,,12.43,0.0,22.0,,5.0,0.0,0.0,0.61,6.04,6.53,3.88
Nov,29,23,7991,,1,1,0.77,-1.7,13.51,,15.3,0.0,22.0,,6.28,0.0,0.0,0.61,6.04,6.53,3.88
Nov,29,24,7992,,1,1,0.77,-2.8,13.24,,18.42,0.0,22.0,,7.86,0.0,0.0,0.61,6.04,6.53,3.88
Nov,30,1,7993,,1,1,0.77,-3.3,13.01,,20.77,0.0,22.0,,9.02,0.0,0.0,0.61,6.04,6.53,3.88
Nov,30,2,7994,,1,1,0.77,-3.3,12.81,,22.41,0.0,22.0,,9.73,0.0,0.0,0.61,6.04,6.53,3.88
Nov,30,3,7995,,1,1,0.77,-2.2,12.71,,22.71,0.0,22.0,,9.48,0.0,0.0,0.61,6.04,6.53,3.88
Nov,30,4,7996,,1,1,0.77,-3.9,12.4,,25.55,0.0,22.0,,11.34,0.0,0.0,0.61,6.04,6.53,3.88
Nov,30,5,7997,,1,1,0.77,-5.0,12.12,,27.79,0.0,22.0,,12.87,0.0,0.0,0.61,6.04,6.53,3.88
Nov,30,6,7998,,1,1,0.77,-6.1,11.81,,29.98,0.0,22.0,,12.62,0.0,0.0,0.61,6.04,6.53,3.88
Nov,30,7,7999,,1,1,1.0,-6.1,10.71,,279.04,0.0,22.0,,120.5,0.0,14.7,0.8,7.88,6.53,5.07
Nov,30,8,8000,,1,1,1.0,-4.4,10.82,,253.69,0.0,22.0,,114.77,0.0,14.7,0.8,7.88,6.53,5.07
Nov,30,9,8001,,1,1,1.0,0.6,11.63,,179.69,0.0,22.0,,68.66,0.0,14.7,0.8,7.88,6.53,5.07
Nov,30,10,8002,,1,1,1.0,2.8,12.17,,134.34,0.0,22.0,,48.79,0.0,14.7,0.8,7.88,6.53,5.07
Nov,30,11,8003,,1,1,1.0,4.4,12.7,,94.69,0.0,22.0,,33.19,0.0,14.7,0.8,7.88,6.53,5.07
Nov,30,12,8004,,1,1,1.0,5.6,13.22,,60.72,0.0,22.0,,20.73,0.0,14.7,0.8,7.88,6.53,5.07
Nov,30,13,8005,,1,1,1.0,7.2,13.78,,27.38,0.0,22.0,,9.02,0.0,14.7,0.8,7.88,6.53,5.07
Nov,30,14,8006,,1,1,1.0,6.7,14.03,,19.62,0.0,22.0,,6.54,0.0,14.7,0.8,7.88,6.53,5.07
Nov,30,15,8007,,1,1,1.0,7.8,14.14,,22.99,0.0,22.0,,7.48,0.0,14.7,0.8,7.88,6.53,5.07
Nov,30,16,8008,,1,1,1.0,7.8,14.29,,23.17,0.0,22.0,,7.54,0.0,14.7,0.8,7.88,6.53,5.07
Nov,30,17,8009,,1,1,1.0,6.1,14.01,,54.5,0.0,22.0,,18.4,0.0,14.7,0.8,7.88,6.53,5.07
Nov,30,18,8010,,1,1,1.0,1.1,13.32,,111.92,0.0,22.0,,42.26,0.0,14.7,0.8,7.88,6.53,5.07
Nov,30,19,8011,,1,1,1.0,1.1,13.17,,123.47,0.0,22.0,,46.62,0.0,14.7,0.8,7.88,6.53,5.07
Nov,30,20,8012,,1,1,1.0,1.1,13.02,,133.46,0.0,22.0,,50.4,0.0,14.7,0.8,7.88,6.53,5.07
Nov,30,21,8013,,1,1,1.0,0.6,12.81,,146.81,0.0,22.0,,56.09,0.0,14.7,0.8,7.88,6.53,5.07
Nov,30,22,8014,,1,1,0.77,1.3,13.14,,15.27,0.0,22.0,,5.74,0.0,0.0,0.61,6.04,6.53,3.88
Nov,30,23,8015,,1,1,0.77,2.0,13.09,,15.89,0.0,22.0,,5.88,0.0,0.0,0.61,6.04,6.53,3.88
Nov,30,24,8016,,1,1,0.77,2.7,13.05,,16.27,0.0,22.0,,5.92,0.0,0.0,0.61,6.04,6.53,3.88
Dec,1,1,8017,,1,1,0.77,3.5,13.03,,16.34,0.0,22.0,,5.84,0.0,0.0,0.61,6.04,6.53,3.76
Dec,1,2,8018,,1,1,0.77,4.2,13.02,,16.31,0.0,22.0,,5.74,0.0,0.0,0.61,6.04,6.53,3.76
Dec,1,3,8019,,1,1,0.77,4.9,13.02,,16.13,0.0,22.0,,5.59,0.0,0.0,0.61,6.04,6.53,3.76
Dec,1,4,8020,,1,1,0.77,5.6,13.03,,15.82,0.0,22.0,,5.4,0.0,0.0,0.61,6.04,6.53,3.76
Dec,1,5,8021,,1,1,0.77,2.8,12.77,,18.93,0.0,22.0,,6.87,0.0,0.0,0.61,6.04,6.53,3.76
Dec,1,6,8022,,1,1,0.77,3.9,12.79,,18.31,0.0,22.0,,6.49,0.0,0.0,0.61,6.04,6.53,3.76
Dec,1,7,8023,,1,1,1.0,5.6,12.51,,156.12,0.0,22.0,,53.29,0.0,14.7,0.8,7.88,6.53,4.91
Dec,1,8,8024,,1,1,1.0,7.2,12.95,,119.56,0.0,22.0,,39.39,0.0,14.7,0.8,7.88,6.53,4.91
Dec,1,9,8025,,1,1,1.0,11.1,13.73,,62.54,0.0,22.0,,18.97,0.0,14.7,0.8,7.88,6.53,4.91
Dec,1,10,8026,,1,1,1.0,15.0,14.67,,0.0,0.57,22.01,,0.0,0.1,14.7,0.8,7.88,6.53,4.91
Dec,1,11,8027,,1,1,1.0,18.3,15.64,,0.0,58.14,22.79,,0.0,10.8,14.7,0.8,7.88,6.53,4.91
Dec,1,12,8028,,1,1,1.0,20.0,16.46,,0.0,106.02,23.44,,0.0,20.67,14.7,0.8,7.88,6.53,4.91
Dec,1,13,8029,,1,1,1.0,21.1,17.2,,0.0,147.86,24.0,,0.0,29.62,14.7,0.8,7.88,6.53,4.91
Dec,1,14,8030,,1,1,1.0,19.4,17.55,,0.0,161.32,24.0,,0.0,30.91,14.7,0.8,7.88,6.53,4.91
Dec,1,15,8031,,1,1,1.0,18.9,17.92,,0.0,174.95,24.0,,0.0,33.05,14.7,0.8,7.88,6.53,4.91
Dec,1,16,8032,,1,1,1.0,16.7,17.94,,0.0,161.42,24.0,,0.0,28.73,14.7,0.8,7.88,6.53,4.91
Dec,1,17,8033,,1,1,1.0,13.3,17.56,,0.0,120.78,23.64,,0.0,19.73,14.7,0.8,7.88,6.53,4.91
Dec,1,18,8034,,1,1,1.0,8.9,17.04,,0.0,71.57,22.97,,0.0,10.57,14.7,0.8,7.88,6.53,4.91
Dec,1,19,8035,,1,1,1.0,6.1,16.63,,0.0,30.75,22.42,,0.0,4.28,14.7,0.8,7.88,6.53,4.91
Dec,1,20,8036,,1,1,1.0,6.1,16.52,,0.0,12.27,22.17,,0.0,1.71,14.7,0.8,7.88,6.53,4.91
Dec,1,21,8037,,1,1,1.0,4.4,16.19,,21.77,0.0,22.0,,7.63,0.0,14.7,0.8,7.88,6.53,4.91
Dec,1,22,8038,,1,1,0.77,3.3,16.36,,0.0,0.0,22.05,,0.0,0.0,0.0,0.61,6.04,6.53,3.76
Dec,1,23,8039,,1,1,0.77,3.9,16.27,,1.71,0.0,22.0,,0.61,0.0,0.0,0.61,6.04,6.53,3.76
Dec,1,24,8040,,1,1,0.77,2.2,16.01,,6.0,0.0,22.0,,2.21,0.0,0.0,0.61,6.04,6.53,3.76
Dec,2,1,8041,,1,1,0.77,1.7,15.82,,8.89,0.0,22.0,,3.31,0.0,0.0,0.61,6.04,6.53,3.76
Dec,2,2,8042,,1,1,0.77,0.6,15.58,,12.11,0.0,22.0,,4.63,0.0,0.0,0.61,6.04,6.53,3.76
Dec,2,3,8043,,1,1,0.77,-1.1,15.26,,15.75,0.0,22.0,,6.33,0.0,0.0,0.61,6.04,6.53,3.76
Dec,2,4,8044,,1,1,0.77,2.2,15.34,,14.22,0.0,22.0,,5.23,0.0,0.0,0.61,6.04,6.53,3.76
Dec,2,5,8045,,1,1,0.77,0.6,15.07,,17.11,0.0,22.0,,6.54,0.0,0.0,0.61,6.04,6.53,3.76
Dec,2,6,8046,,1,1,0.77,-2.2,14.68,,21.19,0.0,22.0,,8.85,0.0,0.0,0.61,6.04,6.53,3.76
Dec,2,7,8047,,1,1,1.0,2.2,14.21,,175.01,0.0,22.0,,64.43,0.0,14.7,0.8,7.88,6.53,4.91
Dec,2,8,8048,,1,1,1.0,3.3,14.53,,141.6,0.0,22.0,,50.85,0.0,14.7,0.8,7.88,6.53,4.91
Dec,2,9,8049,,1,1,1.0,7.2,15.23,,84.92,0.0,22.0,,27.98,0.0,14.7,0.8,7.88,6.53,4.91
Dec,2,10,8050,,1,1,1.0,10.6,15.96,,31.53,0.0,22.0,,9.67,0.0,14.7,0.8,7.88,6.53,4.91
Dec,2,11,8051,,1,1,1.0,13.9,16.79,,0.0,22.95,22.31,,0.0,3.8,14.7,0.8,7.88,6.53,4.91
Dec,2,12,8052,,1,1,1.0,15.6,17.47,,0.0,62.93,22.86,,0.0,10.89,14.7,0.8,7.88,6.53,4.91
Dec,2,13,8053,,1,1,1.0,17.2,18.18,,0.0,105.37,23.43,,0.0,19.01,14.7,0.8,7.88,6.53,4.91
Dec,2,14,8054,,1,1,1.0,16.1,18.46,,0.0,116.45,23.59,,0.0,20.4,14.7,0.8,7.88,6.53,4.91
Dec,2,15,8055,,1,1,1.0,16.7,18.85,,0.0,135.58,23.85,,0.0,24.13,14.7,0.8,7.88,6.53,4.91
Dec,2,16,8056,,1,1,1.0,15.0,18.88,,0.0,128.95,23.76,,0.0,21.97,14.7,0.8,7.88,6.53,4.91
Dec,2,17,8057,,1,1,1.0,11.1,18.37,,0.0,82.62,23.12,,0.0,12.82,14.7,0.8,7.88,6.53,4.91
Dec,2,18,8058,,1,1,1.0,11.1,18.33,,0.0,71.78,22.98,,0.0,11.13,14.7,0.8,7.88,6.53,4.91
Dec,2,19,8059,,1,1,1.0,6.7,17.74,,0.0,19.85,22.27,,0.0,2.8,14.7,0.8,7.88,6.53,4.91
Dec,2,20,8060,,1,1,1.0,4.4,17.32,,18.94,0.0,22.0,,6.64,0.0,14.7,0.8,7.88,6.53,4.91
Dec,2,21,8061,,1,1,1.0,3.3,17.01,,47.51,0.0,22.0,,17.06,0.0,14.7,0.8,7.88,6.53,4.91
Dec,2,22,8062,,1,1,0.77,1.7,17.19,,3.41,0.0,22.0,,1.27,0.0,0.0,0.61,6.04,6.53,3.76
Dec,2,23,8063,,1,1,0.77,0.6,16.92,,7.37,0.0,22.0,,2.82,0.0,0.0,0.61,6.04,6.53,3.76
Dec,2,24,8064,,1,1,0.77,2.8,16.91,,7.71,0.0,22.0,,2.8,0.0,0.0,0.61,6.04,6.53,3.76
Dec,3,1,8065,,1,1,0.77,3.9,16.84,,8.6,0.0,22.0,,3.05,0.0,0.0,0.61,6.04,6.53,3.76
Dec,3,2,8066,,1,1,0.77,1.7,16.53,,12.47,0.0,22.0,,4.64,0.0,0.0,0.61,6.04,6.53,3.76
Dec,3,3,8067,,1,1,0.77,2.8,16.45,,12.98,0.0,22.0,,4.71,0.0,0.0,0.61,6.04,6.53,3.76
Dec,3,4,8068,,1,1,0.77,1.7,16.21,,15.39,0.0,22.0,,5.73,0.0,0.0,0.61,6.04,6.53,3.76
Dec,3,5,8069,,1,1,0.77,2.8,16.14,,15.5,0.0,22.0,,5.63,0.0,0.0,0.61,6.04,6.53,3.76
Dec,3,6,8070,,1,1,0.77,2.8,16.0,,16.46,0.0,22.0,,5.98,0.0,0.0,0.61,6.04,6.53,3.76
Dec,3,7,8071,,1,1,1.0,1.7,15.08,,178.78,0.0,22.0,,66.57,0.0,14.7,0.8,7.88,6.53,4.91
Dec,3,8,8072,,1,1,1.0,2.2,15.19,,158.85,0.0,22.0,,58.48,0.0,14.7,0.8,7.88,6.53,4.91
Dec,3,9,8073,,1,1,1.0,7.2,15.9,,97.22,0.0,22.0,,32.03,0.0,14.7,0.8,7.88,6.53,4.91
Dec,3,10,8074,,1,1,1.0,10.6,16.58,,44.7,0.0,22.0,,13.7,0.0,14.7,0.8,7.88,6.53,4.91
Dec,3,11,8075,,1,1,1.0,13.3,17.21,,2.69,0.0,22.0,,0.78,0.0,14.7,0.8,7.88,6.53,4.91
Dec,3,12,8076,,1,1,1.0,14.4,17.76,,0.0,30.18,22.41,,0.0,5.07,14.7,0.8,7.88,6.53,4.91
Dec,3,13,8077,,1,1,1.0,13.9,18.07,,0.0,44.13,22.6,,0.0,7.32,14.7,0.8,7.88,6.53,4.91
Dec,3,14,8078,,1,1,1.0,14.4,18.44,,0.0,63.62,22.87,,0.0,10.68,14.7,0.8,7.88,6.53,4.91
Dec,3,15,8079,,1,1,1.0,15.0,18.72,,0.0,76.08,23.04,,0.0,12.96,14.7,0.8,7.88,6.53,4.91
Dec,3,16,8080,,1,1,1.0,11.7,18.37,,0.0,42.64,22.58,,0.0,6.71,14.7,0.8,7.88,6.53,4.91
Dec,3,17,8081,,1,1,1.0,8.9,17.97,,0.0,5.85,22.08,,0.0,0.86,14.7,0.8,7.88,6.53,4.91
Dec,3,18,8082,,1,1,1.0,6.1,17.54,,33.36,0.0,22.0,,11.26,0.0,14.7,0.8,7.88,6.53,4.91
Dec,3,19,8083,,1,1,1.0,6.1,17.41,,46.58,0.0,22.0,,15.72,0.0,14.7,0.8,7.88,6.53,4.91
Dec,3,20,8084,,1,1,1.0,3.9,17.0,,78.71,0.0,22.0,,27.89,0.0,14.7,0.8,7.88,6.53,4.91
Dec,3,21,8085,,1,1,1.0,2.2,16.61,,105.74,0.0,22.0,,38.93,0.0,14.7,0.8,7.88,6.53,4.91
Dec,3,22,8086,,1,1,0.77,2.2,16.93,,10.27,0.0,22.0,,3.78,0.0,0.0,0.61,6.04,6.53,3.76
Dec,3,23,8087,,1,1,0.77,1.1,16.68,,13.18,0.0,22.0,,4.98,0.0,0.0,0.61,6.04,6.53,3.76
Dec,3,24,8088,,1,1,0.77,2.8,16.64,,13.12,0.0,22.0,,4.76,0.0,0.0,0.61,6.04,6.53,3.76
Dec,4,1,8089,,1,1,0.77,2.2,16.44,,15.01,0.0,22.0,,5.53,0.0,0.0,0.61,6.04,6.53,3.76
Dec,4,2,8090,,1,1,0.77,2.8,16.33,,15.56,0.0,22.0,,5.65,0.0,0.0,0.61,6.04,6.53,3.76
Dec,4,3,8091,,1,1,0.77,2.2,16.13,,17.12,0.0,22.0,,6.3,0.0,0.0,0.61,6.04,6.53,3.76
Dec,4,4,8092,,1,1,0.77,3.3,16.07,,16.88,0.0,22.0,,6.06,0.0,0.0,0.61,6.04,6.53,3.76
Dec,4,5,8093,,1,1,0.77,2.8,15.9,,18.05,0.0,22.0,,6.56,0.0,0.0,0.61,6.04,6.53,3.76
Dec,4,6,8094,,1,1,0.77,1.1,15.63,,20.38,0.0,22.0,,7.7,0.0,0.0,0.61,6.04,6.53,3.76
Dec,4,7,8095,,1,1,1.0,2.8,14.97,,180.16,0.0,22.0,,65.43,0.0,14.7,0.8,7.88,6.53,4.91
Dec,4,8,8096,,1,1,1.0,2.2,14.93,,171.43,0.0,22.0,,63.11,0.0,14.7,0.8,7.88,6.53,4.91
Dec,4,9,8097,,1,1,1.0,8.3,15.89,,90.29,0.0,22.0,,29.05,0.0,14.7,0.8,7.88,6.53,4.91
Dec,4,10,8098,,1,1,1.0,12.2,16.59,,37.48,0.0,22.0,,11.11,0.0,14.7,0.8,7.88,6.53,4.91
Dec,4,11,8099,,1,1,1.0,13.9,17.25,,0.0,6.37,22.09,,0.0,1.06,14.7,0.8,7.88,6.53,4.91
Dec,4,12,8100,,1,1,1.0,15.6,17.83,,0.0,40.51,22.55,,0.0,7.01,14.7,0.8,7.88,6.53,4.91
Dec,4,13,8101,,1,1,1.0,15.6,18.31,,0.0,67.22,22.92,,0.0,11.63,14.7,0.8,7.88,6.53,4.91
Dec,4,14,8102,,1,1,1.0,15.0,18.53,,0.0,74.88,23.02,,0.0,12.76,14.7,0.8,7.88,6.53,4.91
Dec,4,15,8103,,1,1,1.0,9.4,17.99,,0.0,27.09,22.37,,0.0,4.04,14.7,0.8,7.88,6.53,4.91
Dec,4,16,8104,,1,1,1.0,6.1,17.52,,15.34,0.0,22.0,,5.18,0.0,14.7,0.8,7.88,6.53,4.91
Dec,4,17,8105,,1,1,1.0,3.3,17.01,,58.7,0.0,22.0,,21.08,0.0,14.7,0.8,7.88,6.53,4.91
Dec,4,18,8106,,1,1,1.0,-0.6,16.32,,110.24,0.0,22.0,,43.58,0.0,14.7,0.8,7.88,6.53,4.91
Dec,4,19,8107,,1,1,1.0,-1.1,15.99,,129.77,0.0,22.0,,52.17,0.0,14.7,0.8,7.88,6.53,4.91
Dec,4,20,8108,,1,1,1.0,-2.8,15.5,,158.85,0.0,22.0,,67.75,0.0,14.7,0.8,7.88,6.53,4.91
Dec,4,21,8109,,1,1,1.0,-2.8,15.2,,171.05,0.0,22.0,,72.95,0.0,14.7,0.8,7.88,6.53,4.91
Dec,4,22,8110,,1,1,0.77,-2.8,15.63,,18.55,0.0,22.0,,7.91,0.0,0.0,0.61,6.04,6.53,3.76
Dec,4,23,8111,,1,1,0.77,-3.3,15.35,,20.88,0.0,22.0,,9.07,0.0,0.0,0.61,6.04,6.53,3.76
Dec,4,24,8112,,1,1,0.77,-2.8,15.15,,22.0,0.0,22.0,,9.38,0.0,0.0,0.61,6.04,6.53,3.76
Dec,5,1,8113,,1,1,0.77,-2.8,14.92,,23.35,0.0,22.0,,9.96,0.0,0.0,0.61,6.04,6.53,3.76
Dec,5,2,8114,,1,1,0.77,-3.3,14.66,,25.03,0.0,22.0,,10.87,0.0,0.0,0.61,6.04,6.53,3.76
Dec,5,3,8115,,1,1,0.77,-3.9,14.39,,26.7,0.0,22.0,,11.85,0.0,0.0,0.61,6.04,6.53,3.76
Dec,5,4,8116,,1,1,0.77,-3.9,14.15,,27.67,0.0,22.0,,12.28,0.0,0.0,0.61,6.04,6.53,3.76
Dec,5,5,8117,,1,1,0.77,-3.9,13.92,,28.51,0.0,22.0,,12.66,0.0,0.0,0.61,6.04,6.53,3.76
Dec,5,6,8118,,1,1,0.77,-3.9,13.7,,29.24,0.0,22.0,,12.98,0.0,0.0,0.61,6.04,6.53,3.76
Dec,5,7,8119,,1,1,1.0,-3.3,12.7,,258.86,0.0,22.0,,112.41,0.0,14.7,0.8,7.88,6.53,4.91
Dec,5,8,8120,,1,1,1.0,-3.3,12.61,,247.07,0.0,22.0,,107.29,0.0,14.7,0.8,7.88,6.53,4.91
Dec,5,9,8121,,1,1,1.0,-2.8,12.46,,241.56,0.0,22.0,,103.02,0.0,14.7,0.8,7.88,6.53,4.91
Dec,5,10,8122,,1,1,1.0,-2.2,12.35,,233.46,0.0,22.0,,97.47,0.0,14.7,0.8,7.88,6.53,4.91
Dec,5,11,8123,,1,1,1.0,-2.2,12.21,,230.08,0.0,22.0,,96.06,0.0,14.7,0.8,7.88,6.53,4.91
Dec,5,12,8124,,1,1,1.0,0.0,12.37,,204.77,0.0,22.0,,79.37,0.0,14.7,0.8,7.88,6.53,4.91
Dec,5,13,8125,,1,1,1.0,1.1,12.47,,186.48,0.0,22.0,,70.42,0.0,14.7,0.8,7.88,6.53,4.91
Dec,5,14,8126,,1,1,1.0,3.3,12.95,,143.21,0.0,22.0,,51.43,0.0,14.7,0.8,7.88,6.53,4.91
Dec,5,15,8127,,1,1,1.0,1.7,12.7,,158.6,0.0,22.0,,59.06,0.0,14.7,0.8,7.88,6.53,4.91
Dec,5,16,8128,,1,1,1.0,0.0,12.39,,176.38,0.0,22.0,,68.36,0.0,14.7,0.8,7.88,6.53,4.91
Dec,5,17,8129,,1,1,1.0,-1.1,12.08,,192.92,0.0,22.0,,77.55,0.0,14.7,0.8,7.88,6.53,4.91
Dec,5,18,8130,,1,1,1.0,-2.2,11.76,,207.81,0.0,22.0,,86.76,0.0,14.7,0.8,7.88,6.53,4.91
Dec,5,19,8131,,1,1,1.0,-2.8,11.49,,217.95,0.0,22.0,,92.95,0.0,14.7,0.8,7.88,6.53,4.91
Dec,5,20,8132,,1,1,1.0,-2.2,11.36,,216.49,0.0,22.0,,90.38,0.0,14.7,0.8,7.88,6.53,4.91
Dec,5,21,8133,,1,1,1.0,-2.8,11.1,,225.46,0.0,22.0,,96.15,0.0,14.7,0.8,7.88,6.53,4.91
Dec,5,22,8134,,1,1,0.77,-2.8,11.42,,26.8,0.0,22.0,,11.43,0.0,0.0,0.61,6.04,6.53,3.76
Dec,5,23,8135,,1,1,0.77,-2.8,11.26,,27.51,0.0,22.0,,11.73,0.0,0.0,0.61,6.04,6.53,3.76
Dec,5,24,8136,,1,1,0.77,-3.9,11.02,,29.23,0.0,22.0,,12.98,0.0,0.0,0.61,6.04,6.53,3.76
Dec,6,1,8137,,1,1,0.77,-3.9,10.85,,29.86,0.0,22.0,,13.26,0.0,0.0,0.61,6.04,6.53,3.76
Dec,6,2,8138,,1,1,0.77,-3.3,10.73,,29.8,0.0,22.0,,12.94,0.0,0.0,0.61,6.04,6.53,3.76
Dec,6,3,8139,,1,1,0.77,-2.8,10.62,,29.71,0.0,22.0,,12.67,0.0,0.0,0.61,6.04,6.53,3.76
Dec,6,4,8140,,1,1,0.77,-2.8,10.48,,30.02,0.0,22.0,,12.8,0.0,0.0,0.61,6.04,6.53,3.76
Dec,6,5,8141,,1,1,0.77,-2.2,10.39,,29.68,0.0,22.0,,12.39,0.0,0.0,0.61,6.04,6.53,3.76
Dec,6,6,8142,,1,1,0.77,-2.2,10.26,,29.86,0.0,22.0,,12.47,0.0,0.0,0.61,6.04,6.53,3.76
Dec,6,7,8143,,1,1,1.0,-2.2,9.52,,259.19,0.0,22.0,,108.21,0.0,14.7,0.8,7.88,6.53,4.91
Dec,6,8,8144,,1,1,1.0,-1.7,9.61,,240.46,0.0,22.0,,98.66,0.0,14.7,0.8,7.88,6.53,4.91
Dec,6,9,8145,,1,1,1.0,-1.7,9.5,,237.79,0.0,22.0,,97.57,0.0,14.7,0.8,7.88,6.53,4.91
Dec,6,10,8146,,1,1,1.0,-1.7,9.42,,233.88,0.0,22.0,,95.96,0.0,14.7,0.8,7.88,6.53,4.91
Dec,6,11,8147,,1,1,1.0,-1.7,9.37,,228.36,0.0,22.0,,93.7,0.0,14.7,0.8,7.88,6.53,4.91
Dec,6,12,8148,,1,1,1.0,-1.1,9.4,,217.97,0.0,22.0,,87.62,0.0,14.7,0.8,7.88,6.53,4.91
Dec,6,13,8149,,1,1,1.0,-0.6,9.45,,207.66,0.0,22.0,,82.09,0.0,14.7,0.8,7.88,6.53,4.91
Dec,6,14,8150,,1,1,1.0,-1.1,9.35,,209.05,0.0,22.0,,84.04,0.0,14.7,0.8,7.88,6.53,4.91
Dec,6,15,8151,,1,1,1.0,-1.1,9.27,,209.49,0.0,22.0,,84.21,0.0,14.7,0.8,7.88,6.53,4.91
Dec,6,16,8152,,1,1,1.0,-1.1,9.18,,210.94,0.0,22.0,,84.8,0.0,14.7,0.8,7.88,6.53,4.91
Dec,6,17,8153,,1,1,1.0,-1.1,9.06,,213.54,0.0,22.0,,85.84,0.0,14.7,0.8,7.88,6.53,4.91
Dec,6,18,8154,,1,1,1.0,-0.6,9.03,,210.58,0.0,22.0,,83.25,0.0,14.7,0.8,7.88,6.53,4.91
Dec,6,19,8155,,1,1,1.0,-1.7,8.8,,222.18,0.0,22.0,,91.16,0.0,14.7,0.8,7.88,6.53,4.91
Dec,6,20,8156,,1,1,1.0,-2.2,8.62,,228.54,0.0,22.0,,95.42,0.0,14.7,0.8,7.88,6.53,4.91
Dec,6,21,8157,,1,1,1.0,-3.3,8.37,,240.58,0.0,22.0,,104.47,0.0,14.7,0.8,7.88,6.53,4.91
Dec,6,22,8158,,1,1,0.77,-3.3,8.62,,28.93,0.0,22.0,,12.56,0.0,0.0,0.61,6.04,6.53,3.76
Dec,6,23,8159,,1,1,0.77,-4.4,8.42,,30.58,0.0,22.0,,13.83,0.0,0.0,0.61,6.04,6.53,3.76
Dec,6,24,8160,,1,1,0.77,-5.0,8.24,,31.75,0.0,22.0,,14.7,0.0,0.0,0.61,6.04,6.53,3.76
Dec,7,1,8161,,1,1,0.77,-4.4,8.15,,31.68,0.0,22.0,,14.33,0.0,0.0,0.61,6.04,6.53,3.76
Dec,7,2,8162,,1,1,0.77,-5.6,7.92,,33.3,0.0,22.0,,13.85,0.0,0.0,0.61,6.04,6.53,3.76
Dec,7,3,8163,,1,1,0.77,-2.2,8.06,,30.33,0.0,22.0,,12.66,0.0,0.0,0.61,6.04,6.53,3.76
Dec,7,4,8164,,1,1,0.77,-2.2,7.98,,30.42,0.0,22.0,,12.7,0.0,0.0,0.61,6.04,6.53,3.76
Dec,7,5,8165,,1,1,0.77,-2.2,7.9,,30.5,0.0,22.0,,12.73,0.0,0.0,0.61,6.04,6.53,3.76
Dec,7,6,8166,,1,1,0.77,1.1,8.09,,27.23,0.0,22.0,,10.28,0.0,0.0,0.61,6.04,6.53,3.76
Dec,7,7,8167,,1,1,1.0,2.2,7.86,,219.55,0.0,22.0,,80.82,0.0,14.7,0.8,7.88,6.53,4.91
Dec,7,8,8168,,1,1,1.0,2.8,8.12,,196.26,0.0,22.0,,71.27,0.0,14.7,0.8,7.88,6.53,4.91
Dec,7,9,8169,,1,1,1.0,3.3,8.29,,182.32,0.0,22.0,,65.47,0.0,14.7,0.8,7.88,6.53,4.91
Dec,7,10,8170,,1,1,1.0,4.4,8.57,,161.35,0.0,22.0,,56.56,0.0,14.7,0.8,7.88,6.53,4.91
Dec,7,11,8171,,1,1,1.0,5.6,8.84,,143.59,0.0,22.0,,49.01,0.0,14.7,0.8,7.88,6.53,4.91
Dec,7,12,8172,,1,1,1.0,10.0,9.81,,76.98,0.0,22.0,,23.91,0.0,14.7,0.8,7.88,6.53,4.91
Dec,7,13,8173,,1,1,1.0,3.9,9.35,,121.75,0.0,22.0,,43.15,0.0,14.7,0.8,7.88,6.53,4.91
Dec,7,14,8174,,1,1,1.0,2.8,9.56,,113.03,0.0,22.0,,41.05,0.0,14.7,0.8,7.88,6.53,4.91
Dec,7,15,8175,,1,1,1.0,1.7,9.54,,121.02,0.0,22.0,,45.07,0.0,14.7,0.8,7.88,6.53,4.91
Dec,7,16,8176,,1,1,1.0,1.7,9.54,,126.89,0.0,22.0,,47.25,0.0,14.7,0.8,7.88,6.53,4.91
Dec,7,17,8177,,1,1,1.0,0.0,9.25,,153.61,0.0,22.0,,59.54,0.0,14.7,0.8,7.88,6.53,4.91
Dec,7,18,8178,,1,1,1.0,0.6,9.25,,155.84,0.0,22.0,,59.54,0.0,14.7,0.8,7.88,6.53,4.91
Dec,7,19,8179,,1,1,1.0,0.6,9.18,,162.35,0.0,22.0,,62.03,0.0,14.7,0.8,7.88,6.53,4.91
Dec,7,20,8180,,1,1,1.0,-0.6,8.97,,179.27,0.0,22.0,,70.87,0.0,14.7,0.8,7.88,6.53,4.91
Dec,7,21,8181,,1,1,1.0,-0.6,8.88,,184.76,0.0,22.0,,73.04,0.0,14.7,0.8,7.88,6.53,4.91
Dec,7,22,8182,,1,1,0.77,-1.7,8.99,,22.46,0.0,22.0,,9.22,0.0,0.0,0.61,6.04,6.53,3.76
Dec,7,23,8183,,1,1,0.77,-2.2,8.86,,24.01,0.0,22.0,,10.02,0.0,0.0,0.61,6.04,6.53,3.76
Dec,7,24,8184,,1,1,0.77,-2.2,8.76,,24.95,0.0,22.0,,10.42,0.0,0.0,0.61,6.04,6.53,3.76
Dec,8,1,8185,,1,1,0.77,-3.3,8.57,,26.89,0.0,22.0,,11.68,0.0,0.0,0.61,6.04,6.53,3.76
Dec,8,2,8186,,1,1,0.77,-3.9,8.41,,28.3,0.0,22.0,,12.56,0.0,0.0,0.61,6.04,6.53,3.76
Dec,8,3,8187,,1,1,0.77,-3.9,8.29,,29.06,0.0,22.0,,12.9,0.0,0.0,0.61,6.04,6.53,3.76
Dec,8,4,8188,,1,1,0.77,-3.9,8.17,,29.71,0.0,22.0,,13.19,0.0,0.0,0.61,6.04,6.53,3.76
Dec,8,5,8189,,1,1,0.77,-4.4,8.01,,30.78,0.0,22.0,,13.93,0.0,0.0,0.61,6.04,6.53,3.76
Dec,8,6,8190,,1,1,0.77,-4.4,7.89,,31.31,0.0,22.0,,14.16,0.0,0.0,0.61,6.04,6.53,3.76
Dec,8,7,8191,,1,1,1.0,-4.4,7.16,,277.21,0.0,22.0,,127.94,0.0,14.7,0.8,7.88,6.53,4.91
Dec,8,8,8192,,1,1,1.0,-4.4,7.18,,264.73,0.0,22.0,,119.77,0.0,14.7,0.8,7.88,6.53,4.91
Dec,8,9,8193,,1,1,1.0,-4.4,7.1,,261.72,0.0,22.0,,118.4,0.0,14.7,0.8,7.88,6.53,4.91
Dec,8,10,8194,,1,1,1.0,-3.3,7.17,,247.81,0.0,22.0,,107.61,0.0,14.7,0.8,7.88,6.53,4.91
Dec,8,11,8195,,1,1,1.0,-2.8,7.27,,233.69,0.0,22.0,,99.66,0.0,14.7,0.8,7.88,6.53,4.91
Dec,8,12,8196,,1,1,1.0,-2.8,7.48,,212.82,0.0,22.0,,90.76,0.0,14.7,0.8,7.88,6.53,4.91
Dec,8,13,8197,,1,1,1.0,-2.8,7.4,,216.34,0.0,22.0,,92.26,0.0,14.7,0.8,7.88,6.53,4.91
Dec,8,14,8198,,1,1,1.0,-2.2,7.56,,201.21,0.0,22.0,,84.01,0.0,14.7,0.8,7.88,6.53,4.91
Dec,8,15,8199,,1,1,1.0,-2.8,7.5,,204.36,0.0,22.0,,87.15,0.0,14.7,0.8,7.88,6.53,4.91
Dec,8,16,8200,,1,1,1.0,-2.8,7.44,,206.66,0.0,22.0,,88.14,0.0,14.7,0.8,7.88,6.53,4.91
Dec,8,17,8201,,1,1,1.0,-3.3,7.25,,218.95,0.0,22.0,,95.08,0.0,14.7,0.8,7.88,6.53,4.91
Dec,8,18,8202,,1,1,1.0,-3.9,7.06,,229.56,0.0,22.0,,101.92,0.0,14.7,0.8,7.88,6.53,4.91
Dec,8,19,8203,,1,1,1.0,-4.4,6.88,,238.87,0.0,22.0,,108.07,0.0,14.7,0.8,7.88,6.53,4.91
Dec,8,20,8204,,1,1,1.0,-5.0,6.67,,248.75,0.0,22.0,,115.16,0.0,14.7,0.8,7.88,6.53,4.91
Dec,8,21,8205,,1,1,1.0,-6.1,6.39,,263.07,0.0,22.0,,110.71,0.0,14.7,0.8,7.88,6.53,4.91
Dec,8,22,8206,,1,1,0.77,-6.7,6.62,,32.05,0.0,22.0,,13.69,0.0,0.0,0.61,6.04,6.53,3.76
Dec,8,23,8207,,1,1,0.77,-7.2,6.44,,33.44,0.0,22.0,,14.46,0.0,0.0,0.61,6.04,6.53,3.76
Dec,8,24,8208,,1,1,0.77,-8.3,6.2,,35.36,0.0,22.0,,15.73,0.0,0.0,0.61,6.04,6.53,3.76
Dec,9,1,8209,,1,1,0.77,-8.9,5.99,,36.77,0.0,22.0,,16.61,0.0,0.0,0.61,6.04,6.53,3.76
Dec,9,2,8210,,1,1,0.77,-8.3,5.87,,36.91,0.0,22.0,,16.41,0.0,0.0,0.61,6.04,6.53,3.76
Dec,9,3,8211,,1,1,0.77,-8.9,5.67,,38.11,0.0,22.0,,17.21,0.0,0.0,0.61,6.04,6.53,3.76
Dec,9,4,8212,,1,1,0.77,-8.9,5.5,,38.68,0.0,22.0,,17.47,0.0,0.0,0.61,6.04,6.53,3.76
Dec,9,5,8213,,1,1,0.77,-9.4,5.3,,39.68,0.0,22.0,,18.16,0.0,0.0,0.61,6.04,6.53,3.76
Dec,9,6,8214,,1,1,0.77,-9.4,5.14,,40.15,0.0,22.0,,18.38,0.0,0.0,0.61,6.04,6.53,3.76
Dec,9,7,8215,,1,1,1.0,-9.4,4.26,,345.46,0.0,22.0,,169.65,0.0,14.7,0.8,7.88,6.53,4.91
Dec,9,8,8216,,1,1,1.0,-8.3,4.45,,316.38,0.0,22.0,,161.94,0.0,14.7,0.8,7.88,6.53,4.91
Dec,9,9,8217,,1,1,1.0,-5.6,4.86,,275.22,0.0,22.0,,114.43,0.0,14.7,0.8,7.88,6.53,4.91
Dec,9,10,8218,,1,1,1.0,-3.3,5.38,,230.58,0.0,22.0,,100.13,0.0,14.7,0.8,7.88,6.53,4.91
Dec,9,11,8219,,1,1,1.0,-0.6,5.99,,184.25,0.0,22.0,,72.84,0.0,14.7,0.8,7.88,6.53,4.91
Dec,9,12,8220,,1,1,1.0,2.2,6.73,,133.74,0.0,22.0,,49.23,0.0,14.7,0.8,7.88,6.53,4.91
Dec,9,13,8221,,1,1,1.0,4.4,7.32,,99.5,0.0,22.0,,34.88,0.0,14.7,0.8,7.88,6.53,4.91
Dec,9,14,8222,,1,1,1.0,3.9,7.64,,89.02,0.0,22.0,,31.55,0.0,14.7,0.8,7.88,6.53,4.91
Dec,9,15,8223,,1,1,1.0,3.3,7.78,,92.32,0.0,22.0,,33.15,0.0,14.7,0.8,7.88,6.53,4.91
Dec,9,16,8224,,1,1,1.0,1.7,7.73,,109.31,0.0,22.0,,40.71,0.0,14.7,0.8,7.88,6.53,4.91
Dec,9,17,8225,,1,1,1.0,0.6,7.54,,134.2,0.0,22.0,,51.28,0.0,14.7,0.8,7.88,6.53,4.91
Dec,9,18,8226,,1,1,1.0,-1.7,7.22,,165.28,0.0,22.0,,67.82,0.0,14.7,0.8,7.88,6.53,4.91
Dec,9,19,8227,,1,1,1.0,-2.2,7.08,,179.34,0.0,22.0,,74.87,0.0,14.7,0.8,7.88,6.53,4.91
Dec,9,20,8228,,1,1,1.0,-2.2,7.0,,187.68,0.0,22.0,,78.36,0.0,14.7,0.8,7.88,6.53,4.91
Dec,9,21,8229,,1,1,1.0,-2.2,6.92,,194.9,0.0,22.0,,81.37,0.0,14.7,0.8,7.88,6.53,4.91
Dec,9,22,8230,,1,1,0.77,-5.0,6.88,,25.2,0.0,22.0,,11.67,0.0,0.0,0.61,6.04,6.53,3.76
Dec,9,23,8231,,1,1,0.77,-5.6,6.72,,27.23,0.0,22.0,,11.32,0.0,0.0,0.61,6.04,6.53,3.76
Dec,9,24,8232,,1,1,0.77,-6.7,6.51,,29.63,0.0,22.0,,12.65,0.0,0.0,0.61,6.04,6.53,3.76
Dec,10,1,8233,,1,1,0.77,-7.8,6.28,,31.96,0.0,22.0,,14.03,0.0,0.0,0.61,6.04,6.53,3.76
Dec,10,2,8234,,1,1,0.77,-8.9,6.03,,34.22,0.0,22.0,,15.46,0.0,0.0,0.61,6.04,6.53,3.76
Dec,10,3,8235,,1,1,0.77,-8.9,5.86,,35.31,0.0,22.0,,15.95,0.0,0.0,0.61,6.04,6.53,3.76
Dec,10,4,8236,,1,1,0.77,-8.9,5.7,,36.26,0.0,22.0,,16.38,0.0,0.0,0.61,6.04,6.53,3.76
Dec,10,5,8237,,1,1,0.77,-9.4,5.49,,37.58,0.0,22.0,,17.2,0.0,0.0,0.61,6.04,6.53,3.76
Dec,10,6,8238,,1,1,0.77,-10.6,5.22,,39.55,0.0,22.0,,16.72,0.0,0.0,0.61,6.04,6.53,3.76
Dec,10,7,8239,,1,1,1.0,-9.4,4.41,,337.16,0.0,22.0,,169.65,0.0,14.7,0.8,7.88,6.53,4.91
Dec,10,8,8240,,1,1,1.0,-7.2,4.8,,294.96,0.0,22.0,,144.16,0.0,14.7,0.8,7.88,6.53,4.91
Dec,10,9,8241,,1,1,1.0,-5.0,5.25,,252.87,0.0,22.0,,117.07,0.0,14.7,0.8,7.88,6.53,4.91
Dec,10,10,8242,,1,1,1.0,-1.7,5.94,,198.14,0.0,22.0,,81.3,0.0,14.7,0.8,7.88,6.53,4.91
Dec,10,11,8243,,1,1,1.0,1.7,6.74,,141.25,0.0,22.0,,52.6,0.0,14.7,0.8,7.88,6.53,4.91
Dec,10,12,8244,,1,1,1.0,3.9,7.47,,95.89,0.0,22.0,,33.98,0.0,14.7,0.8,7.88,6.53,4.91
Dec,10,13,8245,,1,1,1.0,3.3,7.85,,80.8,0.0,22.0,,29.02,0.0,14.7,0.8,7.88,6.53,4.91
Dec,10,14,8246,,1,1,1.0,3.3,8.23,,67.02,0.0,22.0,,24.07,0.0,14.7,0.8,7.88,6.53,4.91
Dec,10,15,8247,,1,1,1.0,2.2,8.38,,72.0,0.0,22.0,,26.51,0.0,14.7,0.8,7.88,6.53,4.91
Dec,10,16,8248,,1,1,1.0,1.1,8.38,,86.32,0.0,22.0,,32.6,0.0,14.7,0.8,7.88,6.53,4.91
Dec,10,17,8249,,1,1,1.0,-1.7,7.93,,132.56,0.0,22.0,,54.39,0.0,14.7,0.8,7.88,6.53,4.91
Dec,10,18,8250,,1,1,1.0,-3.3,7.63,,161.45,0.0,22.0,,70.11,0.0,14.7,0.8,7.88,6.53,4.91
Dec,10,19,8251,,1,1,1.0,-5.0,7.3,,190.19,0.0,22.0,,88.05,0.0,14.7,0.8,7.88,6.53,4.91
Dec,10,20,8252,,1,1,1.0,-4.4,7.22,,196.44,0.0,22.0,,88.87,0.0,14.7,0.8,7.88,6.53,4.91
Dec,10,21,8253,,1,1,1.0,-5.0,7.01,,212.06,0.0,22.0,,98.18,0.0,14.7,0.8,7.88,6.53,4.91
Dec,10,22,8254,,1,1,0.77,-5.6,7.22,,24.67,0.0,22.0,,10.26,0.0,0.0,0.61,6.04,6.53,3.76
Dec,10,23,8255,,1,1,0.77,-5.6,7.09,,26.3,0.0,22.0,,10.93,0.0,0.0,0.61,6.04,6.53,3.76
Dec,10,24,8256,,1,1,0.77,-6.1,6.92,,28.22,0.0,22.0,,11.88,0.0,0.0,0.61,6.04,6.53,3.76
Dec,11,1,8257,,1,1,0.77,-5.6,6.83,,28.98,0.0,22.0,,12.05,0.0,0.0,0.61,6.04,6.53,3.76
Dec,11,2,8258,,1,1,0.77,-6.7,6.61,,31.14,0.0,22.0,,13.3,0.0,0.0,0.61,6.04,6.53,3.76
Dec,11,3,8259,,1,1,0.77,-6.1,6.52,,31.54,0.0,22.0,,13.27,0.0,0.0,0.61,6.04,6.53,3.76
Dec,11,4,8260,,1,1,0.77,-5.6,6.44,,31.86,0.0,22.0,,13.25,0.0,0.0,0.61,6.04,6.53,3.76
Dec,11,5,8261,,1,1,0.77,-5.6,6.32,,32.52,0.0,22.0,,13.52,0.0,0.0,0.61,6.04,6.53,3.76
Dec,11,6,8262,,1,1,0.77,-5.0,6.26,,32.48,0.0,22.0,,15.04,0.0,0.0,0.61,6.04,6.53,3.76
Dec,11,7,8263,,1,1,1.0,-5.6,5.53,,291.58,0.0,22.0,,129.51,0.0,14.7,0.8,7.88,6.53,4.91
Dec,11,8,8264,,1,1,1.0,-5.0,5.64,,273.15,0.0,22.0,,127.72,0.0,14.7,0.8,7.88,6.53,4.91
Dec,11,9,8265,,1,1,1.0,-3.9,5.72,,259.43,0.0,22.0,,115.18,0.0,14.7,0.8,7.88,6.53,4.91
Dec,11,10,8266,,1,1,1.0,-3.3,5.79,,248.63,0.0,22.0,,107.97,0.0,14.7,0.8,7.88,6.53,4.91
Dec,11,11,8267,,1,1,1.0,-1.1,6.14,,218.18,0.0,22.0,,87.71,0.0,14.7,0.8,7.88,6.53,4.91
Dec,11,12,8268,,1,1,1.0,-1.1,6.48,,192.11,0.0,22.0,,77.23,0.0,14.7,0.8,7.88,6.53,4.91
Dec,11,13,8269,,1,1,1.0,2.2,6.95,,159.4,0.0,22.0,,58.68,0.0,14.7,0.8,7.88,6.53,4.91
Dec,11,14,8270,,1,1,1.0,7.2,7.97,,90.15,0.0,22.0,,29.7,0.0,14.7,0.8,7.88,6.53,4.91
Dec,11,15,8271,,1,1,1.0,8.3,8.22,,84.79,0.0,22.0,,27.28,0.0,14.7,0.8,7.88,6.53,4.91
Dec,11,16,8272,,1,1,1.0,7.2,8.31,,91.11,0.0,22.0,,30.02,0.0,14.7,0.8,7.88,6.53,4.91
Dec,11,17,8273,,1,1,1.0,4.4,8.04,,123.07,0.0,22.0,,43.14,0.0,14.7,0.8,7.88,6.53,4.91
Dec,11,18,8274,,1,1,1.0,3.9,8.04,,131.9,0.0,22.0,,46.74,0.0,14.7,0.8,7.88,6.53,4.91
Dec,11,19,8275,,1,1,1.0,1.7,7.8,,156.43,0.0,22.0,,58.25,0.0,14.7,0.8,7.88,6.53,4.91
Dec,11,20,8276,,1,1,1.0,1.7,7.8,,160.88,0.0,22.0,,59.91,0.0,14.7,0.8,7.88,6.53,4.91
Dec,11,21,8277,,1,1,1.0,-1.1,7.44,,191.09,0.0,22.0,,76.82,0.0,14.7,0.8,7.88,6.53,4.91
Dec,11,22,8278,,1,1,0.77,-2.8,7.47,,23.86,0.0,22.0,,10.18,0.0,0.0,0.61,6.04,6.53,3.76
Dec,11,23,8279,,1,1,0.77,-4.4,7.26,,26.59,0.0,22.0,,12.03,0.0,0.0,0.61,6.04,6.53,3.76
Dec,11,24,8280,,1,1,0.77,-5.6,7.05,,28.9,0.0,22.0,,12.02,0.0,0.0,0.61,6.04,6.53,3.76
Dec,12,1,8281,,1,1,0.77,-6.1,6.88,,30.47,0.0,22.0,,12.82,0.0,0.0,0.61,6.04,6.53,3.76
Dec,12,2,8282,,1,1,0.77,-6.7,6.69,,32.04,0.0,22.0,,13.68,0.0,0.0,0.61,6.04,6.53,3.76
Dec,12,3,8283,,1,1,0.77,-6.1,6.6,,32.32,0.0,22.0,,13.6,0.0,0.0,0.61,6.04,6.53,3.76
Dec,12,4,8284,,1,1,0.77,-7.8,6.33,,34.75,0.0,22.0,,15.26,0.0,0.0,0.61,6.04,6.53,3.76
Dec,12,5,8285,,1,1,0.77,-7.8,6.18,,35.52,0.0,22.0,,15.6,0.0,0.0,0.61,6.04,6.53,3.76
Dec,12,6,8286,,1,1,0.77,-6.7,6.12,,35.07,0.0,22.0,,14.98,0.0,0.0,0.61,6.04,6.53,3.76
Dec,12,7,8287,,1,1,1.0,-6.7,5.36,,307.12,0.0,22.0,,150.68,0.0,14.7,0.8,7.88,6.53,4.91
Dec,12,8,8288,,1,1,1.0,-5.0,5.62,,276.26,0.0,22.0,,130.83,0.0,14.7,0.8,7.88,6.53,4.91
Dec,12,9,8289,,1,1,1.0,-0.6,6.3,,218.3,0.0,22.0,,86.3,0.0,14.7,0.8,7.88,6.53,4.91
Dec,12,10,8290,,1,1,1.0,3.3,7.13,,155.55,0.0,22.0,,55.86,0.0,14.7,0.8,7.88,6.53,4.91
Dec,12,11,8291,,1,1,1.0,7.2,8.05,,93.51,0.0,22.0,,30.81,0.0,14.7,0.8,7.88,6.53,4.91
Dec,12,12,8292,,1,1,1.0,8.3,8.59,,66.32,0.0,22.0,,21.34,0.0,14.7,0.8,7.88,6.53,4.91
Dec,12,13,8293,,1,1,1.0,8.3,9.07,,46.04,0.0,22.0,,14.81,0.0,14.7,0.8,7.88,6.53,4.91
Dec,12,14,8294,,1,1,1.0,8.9,9.46,,34.31,0.0,22.0,,10.9,0.0,14.7,0.8,7.88,6.53,4.91
Dec,12,15,8295,,1,1,1.0,8.3,9.74,,32.26,0.0,22.0,,10.38,0.0,14.7,0.8,7.88,6.53,4.91
Dec,12,16,8296,,1,1,1.0,6.7,9.73,,49.96,0.0,22.0,,16.64,0.0,14.7,0.8,7.88,6.53,4.91
Dec,12,17,8297,,1,1,1.0,2.2,9.18,,105.62,0.0,22.0,,38.88,0.0,14.7,0.8,7.88,6.53,4.91
Dec,12,18,8298,,1,1,1.0,1.1,9.02,,126.41,0.0,22.0,,47.73,0.0,14.7,0.8,7.88,6.53,4.91
Dec,12,19,8299,,1,1,1.0,0.0,8.83,,146.35,0.0,22.0,,56.72,0.0,14.7,0.8,7.88,6.53,4.91
Dec,12,20,8300,,1,1,1.0,-1.7,8.55,,171.22,0.0,22.0,,70.25,0.0,14.7,0.8,7.88,6.53,4.91
Dec,12,21,8301,,1,1,1.0,-2.2,8.38,,184.47,0.0,22.0,,77.02,0.0,14.7,0.8,7.88,6.53,4.91
Dec,12,22,8302,,1,1,0.77,-2.8,8.56,,21.39,0.0,22.0,,9.12,0.0,0.0,0.61,6.04,6.53,3.76
Dec,12,23,8303,,1,1,0.77,-3.3,8.41,,23.33,0.0,22.0,,10.13,0.0,0.0,0.61,6.04,6.53,3.76
Dec,12,24,8304,,1,1,0.77,-3.9,8.25,,25.23,0.0,22.0,,11.2,0.0,0.0,0.61,6.04,6.53,3.76
Dec,13,1,8305,,1,1,0.77,-4.4,8.09,,26.91,0.0,22.0,,12.17,0.0,0.0,0.61,6.04,6.53,3.76
Dec,13,2,8306,,1,1,0.77,-3.9,8.01,,27.46,0.0,22.0,,12.19,0.0,0.0,0.61,6.04,6.53,3.76
Dec,13,3,8307,,1,1,0.77,-3.9,7.89,,28.33,0.0,22.0,,12.58,0.0,0.0,0.61,6.04,6.53,3.76
Dec,13,4,8308,,1,1,0.77,-3.9,7.78,,29.08,0.0,22.0,,12.91,0.0,0.0,0.61,6.04,6.53,3.76
Dec,13,5,8309,,1,1,0.77,-3.9,7.67,,29.73,0.0,22.0,,13.2,0.0,0.0,0.61,6.04,6.53,3.76
Dec,13,6,8310,,1,1,0.77,-5.6,7.42,,32.01,0.0,22.0,,13.31,0.0,0.0,0.61,6.04,6.53,3.76
Dec,13,7,8311,,1,1,1.0,-6.1,6.59,,291.28,0.0,22.0,,132.74,0.0,14.7,0.8,7.88,6.53,4.91
Dec,13,8,8312,,1,1,1.0,-5.0,6.81,,263.27,0.0,22.0,,121.88,0.0,14.7,0.8,7.88,6.53,4.91
Dec,13,9,8313,,1,1,1.0,-1.1,7.43,,209.33,0.0,22.0,,84.15,0.0,14.7,0.8,7.88,6.53,4.91
Dec,13,10,8314,,1,1,1.0,2.2,8.14,,154.55,0.0,22.0,,56.9,0.0,14.7,0.8,7.88,6.53,4.91
Dec,13,11,8315,,1,1,1.0,3.9,8.75,,114.1,0.0,22.0,,40.44,0.0,14.7,0.8,7.88,6.53,4.91
Dec,13,12,8316,,1,1,1.0,6.1,9.43,,72.27,0.0,22.0,,24.39,0.0,14.7,0.8,7.88,6.53,4.91
Dec,13,13,8317,,1,1,1.0,6.7,9.9,,50.97,0.0,22.0,,16.98,0.0,14.7,0.8,7.88,6.53,4.91
Dec,13,14,8318,,1,1,1.0,6.7,10.25,,39.57,0.0,22.0,,13.18,0.0,14.7,0.8,7.88,6.53,4.91
Dec,13,15,8319,,1,1,1.0,6.7,10.44,,41.12,0.0,22.0,,13.7,0.0,14.7,0.8,7.88,6.53,4.91
Dec,13,16,8320,,1,1,1.0,3.9,10.19,,74.7,0.0,22.0,,26.47,0.0,14.7,0.8,7.88,6.53,4.91
Dec,13,17,8321,,1,1,1.0,1.7,9.87,,109.32,0.0,22.0,,40.71,0.0,14.7,0.8,7.88,6.53,4.91
Dec,13,18,8322,,1,1,1.0,-0.6,9.53,,141.79,0.0,22.0,,56.05,0.0,14.7,0.8,7.88,6.53,4.91
Dec,13,19,8323,,1,1,1.0,-1.1,9.36,,157.05,0.0,22.0,,63.13,0.0,14.7,0.8,7.88,6.53,4.91
Dec,13,20,8324,,1,1,1.0,-2.2,9.11,,176.8,0.0,22.0,,73.81,0.0,14.7,0.8,7.88,6.53,4.91
Dec,13,21,8325,,1,1,1.0,-3.3,8.84,,195.84,0.0,22.0,,85.04,0.0,14.7,0.8,7.88,6.53,4.91
Dec,13,22,8326,,1,1,0.77,-1.7,9.24,,20.53,0.0,22.0,,8.42,0.0,0.0,0.61,6.04,6.53,3.76
Dec,13,23,8327,,1,1,0.77,-1.7,9.15,,21.83,0.0,22.0,,8.96,0.0,0.0,0.61,6.04,6.53,3.76
Dec,13,24,8328,,1,1,0.77,-3.3,8.92,,24.58,0.0,22.0,,10.67,0.0,0.0,0.61,6.04,6.53,3.76
Dec,14,1,8329,,1,1,0.77,-4.4,8.71,,26.82,0.0,22.0,,12.13,0.0,0.0,0.61,6.04,6.53,3.76
Dec,14,2,8330,,1,1,0.77,-4.4,8.57,,27.89,0.0,22.0,,12.62,0.0,0.0,0.61,6.04,6.53,3.76
Dec,14,3,8331,,1,1,0.77,-5.0,8.39,,29.42,0.0,22.0,,13.62,0.0,0.0,0.61,6.04,6.53,3.76
Dec,14,4,8332,,1,1,0.77,-5.6,8.2,,30.88,0.0,22.0,,12.84,0.0,0.0,0.61,6.04,6.53,3.76
Dec,14,5,8333,,1,1,0.77,-6.7,7.96,,32.79,0.0,22.0,,14.0,0.0,0.0,0.61,6.04,6.53,3.76
Dec,14,6,8334,,1,1,0.77,-6.7,7.79,,33.57,0.0,22.0,,14.34,0.0,0.0,0.61,6.04,6.53,3.76
Dec,14,7,8335,,1,1,1.0,-5.6,7.06,,289.36,0.0,22.0,,127.29,0.0,14.7,0.8,7.88,6.53,4.91
Dec,14,8,8336,,1,1,1.0,-5.0,7.16,,270.11,0.0,22.0,,125.05,0.0,14.7,0.8,7.88,6.53,4.91
Dec,14,9,8337,,1,1,1.0,-1.7,7.63,,225.4,0.0,22.0,,92.48,0.0,14.7,0.8,7.88,6.53,4.91
Dec,14,10,8338,,1,1,1.0,2.2,8.37,,166.41,0.0,22.0,,61.26,0.0,14.7,0.8,7.88,6.53,4.91
Dec,14,11,8339,,1,1,1.0,6.1,9.22,,105.45,0.0,22.0,,35.59,0.0,14.7,0.8,7.88,6.53,4.91
Dec,14,12,8340,,1,1,1.0,6.1,9.61,,85.94,0.0,22.0,,29.01,0.0,14.7,0.8,7.88,6.53,4.91
Dec,14,13,8341,,1,1,1.0,6.7,10.11,,59.67,0.0,22.0,,19.88,0.0,14.7,0.8,7.88,6.53,4.91
Dec,14,14,8342,,1,1,1.0,6.7,10.45,,48.14,0.0,22.0,,16.03,0.0,14.7,0.8,7.88,6.53,4.91
Dec,14,15,8343,,1,1,1.0,5.6,10.54,,55.56,0.0,22.0,,18.97,0.0,14.7,0.8,7.88,6.53,4.91
Dec,14,16,8344,,1,1,1.0,4.4,10.53,,69.51,0.0,22.0,,24.37,0.0,14.7,0.8,7.88,6.53,4.91
Dec,14,17,8345,,1,1,1.0,1.1,10.05,,115.71,0.0,22.0,,43.69,0.0,14.7,0.8,7.88,6.53,4.91
Dec,14,18,8346,,1,1,1.0,0.0,9.84,,137.11,0.0,22.0,,53.14,0.0,14.7,0.8,7.88,6.53,4.91
Dec,14,19,8347,,1,1,1.0,-0.6,9.67,,152.87,0.0,22.0,,60.43,0.0,14.7,0.8,7.88,6.53,4.91
Dec,14,20,8348,,1,1,1.0,-2.8,9.28,,182.64,0.0,22.0,,77.89,0.0,14.7,0.8,7.88,6.53,4.91
Dec,14,21,8349,,1,1,1.0,-3.3,9.07,,196.32,0.0,22.0,,85.25,0.0,14.7,0.8,7.88,6.53,4.91
Dec,14,22,8350,,1,1,0.77,-3.9,9.29,,22.83,0.0,22.0,,10.14,0.0,0.0,0.61,6.04,6.53,3.76
Dec,14,23,8351,,1,1,0.77,-3.9,9.16,,24.33,0.0,22.0,,10.8,0.0,0.0,0.61,6.04,6.53,3.76
Dec,14,24,8352,,1,1,0.77,-3.9,9.02,,25.62,0.0,22.0,,11.37,0.0,0.0,0.61,6.04,6.53,3.76
Dec,15,1,8353,,1,1,0.77,-2.8,8.98,,25.62,0.0,22.0,,10.93,0.0,0.0,0.61,6.04,6.53,3.76
Dec,15,2,8354,,1,1,0.77,-3.3,8.83,,26.99,0.0,22.0,,11.72,0.0,0.0,0.61,6.04,6.53,3.76
Dec,15,3,8355,,1,1,0.77,-5.0,8.57,,29.51,0.0,22.0,,13.66,0.0,0.0,0.61,6.04,6.53,3.76
Dec,15,4,8356,,1,1,0.77,-5.6,8.37,,30.96,0.0,22.0,,12.87,0.0,0.0,0.61,6.04,6.53,3.76
Dec,15,5,8357,,1,1,0.77,-6.7,8.13,,32.85,0.0,22.0,,14.03,0.0,0.0,0.61,6.04,6.53,3.76
Dec,15,6,8358,,1,1,0.77,-7.8,7.87,,34.74,0.0,22.0,,15.25,0.0,0.0,0.61,6.04,6.53,3.76
Dec,15,7,8359,,1,1,1.0,-6.1,7.14,,294.92,0.0,22.0,,136.38,0.0,14.7,0.8,7.88,6.53,4.91
Dec,15,8,8360,,1,1,1.0,-6.7,7.06,,287.56,0.0,22.0,,133.24,0.0,14.7,0.8,7.88,6.53,4.91
Dec,15,9,8361,,1,1,1.0,-3.9,7.37,,252.2,0.0,22.0,,111.97,0.0,14.7,0.8,7.88,6.53,4.91
Dec,15,10,8362,,1,1,1.0,0.0,8.06,,193.7,0.0,22.0,,75.08,0.0,14.7,0.8,7.88,6.53,4.91
Dec,15,11,8363,,1,1,1.0,1.7,8.52,,158.7,0.0,22.0,,59.1,0.0,14.7,0.8,7.88,6.53,4.91
Dec,15,12,8364,,1,1,1.0,3.3,9.05,,122.77,0.0,22.0,,44.09,0.0,14.7,0.8,7.88,6.53,4.91
Dec,15,13,8365,,1,1,1.0,5.0,9.61,,88.09,0.0,22.0,,30.48,0.0,14.7,0.8,7.88,6.53,4.91
Dec,15,14,8366,,1,1,1.0,5.6,10.06,,65.45,0.0,22.0,,22.34,0.0,14.7,0.8,7.88,6.53,4.91
Dec,15,15,8367,,1,1,1.0,6.1,10.36,,56.17,0.0,22.0,,18.96,0.0,14.7,0.8,7.88,6.53,4.91
Dec,15,16,8368,,1,1,1.0,5.6,10.43,,64.38,0.0,22.0,,21.98,0.0,14.7,0.8,7.88,6.53,4.91
Dec,15,17,8369,,1,1,1.0,3.9,10.19,,93.78,0.0,22.0,,33.23,0.0,14.7,0.8,7.88,6.53,4.91
Dec,15,18,8370,,1,1,1.0,2.8,10.04,,113.12,0.0,22.0,,41.08,0.0,14.7,0.8,7.88,6.53,4.91
Dec,15,19,8371,,1,1,1.0,1.7,9.87,,131.82,0.0,22.0,,49.09,0.0,14.7,0.8,7.88,6.53,4.91
Dec,15,20,8372,,1,1,1.0,1.1,9.74,,145.25,0.0,22.0,,54.85,0.0,14.7,0.8,7.88,6.53,4.91
Dec,15,21,8373,,1,1,1.0,0.6,9.61,,157.0,0.0,22.0,,59.99,0.0,14.7,0.8,7.88,6.53,4.91
Dec,15,22,8374,,1,1,0.77,-0.6,9.7,,18.74,0.0,22.0,,7.41,0.0,0.0,0.61,6.04,6.53,3.76
Dec,15,23,8375,,1,1,0.77,-3.9,9.34,,23.37,0.0,22.0,,10.38,0.0,0.0,0.61,6.04,6.53,3.76
Dec,15,24,8376,,1,1,0.77,-4.4,9.16,,25.3,0.0,22.0,,11.45,0.0,0.0,0.61,6.04,6.53,3.76
Dec,16,1,8377,,1,1,0.77,-5.0,8.97,,27.18,0.0,22.0,,12.58,0.0,0.0,0.61,6.04,6.53,3.76
Dec,16,2,8378,,1,1,0.77,-5.0,8.82,,28.34,0.0,22.0,,13.12,0.0,0.0,0.61,6.04,6.53,3.76
Dec,16,3,8379,,1,1,0.77,-4.4,8.72,,28.73,0.0,22.0,,13.0,0.0,0.0,0.61,6.04,6.53,3.76
Dec,16,4,8380,,1,1,0.77,-3.9,8.62,,29.04,0.0,22.0,,12.89,0.0,0.0,0.61,6.04,6.53,3.76
Dec,16,5,8381,,1,1,0.77,-5.0,8.41,,30.8,0.0,22.0,,14.26,0.0,0.0,0.61,6.04,6.53,3.76
Dec,16,6,8382,,1,1,0.77,-6.7,8.12,,33.19,0.0,22.0,,14.18,0.0,0.0,0.61,6.04,6.53,3.76
Dec,16,7,8383,,1,1,1.0,-6.7,7.23,,297.83,0.0,22.0,,143.51,0.0,14.7,0.8,7.88,6.53,4.91
Dec,16,8,8384,,1,1,1.0,-5.0,7.48,,265.94,0.0,22.0,,123.12,0.0,14.7,0.8,7.88,6.53,4.91
Dec,16,9,8385,,1,1,1.0,0.0,8.23,,200.83,0.0,22.0,,77.84,0.0,14.7,0.8,7.88,6.53,4.91
Dec,16,10,8386,,1,1,1.0,3.9,8.99,,142.4,0.0,22.0,,50.46,0.0,14.7,0.8,7.88,6.53,4.91
Dec,16,11,8387,,1,1,1.0,8.3,9.88,,80.66,0.0,22.0,,25.95,0.0,14.7,0.8,7.88,6.53,4.91
Dec,16,12,8388,,1,1,1.0,10.6,10.63,,36.53,0.0,22.0,,11.2,0.0,14.7,0.8,7.88,6.53,4.91
Dec,16,13,8389,,1,1,1.0,11.7,11.14,,14.66,0.0,22.0,,4.39,0.0,14.7,0.8,7.88,6.53,4.91
Dec,16,14,8390,,1,1,1.0,10.0,11.31,,19.81,0.0,22.0,,6.15,0.0,14.7,0.8,7.88,6.53,4.91
Dec,16,15,8391,,1,1,1.0,9.4,11.53,,20.17,0.0,22.0,,6.34,0.0,14.7,0.8,7.88,6.53,4.91
Dec,16,16,8392,,1,1,1.0,9.4,11.63,,29.01,0.0,22.0,,9.12,0.0,14.7,0.8,7.88,6.53,4.91
Dec,16,17,8393,,1,1,1.0,7.8,11.49,,53.45,0.0,22.0,,17.38,0.0,14.7,0.8,7.88,6.53,4.91
Dec,16,18,8394,,1,1,1.0,7.8,11.55,,60.9,0.0,22.0,,19.81,0.0,14.7,0.8,7.88,6.53,4.91
Dec,16,19,8395,,1,1,1.0,8.9,11.75,,57.0,0.0,22.0,,18.11,0.0,14.7,0.8,7.88,6.53,4.91
Dec,16,20,8396,,1,1,1.0,8.9,11.82,,62.0,0.0,22.0,,19.7,0.0,14.7,0.8,7.88,6.53,4.91
Dec,16,21,8397,,1,1,1.0,8.3,11.82,,71.97,0.0,22.0,,23.16,0.0,14.7,0.8,7.88,6.53,4.91
Dec,16,22,8398,,1,1,0.77,7.2,11.77,,8.23,0.0,22.0,,2.71,0.0,0.0,0.61,6.04,6.53,3.76
Dec,16,23,8399,,1,1,0.77,5.6,11.66,,10.79,0.0,22.0,,3.68,0.0,0.0,0.61,6.04,6.53,3.76
Dec,16,24,8400,,1,1,0.77,3.3,11.47,,14.08,0.0,22.0,,5.06,0.0,0.0,0.61,6.04,6.53,3.76
Dec,17,1,8401,,1,1,0.77,1.7,11.29,,16.73,0.0,22.0,,6.23,0.0,0.0,0.61,6.04,6.53,3.76
Dec,17,2,8402,,1,1,0.77,-1.1,10.99,,20.61,0.0,22.0,,8.29,0.0,0.0,0.61,6.04,6.53,3.76
Dec,17,3,8403,,1,1,0.77,-0.6,10.91,,21.26,0.0,22.0,,8.4,0.0,0.0,0.61,6.04,6.53,3.76
Dec,17,4,8404,,1,1,0.77,-0.6,10.81,,22.22,0.0,22.0,,8.78,0.0,0.0,0.61,6.04,6.53,3.76
Dec,17,5,8405,,1,1,0.77,-0.6,10.7,,23.04,0.0,22.0,,9.11,0.0,0.0,0.61,6.04,6.53,3.76
Dec,17,6,8406,,1,1,0.77,-1.7,10.51,,24.87,0.0,22.0,,10.2,0.0,0.0,0.61,6.04,6.53,3.76
Dec,17,7,8407,,1,1,1.0,0.6,10.08,,210.46,0.0,22.0,,80.41,0.0,14.7,0.8,7.88,6.53,4.91
Dec,17,8,8408,,1,1,1.0,0.6,10.19,,195.6,0.0,22.0,,74.74,0.0,14.7,0.8,7.88,6.53,4.91
Dec,17,9,8409,,1,1,1.0,5.0,10.73,,150.43,0.0,22.0,,52.05,0.0,14.7,0.8,7.88,6.53,4.91
Dec,17,10,8410,,1,1,1.0,9.4,11.51,,93.39,0.0,22.0,,29.36,0.0,14.7,0.8,7.88,6.53,4.91
Dec,17,11,8411,,1,1,1.0,10.6,11.93,,68.54,0.0,22.0,,21.01,0.0,14.7,0.8,7.88,6.53,4.91
Dec,17,12,8412,,1,1,1.0,12.2,12.57,,30.45,0.0,22.0,,9.02,0.0,14.7,0.8,7.88,6.53,4.91
Dec,17,13,8413,,1,1,1.0,12.8,13.13,,2.05,0.0,22.0,,0.6,0.0,14.7,0.8,7.88,6.53,4.91
Dec,17,14,8414,,1,1,1.0,12.2,13.45,,0.0,5.86,22.08,,0.0,0.93,14.7,0.8,7.88,6.53,4.91
Dec,17,15,8415,,1,1,1.0,10.6,13.51,,4.8,0.0,22.0,,1.47,0.0,14.7,0.8,7.88,6.53,4.91
Dec,17,16,8416,,1,1,1.0,8.9,13.41,,26.73,0.0,22.0,,8.49,0.0,14.7,0.8,7.88,6.53,4.91
Dec,17,17,8417,,1,1,1.0,6.1,13.06,,64.37,0.0,22.0,,21.73,0.0,14.7,0.8,7.88,6.53,4.91
Dec,17,18,8418,,1,1,1.0,2.2,12.54,,110.1,0.0,22.0,,40.53,0.0,14.7,0.8,7.88,6.53,4.91
Dec,17,19,8419,,1,1,1.0,1.1,12.29,,130.28,0.0,22.0,,49.2,0.0,14.7,0.8,7.88,6.53,4.91
Dec,17,20,8420,,1,1,1.0,-0.6,11.95,,155.35,0.0,22.0,,61.41,0.0,14.7,0.8,7.88,6.53,4.91
Dec,17,21,8421,,1,1,1.0,-1.1,11.72,,168.78,0.0,22.0,,67.85,0.0,14.7,0.8,7.88,6.53,4.91
Dec,17,22,8422,,1,1,0.77,-0.6,12.05,,18.25,0.0,22.0,,7.21,0.0,0.0,0.61,6.04,6.53,3.76
Dec,17,23,8423,,1,1,0.77,-1.7,11.83,,20.73,0.0,22.0,,8.51,0.0,0.0,0.61,6.04,6.53,3.76
Dec,17,24,8424,,1,1,0.77,-1.7,11.69,,22.0,0.0,22.0,,9.03,0.0,0.0,0.61,6.04,6.53,3.76
Dec,18,1,8425,,1,1,0.77,-1.7,11.55,,23.11,0.0,22.0,,9.48,0.0,0.0,0.61,6.04,6.53,3.76
Dec,18,2,8426,,1,1,0.77,-3.9,11.23,,26.29,0.0,22.0,,11.67,0.0,0.0,0.61,6.04,6.53,3.76
Dec,18,3,8427,,1,1,0.77,-1.1,11.29,,24.48,0.0,22.0,,9.84,0.0,0.0,0.61,6.04,6.53,3.76
Dec,18,4,8428,,1,1,0.77,-0.6,11.2,,24.61,0.0,22.0,,9.73,0.0,0.0,0.61,6.04,6.53,3.76
Dec,18,5,8429,,1,1,0.77,-1.1,11.05,,25.62,0.0,22.0,,10.3,0.0,0.0,0.61,6.04,6.53,3.76
Dec,18,6,8430,,1,1,0.77,-2.2,10.84,,27.21,0.0,22.0,,11.36,0.0,0.0,0.61,6.04,6.53,3.76
Dec,18,7,8431,,1,1,1.0,-3.3,9.93,,256.47,0.0,22.0,,111.37,0.0,14.7,0.8,7.88,6.53,4.91
Dec,18,8,8432,,1,1,1.0,1.1,10.57,,196.39,0.0,22.0,,74.16,0.0,14.7,0.8,7.88,6.53,4.91
Dec,18,9,8433,,1,1,1.0,5.0,11.21,,143.1,0.0,22.0,,49.52,0.0,14.7,0.8,7.88,6.53,4.91
Dec,18,10,8434,,1,1,1.0,9.4,12.14,,75.07,0.0,22.0,,23.6,0.0,14.7,0.8,7.88,6.53,4.91
Dec,18,11,8435,,1,1,1.0,12.8,13.04,,16.22,0.0,22.0,,4.75,0.0,14.7,0.8,7.88,6.53,4.91
Dec,18,12,8436,,1,1,1.0,16.1,13.99,,0.0,39.82,22.54,,0.0,6.98,14.7,0.8,7.88,6.53,4.91
Dec,18,13,8437,,1,1,1.0,17.2,14.71,,0.0,77.52,23.06,,0.0,13.98,14.7,0.8,7.88,6.53,4.91
Dec,18,14,8438,,1,1,1.0,17.2,15.26,,0.0,102.83,23.4,,0.0,18.55,14.7,0.8,7.88,6.53,4.91
Dec,18,15,8439,,1,1,1.0,17.8,15.78,,0.0,126.62,23.72,,0.0,23.21,14.7,0.8,7.88,6.53,4.91
Dec,18,16,8440,,1,1,1.0,16.1,15.89,,0.0,119.99,23.63,,0.0,21.03,14.7,0.8,7.88,6.53,4.91
Dec,18,17,8441,,1,1,1.0,10.6,15.28,,0.0,61.19,22.83,,0.0,9.38,14.7,0.8,7.88,6.53,4.91
Dec,18,18,8442,,1,1,1.0,7.2,14.87,,0.0,17.98,22.24,,0.0,2.56,14.7,0.8,7.88,6.53,4.91
Dec,18,19,8443,,1,1,1.0,6.7,14.77,,2.93,0.0,22.0,,0.98,0.0,14.7,0.8,7.88,6.53,4.91
Dec,18,20,8444,,1,1,1.0,2.8,14.22,,55.9,0.0,22.0,,20.3,0.0,14.7,0.8,7.88,6.53,4.91
Dec,18,21,8445,,1,1,1.0,2.8,14.09,,71.99,0.0,22.0,,26.14,0.0,14.7,0.8,7.88,6.53,4.91
Dec,18,22,8446,,1,1,0.77,4.4,14.46,,3.72,0.0,22.0,,1.3,0.0,0.0,0.61,6.04,6.53,3.76
Dec,18,23,8447,,1,1,0.77,2.8,14.25,,7.53,0.0,22.0,,2.73,0.0,0.0,0.61,6.04,6.53,3.76
Dec,18,24,8448,,1,1,0.77,1.7,14.06,,10.68,0.0,22.0,,3.98,0.0,0.0,0.61,6.04,6.53,3.76
Dec,19,1,8449,,1,1,0.77,1.1,13.88,,13.15,0.0,22.0,,4.97,0.0,0.0,0.61,6.04,6.53,3.76
Dec,19,2,8450,,1,1,0.77,1.7,13.8,,14.21,0.0,22.0,,5.29,0.0,0.0,0.61,6.04,6.53,3.76
Dec,19,3,8451,,1,1,0.77,3.9,13.87,,13.36,0.0,22.0,,4.73,0.0,0.0,0.61,6.04,6.53,3.76
Dec,19,4,8452,,1,1,0.77,-2.2,13.29,,20.54,0.0,22.0,,8.58,0.0,0.0,0.61,6.04,6.53,3.76
Dec,19,5,8453,,1,1,0.77,6.1,13.79,,13.55,0.0,22.0,,4.57,0.0,0.0,0.61,6.04,6.53,3.76
Dec,19,6,8454,,1,1,0.77,5.0,13.67,,15.13,0.0,22.0,,5.24,0.0,0.0,0.61,6.04,6.53,3.76
Dec,19,7,8455,,1,1,1.0,5.0,13.19,,151.02,0.0,22.0,,52.26,0.0,14.7,0.8,7.88,6.53,4.91
Dec,19,8,8456,,1,1,1.0,4.4,13.24,,142.29,0.0,22.0,,49.88,0.0,14.7,0.8,7.88,6.53,4.91
Dec,19,9,8457,,1,1,1.0,5.6,13.36,,130.26,0.0,22.0,,44.46,0.0,14.7,0.8,7.88,6.53,4.91
Dec,19,10,8458,,1,1,1.0,6.7,13.58,,111.68,0.0,22.0,,37.2,0.0,14.7,0.8,7.88,6.53,4.91
Dec,19,11,8459,,1,1,1.0,8.3,14.14,,70.8,0.0,22.0,,22.78,0.0,14.7,0.8,7.88,6.53,4.91
Dec,19,12,8460,,1,1,1.0,8.3,14.44,,53.05,0.0,22.0,,17.07,0.0,14.7,0.8,7.88,6.53,4.91
Dec,19,13,8461,,1,1,1.0,8.9,14.89,,26.73,0.0,22.0,,8.49,0.0,14.7,0.8,7.88,6.53,4.91
Dec,19,14,8462,,1,1,1.0,8.3,15.09,,20.93,0.0,22.0,,6.73,0.0,14.7,0.8,7.88,6.53,4.91
Dec,19,15,8463,,1,1,1.0,7.8,15.13,,27.28,0.0,22.0,,8.87,0.0,14.7,0.8,7.88,6.53,4.91
Dec,19,16,8464,,1,1,1.0,6.1,15.01,,44.85,0.0,22.0,,15.14,0.0,14.7,0.8,7.88,6.53,4.91
Dec,19,17,8465,,1,1,1.0,4.4,14.67,,76.29,0.0,22.0,,26.74,0.0,14.7,0.8,7.88,6.53,4.91
Dec,19,18,8466,,1,1,1.0,2.2,14.28,,107.46,0.0,22.0,,39.56,0.0,14.7,0.8,7.88,6.53,4.91
Dec,19,19,8467,,1,1,1.0,2.8,14.21,,112.0,0.0,22.0,,40.67,0.0,14.7,0.8,7.88,6.53,4.91
Dec,19,20,8468,,1,1,1.0,1.7,13.94,,130.85,0.0,22.0,,48.73,0.0,14.7,0.8,7.88,6.53,4.91
Dec,19,21,8469,,1,1,1.0,2.8,13.93,,128.41,0.0,22.0,,46.63,0.0,14.7,0.8,7.88,6.53,4.91
Dec,19,22,8470,,1,1,0.77,2.8,14.17,,13.9,0.0,22.0,,5.05,0.0,0.0,0.61,6.04,6.53,3.76
Dec,19,23,8471,,1,1,0.77,2.2,14.02,,15.68,0.0,22.0,,5.77,0.0,0.0,0.61,6.04,6.53,3.76
Dec,19,24,8472,,1,1,0.77,1.1,13.81,,17.87,0.0,22.0,,6.75,0.0,0.0,0.61,6.04,6.53,3.76
Dec,20,1,8473,,1,1,0.77,-0.6,13.55,,20.61,0.0,22.0,,8.15,0.0,0.0,0.61,6.04,6.53,3.76
Dec,20,2,8474,,1,1,0.77,-2.8,13.21,,23.88,0.0,22.0,,10.18,0.0,0.0,0.61,6.04,6.53,3.76
Dec,20,3,8475,,1,1,0.77,-5.0,12.84,,27.21,0.0,22.0,,12.6,0.0,0.0,0.61,6.04,6.53,3.76
Dec,20,4,8476,,1,1,0.77,-4.4,12.66,,27.76,0.0,22.0,,12.56,0.0,0.0,0.61,6.04,6.53,3.76
Dec,20,5,8477,,1,1,0.77,-4.4,12.45,,28.7,0.0,22.0,,12.98,0.0,0.0,0.61,6.04,6.53,3.76
Dec,20,6,8478,,1,1,0.77,-3.9,12.29,,29.01,0.0,22.0,,12.88,0.0,0.0,0.61,6.04,6.53,3.76
Dec,20,7,8479,,1,1,1.0,-3.3,11.38,,257.73,0.0,22.0,,111.92,0.0,14.7,0.8,7.88,6.53,4.91
Dec,20,8,8480,,1,1,1.0,-2.8,11.44,,237.5,0.0,22.0,,101.29,0.0,14.7,0.8,7.88,6.53,4.91
Dec,20,9,8481,,1,1,1.0,2.2,12.14,,172.9,0.0,22.0,,63.65,0.0,14.7,0.8,7.88,6.53,4.91
Dec,20,10,8482,,1,1,1.0,6.7,12.97,,106.38,0.0,22.0,,35.43,0.0,14.7,0.8,7.88,6.53,4.91
Dec,20,11,8483,,1,1,1.0,10.0,13.78,,48.52,0.0,22.0,,15.07,0.0,14.7,0.8,7.88,6.53,4.91
Dec,20,12,8484,,1,1,1.0,12.2,14.53,,1.27,0.0,22.0,,0.38,0.0,14.7,0.8,7.88,6.53,4.91
Dec,20,13,8485,,1,1,1.0,12.8,15.08,,0.0,25.63,22.35,,0.0,4.14,14.7,0.8,7.88,6.53,4.91
Dec,20,14,8486,,1,1,1.0,12.2,15.38,,0.0,34.36,22.47,,0.0,5.47,14.7,0.8,7.88,6.53,4.91
Dec,20,15,8487,,1,1,1.0,12.2,15.67,,0.0,43.14,22.59,,0.0,6.87,14.7,0.8,7.88,6.53,4.91
Dec,20,16,8488,,1,1,1.0,10.6,15.64,,0.0,28.68,22.39,,0.0,4.4,14.7,0.8,7.88,6.53,4.91
Dec,20,17,8489,,1,1,1.0,5.6,14.97,,32.77,0.0,22.0,,11.19,0.0,14.7,0.8,7.88,6.53,4.91
Dec,20,18,8490,,1,1,1.0,3.3,14.59,,68.63,0.0,22.0,,24.65,0.0,14.7,0.8,7.88,6.53,4.91
Dec,20,19,8491,,1,1,1.0,2.8,14.4,,86.8,0.0,22.0,,31.52,0.0,14.7,0.8,7.88,6.53,4.91
Dec,20,20,8492,,1,1,1.0,1.1,14.04,,114.7,0.0,22.0,,43.31,0.0,14.7,0.8,7.88,6.53,4.91
Dec,20,21,8493,,1,1,1.0,1.1,13.87,,125.88,0.0,22.0,,47.53,0.0,14.7,0.8,7.88,6.53,4.91
Dec,20,22,8494,,1,1,0.77,-0.6,14.02,,14.69,0.0,22.0,,5.81,0.0,0.0,0.61,6.04,6.53,3.76
Dec,20,23,8495,,1,1,0.77,-2.2,13.72,,18.15,0.0,22.0,,7.58,0.0,0.0,0.61,6.04,6.53,3.76
Dec,20,24,8496,,1,1,0.77,0.6,13.77,,17.06,0.0,22.0,,6.52,0.0,0.0,0.61,6.04,6.53,3.76
Dec,21,1,8497,,1,1,0.77,-1.1,13.49,,20.03,0.0,22.0,,8.05,0.0,0.0,0.61,6.04,6.53,3.76
Dec,21,2,8498,,1,1,0.77,-1.7,13.27,,21.87,0.0,22.0,,8.97,0.0,0.0,0.61,6.04,6.53,3.76
Dec,21,3,8499,,1,1,0.77,-1.7,13.1,,22.99,0.0,22.0,,9.43,0.0,0.0,0.61,6.04,6.53,3.76
Dec,21,4,8500,,1,1,0.77,-2.2,12.89,,24.47,0.0,22.0,,10.22,0.0,0.0,0.61,6.04,6.53,3.76
Dec,21,5,8501,,1,1,0.77,-2.2,12.72,,25.35,0.0,22.0,,10.58,0.0,0.0,0.61,6.04,6.53,3.76
Dec,21,6,8502,,1,1,0.77,-2.2,12.55,,26.12,0.0,22.0,,10.91,0.0,0.0,0.61,6.04,6.53,3.76
Dec,21,7,8503,,1,1,1.0,-2.8,11.59,,246.39,0.0,22.0,,105.08,0.0,14.7,0.8,7.88,6.53,4.91
Dec,21,8,8504,,1,1,1.0,0.6,12.04,,198.01,0.0,22.0,,75.66,0.0,14.7,0.8,7.88,6.53,4.91
Dec,21,9,8505,,1,1,1.0,3.9,12.62,,147.05,0.0,22.0,,52.11,0.0,14.7,0.8,7.88,6.53,4.91
Dec,21,10,8506,,1,1,1.0,8.3,13.47,,81.46,0.0,22.0,,26.21,0.0,14.7,0.8,7.88,6.53,4.91
Dec,21,11,8507,,1,1,1.0,12.2,14.38,,18.78,0.0,22.0,,5.57,0.0,14.7,0.8,7.88,6.53,4.91
Dec,21,12,8508,,1,1,1.0,15.0,15.24,,0.0,33.1,22.45,,0.0,5.64,14.7,0.8,7.88,6.53,4.91
Dec,21,13,8509,,1,1,1.0,16.1,15.93,,0.0,71.38,22.97,,0.0,12.51,14.7,0.8,7.88,6.53,4.91
Dec,21,14,8510,,1,1,1.0,15.6,16.34,,0.0,88.68,23.21,,0.0,15.34,14.7,0.8,7.88,6.53,4.91
Dec,21,15,8511,,1,1,1.0,15.6,16.73,,0.0,105.1,23.43,,0.0,18.18,14.7,0.8,7.88,6.53,4.91
Dec,21,16,8512,,1,1,1.0,14.4,16.84,,0.0,100.78,23.37,,0.0,16.91,14.7,0.8,7.88,6.53,4.91
Dec,21,17,8513,,1,1,1.0,9.4,16.22,,0.0,43.63,22.59,,0.0,6.51,14.7,0.8,7.88,6.53,4.91
Dec,21,18,8514,,1,1,1.0,6.1,15.78,,0.32,0.0,22.0,,0.11,0.0,14.7,0.8,7.88,6.53,4.91
Dec,21,19,8515,,1,1,1.0,4.4,15.47,,34.01,0.0,22.0,,11.92,0.0,14.7,0.8,7.88,6.53,4.91
Dec,21,20,8516,,1,1,1.0,3.9,15.28,,54.9,0.0,22.0,,19.46,0.0,14.7,0.8,7.88,6.53,4.91
Dec,21,21,8517,,1,1,1.0,3.3,15.07,,74.8,0.0,22.0,,26.86,0.0,14.7,0.8,7.88,6.53,4.91
Dec,21,22,8518,,1,1,0.77,2.2,15.24,,7.04,0.0,22.0,,2.59,0.0,0.0,0.61,6.04,6.53,3.76
Dec,21,23,8519,,1,1,0.77,2.2,15.11,,9.28,0.0,22.0,,3.42,0.0,0.0,0.61,6.04,6.53,3.76
Dec,21,24,8520,,1,1,0.77,2.8,15.02,,10.61,0.0,22.0,,3.85,0.0,0.0,0.61,6.04,6.53,3.76
Dec,22,1,8521,,1,1,0.77,2.2,14.85,,12.84,0.0,22.0,,4.73,0.0,0.0,0.61,6.04,6.53,3.76
Dec,22,2,8522,,1,1,0.77,1.7,14.69,,14.8,0.0,22.0,,5.51,0.0,0.0,0.61,6.04,6.53,3.76
Dec,22,3,8523,,1,1,0.77,2.2,14.59,,15.6,0.0,22.0,,5.74,0.0,0.0,0.61,6.04,6.53,3.76
Dec,22,4,8524,,1,1,0.77,2.2,14.47,,16.68,0.0,22.0,,6.14,0.0,0.0,0.61,6.04,6.53,3.76
Dec,22,5,8525,,1,1,0.77,1.1,14.26,,18.73,0.0,22.0,,7.07,0.0,0.0,0.61,6.04,6.53,3.76
Dec,22,6,8526,,1,1,0.77,-1.1,13.94,,21.87,0.0,22.0,,8.79,0.0,0.0,0.61,6.04,6.53,3.76
Dec,22,7,8527,,1,1,1.0,-1.1,13.03,,214.34,0.0,22.0,,86.16,0.0,14.7,0.8,7.88,6.53,4.91
Dec,22,8,8528,,1,1,1.0,0.0,13.17,,190.98,0.0,22.0,,74.02,0.0,14.7,0.8,7.88,6.53,4.91
Dec,22,9,8529,,1,1,1.0,4.4,13.81,,134.12,0.0,22.0,,47.01,0.0,14.7,0.8,7.88,6.53,4.91
Dec,22,10,8530,,1,1,1.0,7.2,14.48,,81.59,0.0,22.0,,26.88,0.0,14.7,0.8,7.88,6.53,4.91
Dec,22,11,8531,,1,1,1.0,10.0,15.22,,29.55,0.0,22.0,,9.18,0.0,14.7,0.8,7.88,6.53,4.91
Dec,22,12,8532,,1,1,1.0,11.1,15.81,,0.0,5.37,22.07,,0.0,0.83,14.7,0.8,7.88,6.53,4.91
Dec,22,13,8533,,1,1,1.0,12.2,16.41,,0.0,38.22,22.52,,0.0,6.08,14.7,0.8,7.88,6.53,4.91
Dec,22,14,8534,,1,1,1.0,12.2,16.8,,0.0,55.9,22.76,,0.0,8.9,14.7,0.8,7.88,6.53,4.91
Dec,22,15,8535,,1,1,1.0,12.2,17.09,,0.0,66.91,22.91,,0.0,10.65,14.7,0.8,7.88,6.53,4.91
Dec,22,16,8536,,1,1,1.0,11.7,17.19,,0.0,63.65,22.87,,0.0,10.01,14.7,0.8,7.88,6.53,4.91
Dec,22,17,8537,,1,1,1.0,8.3,16.71,,0.0,17.99,22.24,,0.0,2.62,14.7,0.8,7.88,6.53,4.91
Dec,22,18,8538,,1,1,1.0,2.8,15.94,,48.1,0.0,22.0,,17.47,0.0,14.7,0.8,7.88,6.53,4.91
Dec,22,19,8539,,1,1,1.0,1.7,15.63,,75.59,0.0,22.0,,28.15,0.0,14.7,0.8,7.88,6.53,4.91
Dec,22,20,8540,,1,1,1.0,-0.6,15.14,,112.63,0.0,22.0,,44.52,0.0,14.7,0.8,7.88,6.53,4.91
Dec,22,21,8541,,1,1,1.0,-1.1,14.84,,131.84,0.0,22.0,,53.0,0.0,14.7,0.8,7.88,6.53,4.91
Dec,22,22,8542,,1,1,0.77,-1.7,15.16,,13.77,0.0,22.0,,5.65,0.0,0.0,0.61,6.04,6.53,3.76
Dec,22,23,8543,,1,1,0.77,-0.6,15.04,,14.87,0.0,22.0,,5.88,0.0,0.0,0.61,6.04,6.53,3.76
Dec,22,24,8544,,1,1,0.77,-1.1,14.82,,17.2,0.0,22.0,,6.91,0.0,0.0,0.61,6.04,6.53,3.76
Dec,23,1,8545,,1,1,0.77,-1.7,14.58,,19.42,0.0,22.0,,7.97,0.0,0.0,0.61,6.04,6.53,3.76
Dec,23,2,8546,,1,1,0.77,-3.9,14.2,,23.1,0.0,22.0,,10.26,0.0,0.0,0.61,6.04,6.53,3.76
Dec,23,3,8547,,1,1,0.77,-1.1,14.2,,21.73,0.0,22.0,,8.74,0.0,0.0,0.61,6.04,6.53,3.76
Dec,23,4,8548,,1,1,0.77,-2.2,13.94,,23.85,0.0,22.0,,9.96,0.0,0.0,0.61,6.04,6.53,3.76
Dec,23,5,8549,,1,1,0.77,-3.9,13.6,,26.54,0.0,22.0,,11.78,0.0,0.0,0.61,6.04,6.53,3.76
Dec,23,6,8550,,1,1,0.77,-5.0,13.29,,28.64,0.0,22.0,,13.26,0.0,0.0,0.61,6.04,6.53,3.76
Dec,23,7,8551,,1,1,1.0,-3.9,12.31,,256.66,0.0,22.0,,113.95,0.0,14.7,0.8,7.88,6.53,4.91
Dec,23,8,8552,,1,1,1.0,-3.3,12.29,,240.53,0.0,22.0,,104.45,0.0,14.7,0.8,7.88,6.53,4.91
Dec,23,9,8553,,1,1,1.0,-0.6,12.45,,213.87,0.0,22.0,,84.55,0.0,14.7,0.8,7.88,6.53,4.91
Dec,23,10,8554,,1,1,1.0,2.2,12.72,,181.96,0.0,22.0,,66.99,0.0,14.7,0.8,7.88,6.53,4.91
Dec,23,11,8555,,1,1,1.0,3.9,12.94,,157.77,0.0,22.0,,55.91,0.0,14.7,0.8,7.88,6.53,4.91
Dec,23,12,8556,,1,1,1.0,5.6,13.21,,133.16,0.0,22.0,,45.45,0.0,14.7,0.8,7.88,6.53,4.91
Dec,23,13,8557,,1,1,1.0,7.2,13.49,,110.3,0.0,22.0,,36.34,0.0,14.7,0.8,7.88,6.53,4.91
Dec,23,14,8558,,1,1,1.0,7.8,13.65,,98.91,0.0,22.0,,32.17,0.0,14.7,0.8,7.88,6.53,4.91
Dec,23,15,8559,,1,1,1.0,7.8,13.71,,96.25,0.0,22.0,,31.3,0.0,14.7,0.8,7.88,6.53,4.91
Dec,23,16,8560,,1,1,1.0,6.1,13.51,,112.83,0.0,22.0,,38.08,0.0,14.7,0.8,7.88,6.53,4.91
Dec,23,17,8561,,1,1,1.0,4.4,13.24,,132.06,0.0,22.0,,46.29,0.0,14.7,0.8,7.88,6.53,4.91
Dec,23,18,8562,,1,1,1.0,1.7,12.83,,160.38,0.0,22.0,,59.72,0.0,14.7,0.8,7.88,6.53,4.91
Dec,23,19,8563,,1,1,1.0,0.6,12.56,,174.65,0.0,22.0,,66.73,0.0,14.7,0.8,7.88,6.53,4.91
Dec,23,20,8564,,1,1,1.0,1.1,12.48,,173.91,0.0,22.0,,65.67,0.0,14.7,0.8,7.88,6.53,4.91
Dec,23,21,8565,,1,1,1.0,0.6,12.29,,181.77,0.0,22.0,,69.45,0.0,14.7,0.8,7.88,6.53,4.91
Dec,23,22,8566,,1,1,0.77,1.1,12.58,,20.77,0.0,22.0,,7.84,0.0,0.0,0.61,6.04,6.53,3.76
Dec,23,23,8567,,1,1,0.77,1.7,12.53,,20.8,0.0,22.0,,7.75,0.0,0.0,0.61,6.04,6.53,3.76
Dec,23,24,8568,,1,1,0.77,6.7,12.85,,16.23,0.0,22.0,,5.41,0.0,0.0,0.61,6.04,6.53,3.76
Dec,24,1,8569,,1,1,0.77,6.7,12.84,,16.2,0.0,22.0,,5.4,0.0,0.0,0.61,6.04,6.53,3.76
Dec,24,2,8570,,1,1,0.77,6.7,12.83,,16.17,0.0,22.0,,5.39,0.0,0.0,0.61,6.04,6.53,3.76
Dec,24,3,8571,,1,1,0.77,3.9,12.6,,18.98,0.0,22.0,,6.73,0.0,0.0,0.61,6.04,6.53,3.76
Dec,24,4,8572,,1,1,0.77,-1.1,12.13,,24.28,0.0,22.0,,9.76,0.0,0.0,0.61,6.04,6.53,3.76
Dec,24,5,8573,,1,1,0.77,-1.1,11.99,,24.94,0.0,22.0,,10.03,0.0,0.0,0.61,6.04,6.53,3.76
Dec,24,6,8574,,1,1,0.77,-2.2,11.76,,26.63,0.0,22.0,,11.12,0.0,0.0,0.61,6.04,6.53,3.76
Dec,24,7,8575,,1,1,1.0,-2.2,10.93,,243.24,0.0,22.0,,101.55,0.0,14.7,0.8,7.88,6.53,4.91
Dec,24,8,8576,,1,1,1.0,-1.1,11.07,,219.56,0.0,22.0,,88.26,0.0,14.7,0.8,7.88,6.53,4.91
Dec,24,9,8577,,1,1,1.0,3.3,11.64,,167.91,0.0,22.0,,60.3,0.0,14.7,0.8,7.88,6.53,4.91
Dec,24,10,8578,,1,1,1.0,7.2,12.35,,111.8,0.0,22.0,,36.83,0.0,14.7,0.8,7.88,6.53,4.91
Dec,24,11,8579,,1,1,1.0,11.1,12.99,,66.82,0.0,22.0,,20.27,0.0,14.7,0.8,7.88,6.53,4.91
Dec,24,12,8580,,1,1,1.0,12.8,13.6,,29.11,0.0,22.0,,8.52,0.0,14.7,0.8,7.88,6.53,4.91
Dec,24,13,8581,,1,1,1.0,15.0,14.08,,4.74,0.0,22.0,,1.33,0.0,14.7,0.8,7.88,6.53,4.91
Dec,24,14,8582,,1,1,1.0,15.0,14.61,,0.0,20.47,22.28,,0.0,3.49,14.7,0.8,7.88,6.53,4.91
Dec,24,15,8583,,1,1,1.0,14.4,14.91,,0.0,28.51,22.39,,0.0,4.78,14.7,0.8,7.88,6.53,4.91
Dec,24,16,8584,,1,1,1.0,13.3,15.03,,0.0,24.46,22.33,,0.0,4.0,14.7,0.8,7.88,6.53,4.91
Dec,24,17,8585,,1,1,1.0,10.6,14.74,,10.51,0.0,22.0,,3.22,0.0,14.7,0.8,7.88,6.53,4.91
Dec,24,18,8586,,1,1,1.0,6.7,14.28,,55.52,0.0,22.0,,18.49,0.0,14.7,0.8,7.88,6.53,4.91
Dec,24,19,8587,,1,1,1.0,5.6,14.1,,75.02,0.0,22.0,,25.61,0.0,14.7,0.8,7.88,6.53,4.91
Dec,24,20,8588,,1,1,1.0,1.7,13.54,,120.2,0.0,22.0,,44.76,0.0,14.7,0.8,7.88,6.53,4.91
Dec,24,21,8589,,1,1,1.0,0.6,13.26,,139.91,0.0,22.0,,53.46,0.0,14.7,0.8,7.88,6.53,4.91
Dec,24,22,8590,,1,1,0.77,1.1,13.58,,14.43,0.0,22.0,,5.45,0.0,0.0,0.61,6.04,6.53,3.76
Dec,24,23,8591,,1,1,0.77,1.1,13.46,,15.92,0.0,22.0,,6.01,0.0,0.0,0.61,6.04,6.53,3.76
Dec,24,24,8592,,1,1,0.77,1.7,13.38,,16.6,0.0,22.0,,6.18,0.0,0.0,0.61,6.04,6.53,3.76
Dec,25,1,8593,,1,1,0.77,0.0,13.13,,19.38,0.0,22.0,,7.51,0.0,0.0,0.61,6.04,6.53,3.76
Dec,25,2,8594,,1,1,0.77,-0.6,12.95,,21.06,0.0,22.0,,8.33,0.0,0.0,0.61,6.04,6.53,3.76
Dec,25,3,8595,,1,1,0.77,-1.1,12.76,,22.55,0.0,22.0,,9.06,0.0,0.0,0.61,6.04,6.53,3.76
Dec,25,4,8596,,1,1,0.77,-2.2,12.52,,24.56,0.0,22.0,,10.25,0.0,0.0,0.61,6.04,6.53,3.76
Dec,25,5,8597,,1,1,0.77,-1.1,12.45,,24.31,0.0,22.0,,9.77,0.0,0.0,0.61,6.04,6.53,3.76
Dec,25,6,8598,,1,1,0.77,1.7,12.53,,22.13,0.0,22.0,,8.24,0.0,0.0,0.61,6.04,6.53,3.76
Dec,25,7,8599,,1,1,1.0,2.2,11.97,,197.13,0.0,22.0,,72.57,0.0,14.7,0.8,7.88,6.53,4.91
Dec,25,8,8600,,1,1,1.0,3.3,12.2,,171.64,0.0,22.0,,61.64,0.0,14.7,0.8,7.88,6.53,4.91
Dec,25,9,8601,,1,1,1.0,5.6,12.51,,142.85,0.0,22.0,,48.76,0.0,14.7,0.8,7.88,6.53,4.91
Dec,25,10,8602,,1,1,1.0,7.8,12.98,,106.39,0.0,22.0,,34.6,0.0,14.7,0.8,7.88,6.53,4.91
Dec,25,11,8603,,1,1,1.0,11.1,13.69,,55.73,0.0,22.0,,16.9,0.0,14.7,0.8,7.88,6.53,4.91
Dec,25,12,8604,,1,1,1.0,14.4,14.45,,7.21,0.0,22.0,,2.04,0.0,14.7,0.8,7.88,6.53,4.91
Dec,25,13,8605,,1,1,1.0,15.0,15.04,,0.0,23.17,22.32,,0.0,3.95,14.7,0.8,7.88,6.53,4.91
Dec,25,14,8606,,1,1,1.0,15.0,15.53,,0.0,46.58,22.63,,0.0,7.94,14.7,0.8,7.88,6.53,4.91
Dec,25,15,8607,,1,1,1.0,13.3,15.55,,0.0,34.85,22.47,,0.0,5.69,14.7,0.8,7.88,6.53,4.91
Dec,25,16,8608,,1,1,1.0,13.9,15.72,,0.0,34.82,22.47,,0.0,5.77,14.7,0.8,7.88,6.53,4.91
Dec,25,17,8609,,1,1,1.0,11.1,15.44,,0.0,2.68,22.04,,0.0,0.42,14.7,0.8,7.88,6.53,4.91
Dec,25,18,8610,,1,1,1.0,9.4,15.27,,22.15,0.0,22.0,,6.96,0.0,14.7,0.8,7.88,6.53,4.91
Dec,25,19,8611,,1,1,1.0,8.3,15.13,,41.33,0.0,22.0,,13.3,0.0,14.7,0.8,7.88,6.53,4.91
Dec,25,20,8612,,1,1,1.0,7.2,14.97,,59.88,0.0,22.0,,19.73,0.0,14.7,0.8,7.88,6.53,4.91
Dec,25,21,8613,,1,1,1.0,6.1,14.79,,77.89,0.0,22.0,,26.29,0.0,14.7,0.8,7.88,6.53,4.91
Dec,25,22,8614,,1,1,0.77,5.6,14.92,,7.81,0.0,22.0,,2.67,0.0,0.0,0.61,6.04,6.53,3.76
Dec,25,23,8615,,1,1,0.77,3.3,14.67,,11.5,0.0,22.0,,4.13,0.0,0.0,0.61,6.04,6.53,3.76
Dec,25,24,8616,,1,1,0.77,2.8,14.52,,13.39,0.0,22.0,,4.86,0.0,0.0,0.61,6.04,6.53,3.76
Dec,26,1,8617,,1,1,0.77,1.1,14.27,,16.36,0.0,22.0,,6.18,0.0,0.0,0.61,6.04,6.53,3.76
Dec,26,2,8618,,1,1,0.77,1.1,14.13,,17.59,0.0,22.0,,6.64,0.0,0.0,0.61,6.04,6.53,3.76
Dec,26,3,8619,,1,1,0.77,1.1,14.0,,18.65,0.0,22.0,,7.04,0.0,0.0,0.61,6.04,6.53,3.76
Dec,26,4,8620,,1,1,0.77,1.7,13.92,,18.96,0.0,22.0,,7.06,0.0,0.0,0.61,6.04,6.53,3.76
Dec,26,5,8621,,1,1,0.77,1.7,13.8,,19.7,0.0,22.0,,7.34,0.0,0.0,0.61,6.04,6.53,3.76
Dec,26,6,8622,,1,1,0.77,2.2,13.72,,19.84,0.0,22.0,,7.3,0.0,0.0,0.61,6.04,6.53,3.76
Dec,26,7,8623,,1,1,1.0,1.7,12.98,,192.75,0.0,22.0,,71.78,0.0,14.7,0.8,7.88,6.53,4.91
Dec,26,8,8624,,1,1,1.0,2.2,13.08,,176.1,0.0,22.0,,64.83,0.0,14.7,0.8,7.88,6.53,4.91
Dec,26,9,8625,,1,1,1.0,3.3,13.28,,153.47,0.0,22.0,,55.11,0.0,14.7,0.8,7.88,6.53,4.91
Dec,26,10,8626,,1,1,1.0,7.2,14.02,,93.8,0.0,22.0,,30.9,0.0,14.7,0.8,7.88,6.53,4.91
Dec,26,11,8627,,1,1,1.0,10.0,14.76,,40.86,0.0,22.0,,12.69,0.0,14.7,0.8,7.88,6.53,4.91
Dec,26,12,8628,,1,1,1.0,12.2,15.49,,0.0,4.89,22.07,,0.0,0.78,14.7,0.8,7.88,6.53,4.91
Dec,26,13,8629,,1,1,1.0,13.3,16.07,,0.0,35.82,22.49,,0.0,5.85,14.7,0.8,7.88,6.53,4.91
Dec,26,14,8630,,1,1,1.0,13.3,16.5,,0.0,55.88,22.76,,0.0,9.13,14.7,0.8,7.88,6.53,4.91
Dec,26,15,8631,,1,1,1.0,13.9,16.88,,0.0,72.96,22.99,,0.0,12.09,14.7,0.8,7.88,6.53,4.91
Dec,26,16,8632,,1,1,1.0,13.3,17.02,,0.0,72.28,22.98,,0.0,11.81,14.7,0.8,7.88,6.53,4.91
Dec,26,17,8633,,1,1,1.0,8.3,16.38,,0.0,14.08,22.19,,0.0,2.05,14.7,0.8,7.88,6.53,4.91
Dec,26,18,8634,,1,1,1.0,7.8,16.26,,4.83,0.0,22.0,,1.57,0.0,14.7,0.8,7.88,6.53,4.91
Dec,26,19,8635,,1,1,1.0,5.0,15.84,,45.22,0.0,22.0,,15.65,0.0,14.7,0.8,7.88,6.53,4.91
Dec,26,20,8636,,1,1,1.0,4.4,15.65,,64.45,0.0,22.0,,22.59,0.0,14.7,0.8,7.88,6.53,4.91
Dec,26,21,8637,,1,1,1.0,2.2,15.24,,97.22,0.0,22.0,,35.79,0.0,14.7,0.8,7.88,6.53,4.91
Dec,26,22,8638,,1,1,0.77,1.7,15.49,,9.48,0.0,22.0,,3.53,0.0,0.0,0.61,6.04,6.53,3.76
Dec,26,23,8639,,1,1,0.77,0.6,15.25,,12.62,0.0,22.0,,4.82,0.0,0.0,0.61,6.04,6.53,3.76
Dec,26,24,8640,,1,1,0.77,1.7,15.18,,13.36,0.0,22.0,,4.98,0.0,0.0,0.61,6.04,6.53,3.76
Dec,27,1,8641,,1,1,0.77,1.1,14.98,,15.46,0.0,22.0,,5.84,0.0,0.0,0.61,6.04,6.53,3.76
Dec,27,2,8642,,1,1,0.77,0.0,14.74,,17.93,0.0,22.0,,6.95,0.0,0.0,0.61,6.04,6.53,3.76
Dec,27,3,8643,,1,1,0.77,0.6,14.62,,18.59,0.0,22.0,,7.1,0.0,0.0,0.61,6.04,6.53,3.76
Dec,27,4,8644,,1,1,0.77,0.6,14.47,,19.63,0.0,22.0,,7.5,0.0,0.0,0.61,6.04,6.53,3.76
Dec,27,5,8645,,1,1,0.77,-0.6,14.22,,21.75,0.0,22.0,,8.6,0.0,0.0,0.61,6.04,6.53,3.76
Dec,27,6,8646,,1,1,0.77,-3.3,13.83,,25.37,0.0,22.0,,11.02,0.0,0.0,0.61,6.04,6.53,3.76
Dec,27,7,8647,,1,1,1.0,-4.4,12.64,,252.83,0.0,22.0,,114.38,0.0,14.7,0.8,7.88,6.53,4.91
Dec,27,8,8648,,1,1,1.0,-2.2,12.85,,219.93,0.0,22.0,,91.82,0.0,14.7,0.8,7.88,6.53,4.91
Dec,27,9,8649,,1,1,1.0,1.1,13.3,,173.46,0.0,22.0,,65.5,0.0,14.7,0.8,7.88,6.53,4.91
Dec,27,10,8650,,1,1,1.0,5.0,13.99,,115.02,0.0,22.0,,39.8,0.0,14.7,0.8,7.88,6.53,4.91
Dec,27,11,8651,,1,1,1.0,8.3,14.72,,60.05,0.0,22.0,,19.32,0.0,14.7,0.8,7.88,6.53,4.91
Dec,27,12,8652,,1,1,1.0,10.6,15.4,,15.46,0.0,22.0,,4.74,0.0,14.7,0.8,7.88,6.53,4.91
Dec,27,13,8653,,1,1,1.0,12.2,16.01,,0.0,19.58,22.27,,0.0,3.12,14.7,0.8,7.88,6.53,4.91
Dec,27,14,8654,,1,1,1.0,12.2,16.38,,0.0,35.53,22.48,,0.0,5.65,14.7,0.8,7.88,6.53,4.91
Dec,27,15,8655,,1,1,1.0,11.7,16.59,,0.0,40.59,22.55,,0.0,6.38,14.7,0.8,7.88,6.53,4.91
Dec,27,16,8656,,1,1,1.0,10.0,16.53,,0.0,24.87,22.34,,0.0,3.76,14.7,0.8,7.88,6.53,4.91
Dec,27,17,8657,,1,1,1.0,7.2,16.1,,17.07,0.0,22.0,,5.62,0.0,14.7,0.8,7.88,6.53,4.91
Dec,27,18,8658,,1,1,1.0,5.0,15.74,,51.25,0.0,22.0,,17.73,0.0,14.7,0.8,7.88,6.53,4.91
Dec,27,19,8659,,1,1,1.0,2.8,15.35,,84.73,0.0,22.0,,30.77,0.0,14.7,0.8,7.88,6.53,4.91
Dec,27,20,8660,,1,1,1.0,1.7,15.05,,107.27,0.0,22.0,,39.95,0.0,14.7,0.8,7.88,6.53,4.91
Dec,27,21,8661,,1,1,1.0,0.6,14.73,,128.73,0.0,22.0,,49.19,0.0,14.7,0.8,7.88,6.53,4.91
Dec,27,22,8662,,1,1,0.77,-2.2,14.81,,16.07,0.0,22.0,,6.71,0.0,0.0,0.61,6.04,6.53,3.76
Dec,27,23,8663,,1,1,0.77,-2.8,14.56,,18.7,0.0,22.0,,7.98,0.0,0.0,0.61,6.04,6.53,3.76
Dec,27,24,8664,,1,1,0.77,-3.3,14.3,,21.01,0.0,22.0,,9.12,0.0,0.0,0.61,6.04,6.53,3.76
Dec,28,1,8665,,1,1,0.77,-3.9,14.03,,23.22,0.0,22.0,,10.31,0.0,0.0,0.61,6.04,6.53,3.76
Dec,28,2,8666,,1,1,0.77,-4.4,13.76,,25.17,0.0,22.0,,11.39,0.0,0.0,0.61,6.04,6.53,3.76
Dec,28,3,8667,,1,1,0.77,-3.9,13.57,,25.95,0.0,22.0,,11.52,0.0,0.0,0.61,6.04,6.53,3.76
Dec,28,4,8668,,1,1,0.77,-4.4,13.32,,27.53,0.0,22.0,,12.45,0.0,0.0,0.61,6.04,6.53,3.76
Dec,28,5,8669,,1,1,0.77,-6.1,12.95,,30.23,0.0,22.0,,12.72,0.0,0.0,0.61,6.04,6.53,3.76
Dec,28,6,8670,,1,1,0.77,-5.0,12.8,,30.11,0.0,22.0,,13.94,0.0,0.0,0.61,6.04,6.53,3.76
Dec,28,7,8671,,1,1,1.0,-5.6,11.63,,279.88,0.0,22.0,,117.81,0.0,14.7,0.8,7.88,6.53,4.91
Dec,28,8,8672,,1,1,1.0,-3.3,11.9,,240.64,0.0,22.0,,104.5,0.0,14.7,0.8,7.88,6.53,4.91
Dec,28,9,8673,,1,1,1.0,1.1,12.55,,178.43,0.0,22.0,,67.38,0.0,14.7,0.8,7.88,6.53,4.91
Dec,28,10,8674,,1,1,1.0,5.0,13.24,,120.51,0.0,22.0,,41.7,0.0,14.7,0.8,7.88,6.53,4.91
Dec,28,11,8675,,1,1,1.0,7.2,13.87,,73.7,0.0,22.0,,24.28,0.0,14.7,0.8,7.88,6.53,4.91
Dec,28,12,8676,,1,1,1.0,10.0,14.59,,24.92,0.0,22.0,,7.74,0.0,14.7,0.8,7.88,6.53,4.91
Dec,28,13,8677,,1,1,1.0,10.6,15.07,,0.04,0.0,22.0,,0.01,0.0,14.7,0.8,7.88,6.53,4.91
Dec,28,14,8678,,1,1,1.0,10.6,15.4,,0.0,12.0,22.16,,0.0,1.84,14.7,0.8,7.88,6.53,4.91
Dec,28,15,8679,,1,1,1.0,10.6,15.66,,0.0,18.63,22.25,,0.0,2.86,14.7,0.8,7.88,6.53,4.91
Dec,28,16,8680,,1,1,1.0,8.9,15.57,,0.0,0.81,22.01,,0.0,0.12,14.7,0.8,7.88,6.53,4.91
Dec,28,17,8681,,1,1,1.0,5.6,15.08,,46.88,0.0,22.0,,16.0,0.0,14.7,0.8,7.88,6.53,4.91
Dec,28,18,8682,,1,1,1.0,1.7,14.5,,95.92,0.0,22.0,,35.72,0.0,14.7,0.8,7.88,6.53,4.91
Dec,28,19,8683,,1,1,1.0,0.0,14.11,,124.56,0.0,22.0,,48.28,0.0,14.7,0.8,7.88,6.53,4.91
Dec,28,20,8684,,1,1,1.0,1.1,14.06,,126.02,0.0,22.0,,47.59,0.0,14.7,0.8,7.88,6.53,4.91
Dec,28,21,8685,,1,1,1.0,-0.6,13.67,,151.67,0.0,22.0,,59.96,0.0,14.7,0.8,7.88,6.53,4.91
Dec,28,22,8686,,1,1,0.77,-1.1,13.95,,16.83,0.0,22.0,,6.77,0.0,0.0,0.61,6.04,6.53,3.76
Dec,28,23,8687,,1,1,0.77,-1.7,13.73,,19.11,0.0,22.0,,7.84,0.0,0.0,0.61,6.04,6.53,3.76
Dec,28,24,8688,,1,1,0.77,-2.2,13.51,,21.11,0.0,22.0,,8.81,0.0,0.0,0.61,6.04,6.53,3.76
Dec,29,1,8689,,1,1,0.77,-3.3,13.24,,23.56,0.0,22.0,,10.23,0.0,0.0,0.61,6.04,6.53,3.76
Dec,29,2,8690,,1,1,0.77,-2.8,13.08,,24.32,0.0,22.0,,10.37,0.0,0.0,0.61,6.04,6.53,3.76
Dec,29,3,8691,,1,1,0.77,-3.9,12.8,,26.47,0.0,22.0,,11.75,0.0,0.0,0.61,6.04,6.53,3.76
Dec,29,4,8692,,1,1,0.77,-5.0,12.5,,28.59,0.0,22.0,,13.24,0.0,0.0,0.61,6.04,6.53,3.76
Dec,29,5,8693,,1,1,0.77,-5.0,12.29,,29.55,0.0,22.0,,13.68,0.0,0.0,0.61,6.04,6.53,3.76
Dec,29,6,8694,,1,1,0.77,-5.0,12.07,,30.39,0.0,22.0,,14.07,0.0,0.0,0.61,6.04,6.53,3.76
Dec,29,7,8695,,1,1,1.0,-3.9,11.17,,265.27,0.0,22.0,,117.77,0.0,14.7,0.8,7.88,6.53,4.91
Dec,29,8,8696,,1,1,1.0,-3.9,11.1,,253.44,0.0,22.0,,112.52,0.0,14.7,0.8,7.88,6.53,4.91
Dec,29,9,8697,,1,1,1.0,1.1,11.56,,204.91,0.0,22.0,,77.38,0.0,14.7,0.8,7.88,6.53,4.91
Dec,29,10,8698,,1,1,1.0,3.3,11.87,,173.63,0.0,22.0,,62.35,0.0,14.7,0.8,7.88,6.53,4.91
Dec,29,11,8699,,1,1,1.0,4.4,12.2,,143.51,0.0,22.0,,50.3,0.0,14.7,0.8,7.88,6.53,4.91
Dec,29,12,8700,,1,1,1.0,6.7,12.53,,117.91,0.0,22.0,,39.27,0.0,14.7,0.8,7.88,6.53,4.91
Dec,29,13,8701,,1,1,1.0,5.6,12.46,,123.66,0.0,22.0,,42.21,0.0,14.7,0.8,7.88,6.53,4.91
Dec,29,14,8702,,1,1,1.0,4.4,12.36,,131.84,0.0,22.0,,46.21,0.0,14.7,0.8,7.88,6.53,4.91
Dec,29,15,8703,,1,1,1.0,5.0,12.59,,114.46,0.0,22.0,,39.61,0.0,14.7,0.8,7.88,6.53,4.91
Dec,29,16,8704,,1,1,1.0,4.4,12.51,,121.47,0.0,22.0,,42.58,0.0,14.7,0.8,7.88,6.53,4.91
Dec,29,17,8705,,1,1,1.0,3.3,12.29,,138.14,0.0,22.0,,49.61,0.0,14.7,0.8,7.88,6.53,4.91
Dec,29,18,8706,,1,1,1.0,3.3,12.22,,142.2,0.0,22.0,,51.07,0.0,14.7,0.8,7.88,6.53,4.91
Dec,29,19,8707,,1,1,1.0,3.9,12.22,,140.06,0.0,22.0,,49.63,0.0,14.7,0.8,7.88,6.53,4.91
Dec,29,20,8708,,1,1,1.0,3.3,12.09,,148.43,0.0,22.0,,53.3,0.0,14.7,0.8,7.88,6.53,4.91
Dec,29,21,8709,,1,1,1.0,2.8,11.96,,155.81,0.0,22.0,,56.58,0.0,14.7,0.8,7.88,6.53,4.91
Dec,29,22,8710,,1,1,0.77,0.6,11.97,,20.28,0.0,22.0,,7.75,0.0,0.0,0.61,6.04,6.53,3.76
Dec,29,23,8711,,1,1,0.77,0.6,11.86,,21.09,0.0,22.0,,8.06,0.0,0.0,0.61,6.04,6.53,3.76
Dec,29,24,8712,,1,1,0.77,0.0,11.71,,22.4,0.0,22.0,,8.68,0.0,0.0,0.61,6.04,6.53,3.76
Dec,30,1,8713,,1,1,0.77,0.0,11.6,,23.07,0.0,22.0,,8.94,0.0,0.0,0.61,6.04,6.53,3.76
Dec,30,2,8714,,1,1,0.77,-0.6,11.44,,24.25,0.0,22.0,,9.59,0.0,0.0,0.61,6.04,6.53,3.76
Dec,30,3,8715,,1,1,0.77,-1.1,11.29,,25.3,0.0,22.0,,10.17,0.0,0.0,0.61,6.04,6.53,3.76
Dec,30,4,8716,,1,1,0.77,-2.2,11.07,,26.94,0.0,22.0,,11.25,0.0,0.0,0.61,6.04,6.53,3.76
Dec,30,5,8717,,1,1,0.77,-3.9,10.79,,29.21,0.0,22.0,,12.97,0.0,0.0,0.61,6.04,6.53,3.76
Dec,30,6,8718,,1,1,0.77,-4.4,10.59,,30.35,0.0,22.0,,13.73,0.0,0.0,0.61,6.04,6.53,3.76
Dec,30,7,8719,,1,1,1.0,-4.4,9.68,,272.46,0.0,22.0,,123.26,0.0,14.7,0.8,7.88,6.53,4.91
Dec,30,8,8720,,1,1,1.0,-4.4,9.64,,260.94,0.0,22.0,,118.05,0.0,14.7,0.8,7.88,6.53,4.91
Dec,30,9,8721,,1,1,1.0,-4.4,9.46,,261.06,0.0,22.0,,118.11,0.0,14.7,0.8,7.88,6.53,4.91
Dec,30,10,8722,,1,1,1.0,-3.9,9.36,,255.14,0.0,22.0,,113.27,0.0,14.7,0.8,7.88,6.53,4.91
Dec,30,11,8723,,1,1,1.0,-3.3,9.31,,247.18,0.0,22.0,,107.34,0.0,14.7,0.8,7.88,6.53,4.91
Dec,30,12,8724,,1,1,1.0,-3.9,9.12,,250.02,0.0,22.0,,111.0,0.0,14.7,0.8,7.88,6.53,4.91
Dec,30,13,8725,,1,1,1.0,-3.9,9.0,,248.2,0.0,22.0,,110.19,0.0,14.7,0.8,7.88,6.53,4.91
Dec,30,14,8726,,1,1,1.0,-3.3,8.95,,241.89,0.0,22.0,,105.04,0.0,14.7,0.8,7.88,6.53,4.91
Dec,30,15,8727,,1,1,1.0,-3.9,8.74,,247.85,0.0,22.0,,110.04,0.0,14.7,0.8,7.88,6.53,4.91
Dec,30,16,8728,,1,1,1.0,-3.9,8.59,,249.35,0.0,22.0,,110.7,0.0,14.7,0.8,7.88,6.53,4.91
Dec,30,17,8729,,1,1,1.0,-3.9,8.42,,251.63,0.0,22.0,,111.72,0.0,14.7,0.8,7.88,6.53,4.91
Dec,30,18,8730,,1,1,1.0,-3.9,8.27,,253.24,0.0,22.0,,112.43,0.0,14.7,0.8,7.88,6.53,4.91
Dec,30,19,8731,,1,1,1.0,-4.4,8.05,,259.33,0.0,22.0,,117.32,0.0,14.7,0.8,7.88,6.53,4.91
Dec,30,20,8732,,1,1,1.0,-4.4,7.9,,260.8,0.0,22.0,,117.99,0.0,14.7,0.8,7.88,6.53,4.91
Dec,30,21,8733,,1,1,1.0,-5.0,7.67,,267.71,0.0,22.0,,123.94,0.0,14.7,0.8,7.88,6.53,4.91
Dec,30,22,8734,,1,1,0.77,-5.6,7.9,,33.11,0.0,22.0,,13.77,0.0,0.0,0.61,6.04,6.53,3.76
Dec,30,23,8735,,1,1,0.77,-6.1,7.72,,34.1,0.0,22.0,,14.35,0.0,0.0,0.61,6.04,6.53,3.76
Dec,30,24,8736,,1,1,0.77,-6.7,7.52,,35.18,0.0,22.0,,15.03,0.0,0.0,0.61,6.04,6.53,3.76
Dec,31,1,8737,,1,1,0.77,-7.2,7.32,,36.15,0.0,22.0,,15.63,0.0,0.0,0.61,6.04,6.53,3.76
Dec,31,2,8738,,1,1,0.77,-7.8,7.11,,37.2,0.0,22.0,,16.33,0.0,0.0,0.61,6.04,6.53,3.76
Dec,31,3,8739,,1,1,0.77,-8.9,6.85,,38.75,0.0,22.0,,17.5,0.0,0.0,0.61,6.04,6.53,3.76
Dec,31,4,8740,,1,1,0.77,-8.9,6.66,,39.23,0.0,22.0,,17.72,0.0,0.0,0.61,6.04,6.53,3.76
Dec,31,5,8741,,1,1,0.77,-9.4,6.44,,40.16,0.0,22.0,,18.38,0.0,0.0,0.61,6.04,6.53,3.76
Dec,31,6,8742,,1,1,0.77,-9.4,6.25,,40.56,0.0,22.0,,18.56,0.0,0.0,0.61,6.04,6.53,3.76
Dec,31,7,8743,,1,1,1.0,-9.4,5.3,,347.5,0.0,22.0,,169.65,0.0,14.7,0.8,7.88,6.53,4.91
Dec,31,8,8744,,1,1,1.0,-10.0,5.17,,340.06,0.0,22.0,,173.85,0.0,14.7,0.8,7.88,6.53,4.91
Dec,31,9,8745,,1,1,1.0,-8.9,5.18,,323.74,0.0,22.0,,166.14,0.0,14.7,0.8,7.88,6.53,4.91
Dec,31,10,8746,,1,1,1.0,-8.3,5.28,,302.63,0.0,22.0,,159.57,0.0,14.7,0.8,7.88,6.53,4.91
Dec,31,11,8747,,1,1,1.0,-9.4,5.35,,286.07,0.0,22.0,,150.72,0.0,14.7,0.8,7.88,6.53,4.91
Dec,31,12,8748,,1,1,1.0,-8.3,5.6,,258.89,0.0,22.0,,115.83,0.0,14.7,0.8,7.88,6.53,4.91
Dec,31,13,8749,,1,1,1.0,-8.3,5.55,,257.29,0.0,22.0,,114.42,0.0,14.7,0.8,7.88,6.53,4.91
Dec,31,14,8750,,1,1,1.0,-8.3,5.71,,240.13,0.0,22.0,,106.79,0.0,14.7,0.8,7.88,6.53,4.91
Dec,31,15,8751,,1,1,1.0,-9.4,5.44,,256.9,0.0,22.0,,121.55,0.0,14.7,0.8,7.88,6.53,4.91
Dec,31,16,8752,,1,1,1.0,-10.0,5.2,,269.35,0.0,22.0,,138.2,0.0,14.7,0.8,7.88,6.53,4.91
Dec,31,17,8753,,1,1,1.0,-10.6,4.87,,287.15,0.0,22.0,,143.37,0.0,14.7,0.8,7.88,6.53,4.91
Dec,31,18,8754,,1,1,1.0,-12.8,4.36,,316.67,0.0,22.0,,175.55,0.0,14.7,0.8,7.88,6.53,4.91
Dec,31,19,8755,,1,1,1.0,-13.9,3.94,,335.79,0.0,22.0,,182.68,0.0,14.7,0.8,7.88,6.53,4.91
Dec,31,20,8756,,1,1,1.0,-13.3,3.73,,338.29,0.0,22.0,,178.79,0.0,14.7,0.8,7.88,6.53,4.91
Dec,31,21,8757,,1,1,1.0,-15.0,3.24,,361.03,0.0,22.0,,189.79,0.0,14.7,0.8,7.88,6.53,4.91
Dec,31,22,8758,,1,1,0.77,-16.1,3.58,,44.53,0.0,22.0,,21.65,0.0,0.0,0.61,6.04,6.53,3.76
Dec,31,23,8759,,1,1,0.77,-18.3,3.14,,48.1,0.0,22.0,,24.65,0.0,0.0,0.61,6.04,6.53,3.76
Dec,31,24,8760,,1,1,0.77,-19.4,2.76,,50.57,0.0,22.0,,26.63,0.0,0.0,0.61,6.04,6.53,3.76
